filename,category,filepath
IMG-20260813-WA0638.jpg,Addresses_Locations,C:\Users\Priyanka\OneDrive\Desktop\Smart_Screenshot_Search_Engine\Addresses_Locations\IMG-20260813-WA0638.jpg
IMG-20260813-WA0640.jpg,Addresses_Locations,C:\Users\Priyanka\OneDrive\Desktop\Smart_Screenshot_Search_Engine\Addresses_Locations\IMG-20260813-WA0640.jpg
IMG-20260813-WA0645.jpg,Addresses_Locations,C:\Users\Priyanka\OneDrive\Desktop\Smart_Screenshot_Search_Engine\Addresses_Locations\IMG-20260813-WA0645.jpg
IMG-20260813-WA0648.jpg,Addresses_Locations,C:\Users\Priyanka\OneDrive\Desktop\Smart_Screenshot_Search_Engine\Addresses_Locations\IMG-20260813-WA0648.jpg
IMG-20260813-WA0653.jpg,Addresses_Locations,C:\Users\Priyanka\OneDrive\Desktop\Smart_Screenshot_Search_Engine\Addresses_Locations\IMG-20260813-WA0653.jpg
IMG-20260813-WA0822.jpg,Addresses_Locations,C:\Users\Priyanka\OneDrive\Desktop\Smart_Screenshot_Search_Engine\Addresses_Locations\IMG-20260813-WA0822.jpg
IMG-20260813-WA0824.jpg,Addresses_Locations,C:\Users\Priyanka\OneDrive\Desktop\Smart_Screenshot_Search_Engine\Addresses_Locations\IMG-20260813-WA0824.jpg
IMG-20260813-WA0825.jpg,Addresses_Locations,C:\Users\Priyanka\OneDrive\Desktop\Smart_Screenshot_Search_Engine\Addresses_Locations\IMG-20260813-WA0825.jpg
IMG-20260813-WA0884.jpg,Addresses_Locations,C:\Users\Priyanka\OneDrive\Desktop\Smart_Screenshot_Search_Engine\Addresses_Locations\IMG-20260813-WA0884.jpg
IMG-20260813-WA0885.jpg,Addresses_Locations,C:\Users\Priyanka\OneDrive\Desktop\Smart_Screenshot_Search_Engine\Addresses_Locations\IMG-20260813-WA0885.jpg
IMG-20260813-WA0887.jpg,Addresses_Locations,C:\Users\Priyanka\OneDrive\Desktop\Smart_Screenshot_Search_Engine\Addresses_Locations\IMG-20260813-WA0887.jpg
IMG-20260813-WA1257.jpg,Addresses_Locations,C:\Users\Priyanka\OneDrive\Desktop\Smart_Screenshot_Search_Engine\Addresses_Locations\IMG-20260813-WA1257.jpg
IMG-20260813-WA1258.jpg,Addresses_Locations,C:\Users\Priyanka\OneDrive\Desktop\Smart_Screenshot_Search_Engine\Addresses_Locations\IMG-20260813-WA1258.jpg
IMG-20260813-WA1259.jpg,Addresses_Locations,C:\Users\Priyanka\OneDrive\Desktop\Smart_Screenshot_Search_Engine\Addresses_Locations\IMG-20260813-WA1259.jpg
IMG-20260813-WA1260.jpg,Addresses_Locations,C:\Users\Priyanka\OneDrive\Desktop\Smart_Screenshot_Search_Engine\Addresses_Locations\IMG-20260813-WA1260.jpg
IMG-20260813-WA1261.jpg,Addresses_Locations,C:\Users\Priyanka\OneDrive\Desktop\Smart_Screenshot_Search_Engine\Addresses_Locations\IMG-20260813-WA1261.jpg
IMG-20260813-WA1262.jpg,Addresses_Locations,C:\Users\Priyanka\OneDrive\Desktop\Smart_Screenshot_Search_Engine\Addresses_Locations\IMG-20260813-WA1262.jpg
IMG-20260813-WA1263.jpg,Addresses_Locations,C:\Users\Priyanka\OneDrive\Desktop\Smart_Screenshot_Search_Engine\Addresses_Locations\IMG-20260813-WA1263.jpg
IMG-20260813-WA1264.jpg,Addresses_Locations,C:\Users\Priyanka\OneDrive\Desktop\Smart_Screenshot_Search_Engine\Addresses_Locations\IMG-20260813-WA1264.jpg
IMG-20260813-WA1265.jpg,Addresses_Locations,C:\Users\Priyanka\OneDrive\Desktop\Smart_Screenshot_Search_Engine\Addresses_Locations\IMG-20260813-WA1265.jpg
IMG-20260813-WA1266.jpg,Addresses_Locations,C:\Users\Priyanka\OneDrive\Desktop\Smart_Screenshot_Search_Engine\Addresses_Locations\IMG-20260813-WA1266.jpg
IMG-20260813-WA1267.jpg,Addresses_Locations,C:\Users\Priyanka\OneDrive\Desktop\Smart_Screenshot_Search_Engine\Addresses_Locations\IMG-20260813-WA1267.jpg
IMG-20260813-WA1268.jpg,Addresses_Locations,C:\Users\Priyanka\OneDrive\Desktop\Smart_Screenshot_Search_Engine\Addresses_Locations\IMG-20260813-WA1268.jpg
IMG-20260813-WA1270.jpg,Addresses_Locations,C:\Users\Priyanka\OneDrive\Desktop\Smart_Screenshot_Search_Engine\Addresses_Locations\IMG-20260813-WA1270.jpg
IMG-20260813-WA1271.jpg,Addresses_Locations,C:\Users\Priyanka\OneDrive\Desktop\Smart_Screenshot_Search_Engine\Addresses_Locations\IMG-20260813-WA1271.jpg
IMG-20260813-WA1272.jpg,Addresses_Locations,C:\Users\Priyanka\OneDrive\Desktop\Smart_Screenshot_Search_Engine\Addresses_Locations\IMG-20260813-WA1272.jpg
IMG-20260813-WA1273.jpg,Addresses_Locations,C:\Users\Priyanka\OneDrive\Desktop\Smart_Screenshot_Search_Engine\Addresses_Locations\IMG-20260813-WA1273.jpg
IMG-20260813-WA1274.jpg,Addresses_Locations,C:\Users\Priyanka\OneDrive\Desktop\Smart_Screenshot_Search_Engine\Addresses_Locations\IMG-20260813-WA1274.jpg
IMG-20260813-WA1275.jpg,Addresses_Locations,C:\Users\Priyanka\OneDrive\Desktop\Smart_Screenshot_Search_Engine\Addresses_Locations\IMG-20260813-WA1275.jpg
IMG-20260813-WA1276.jpg,Addresses_Locations,C:\Users\Priyanka\OneDrive\Desktop\Smart_Screenshot_Search_Engine\Addresses_Locations\IMG-20260813-WA1276.jpg
IMG-20260813-WA1277.jpg,Addresses_Locations,C:\Users\Priyanka\OneDrive\Desktop\Smart_Screenshot_Search_Engine\Addresses_Locations\IMG-20260813-WA1277.jpg
IMG-20260813-WA1278.jpg,Addresses_Locations,C:\Users\Priyanka\OneDrive\Desktop\Smart_Screenshot_Search_Engine\Addresses_Locations\IMG-20260813-WA1278.jpg
IMG-20260813-WA1279.jpg,Addresses_Locations,C:\Users\Priyanka\OneDrive\Desktop\Smart_Screenshot_Search_Engine\Addresses_Locations\IMG-20260813-WA1279.jpg
IMG-20260813-WA1280.jpg,Addresses_Locations,C:\Users\Priyanka\OneDrive\Desktop\Smart_Screenshot_Search_Engine\Addresses_Locations\IMG-20260813-WA1280.jpg
IMG-20260813-WA1281.jpg,Addresses_Locations,C:\Users\Priyanka\OneDrive\Desktop\Smart_Screenshot_Search_Engine\Addresses_Locations\IMG-20260813-WA1281.jpg
IMG-20260813-WA1282.jpg,Addresses_Locations,C:\Users\Priyanka\OneDrive\Desktop\Smart_Screenshot_Search_Engine\Addresses_Locations\IMG-20260813-WA1282.jpg
IMG-20260813-WA1284.jpg,Addresses_Locations,C:\Users\Priyanka\OneDrive\Desktop\Smart_Screenshot_Search_Engine\Addresses_Locations\IMG-20260813-WA1284.jpg
IMG-20260813-WA1285.jpg,Addresses_Locations,C:\Users\Priyanka\OneDrive\Desktop\Smart_Screenshot_Search_Engine\Addresses_Locations\IMG-20260813-WA1285.jpg
IMG-20260813-WA1286.jpg,Addresses_Locations,C:\Users\Priyanka\OneDrive\Desktop\Smart_Screenshot_Search_Engine\Addresses_Locations\IMG-20260813-WA1286.jpg
IMG-20260813-WA1287.jpg,Addresses_Locations,C:\Users\Priyanka\OneDrive\Desktop\Smart_Screenshot_Search_Engine\Addresses_Locations\IMG-20260813-WA1287.jpg
IMG-20260813-WA1288.jpg,Addresses_Locations,C:\Users\Priyanka\OneDrive\Desktop\Smart_Screenshot_Search_Engine\Addresses_Locations\IMG-20260813-WA1288.jpg
IMG-20260813-WA1289.jpg,Addresses_Locations,C:\Users\Priyanka\OneDrive\Desktop\Smart_Screenshot_Search_Engine\Addresses_Locations\IMG-20260813-WA1289.jpg
IMG-20260813-WA1290.jpg,Addresses_Locations,C:\Users\Priyanka\OneDrive\Desktop\Smart_Screenshot_Search_Engine\Addresses_Locations\IMG-20260813-WA1290.jpg
IMG-20260813-WA1291.jpg,Addresses_Locations,C:\Users\Priyanka\OneDrive\Desktop\Smart_Screenshot_Search_Engine\Addresses_Locations\IMG-20260813-WA1291.jpg
IMG-20260813-WA1292.jpg,Addresses_Locations,C:\Users\Priyanka\OneDrive\Desktop\Smart_Screenshot_Search_Engine\Addresses_Locations\IMG-20260813-WA1292.jpg
IMG-20260813-WA1293.jpg,Addresses_Locations,C:\Users\Priyanka\OneDrive\Desktop\Smart_Screenshot_Search_Engine\Addresses_Locations\IMG-20260813-WA1293.jpg
IMG-20260813-WA1294.jpg,Addresses_Locations,C:\Users\Priyanka\OneDrive\Desktop\Smart_Screenshot_Search_Engine\Addresses_Locations\IMG-20260813-WA1294.jpg
IMG-20260813-WA1295.jpg,Addresses_Locations,C:\Users\Priyanka\OneDrive\Desktop\Smart_Screenshot_Search_Engine\Addresses_Locations\IMG-20260813-WA1295.jpg
IMG-20260813-WA1296.jpg,Addresses_Locations,C:\Users\Priyanka\OneDrive\Desktop\Smart_Screenshot_Search_Engine\Addresses_Locations\IMG-20260813-WA1296.jpg
IMG-20260813-WA1297.jpg,Addresses_Locations,C:\Users\Priyanka\OneDrive\Desktop\Smart_Screenshot_Search_Engine\Addresses_Locations\IMG-20260813-WA1297.jpg
IMG-20260813-WA1298.jpg,Addresses_Locations,C:\Users\Priyanka\OneDrive\Desktop\Smart_Screenshot_Search_Engine\Addresses_Locations\IMG-20260813-WA1298.jpg
IMG-20260813-WA1299.jpg,Addresses_Locations,C:\Users\Priyanka\OneDrive\Desktop\Smart_Screenshot_Search_Engine\Addresses_Locations\IMG-20260813-WA1299.jpg
IMG-20260813-WA1300.jpg,Addresses_Locations,C:\Users\Priyanka\OneDrive\Desktop\Smart_Screenshot_Search_Engine\Addresses_Locations\IMG-20260813-WA1300.jpg
IMG-20260813-WA1301.jpg,Addresses_Locations,C:\Users\Priyanka\OneDrive\Desktop\Smart_Screenshot_Search_Engine\Addresses_Locations\IMG-20260813-WA1301.jpg
IMG-20260813-WA1302.jpg,Addresses_Locations,C:\Users\Priyanka\OneDrive\Desktop\Smart_Screenshot_Search_Engine\Addresses_Locations\IMG-20260813-WA1302.jpg
IMG-20260813-WA1303.jpg,Addresses_Locations,C:\Users\Priyanka\OneDrive\Desktop\Smart_Screenshot_Search_Engine\Addresses_Locations\IMG-20260813-WA1303.jpg
IMG-20260813-WA1304.jpg,Addresses_Locations,C:\Users\Priyanka\OneDrive\Desktop\Smart_Screenshot_Search_Engine\Addresses_Locations\IMG-20260813-WA1304.jpg
IMG-20260813-WA1305.jpg,Addresses_Locations,C:\Users\Priyanka\OneDrive\Desktop\Smart_Screenshot_Search_Engine\Addresses_Locations\IMG-20260813-WA1305.jpg
IMG-20260813-WA1306.jpg,Addresses_Locations,C:\Users\Priyanka\OneDrive\Desktop\Smart_Screenshot_Search_Engine\Addresses_Locations\IMG-20260813-WA1306.jpg
IMG-20260813-WA1307.jpg,Addresses_Locations,C:\Users\Priyanka\OneDrive\Desktop\Smart_Screenshot_Search_Engine\Addresses_Locations\IMG-20260813-WA1307.jpg
IMG-20260813-WA1308.jpg,Addresses_Locations,C:\Users\Priyanka\OneDrive\Desktop\Smart_Screenshot_Search_Engine\Addresses_Locations\IMG-20260813-WA1308.jpg
IMG-20260813-WA1309.jpg,Addresses_Locations,C:\Users\Priyanka\OneDrive\Desktop\Smart_Screenshot_Search_Engine\Addresses_Locations\IMG-20260813-WA1309.jpg
IMG-20260813-WA1310.jpg,Addresses_Locations,C:\Users\Priyanka\OneDrive\Desktop\Smart_Screenshot_Search_Engine\Addresses_Locations\IMG-20260813-WA1310.jpg
IMG-20260813-WA1311.jpg,Addresses_Locations,C:\Users\Priyanka\OneDrive\Desktop\Smart_Screenshot_Search_Engine\Addresses_Locations\IMG-20260813-WA1311.jpg
IMG-20260813-WA1312.jpg,Addresses_Locations,C:\Users\Priyanka\OneDrive\Desktop\Smart_Screenshot_Search_Engine\Addresses_Locations\IMG-20260813-WA1312.jpg
IMG-20260813-WA1313.jpg,Addresses_Locations,C:\Users\Priyanka\OneDrive\Desktop\Smart_Screenshot_Search_Engine\Addresses_Locations\IMG-20260813-WA1313.jpg
IMG-20260813-WA1314.jpg,Addresses_Locations,C:\Users\Priyanka\OneDrive\Desktop\Smart_Screenshot_Search_Engine\Addresses_Locations\IMG-20260813-WA1314.jpg
IMG-20260813-WA1315.jpg,Addresses_Locations,C:\Users\Priyanka\OneDrive\Desktop\Smart_Screenshot_Search_Engine\Addresses_Locations\IMG-20260813-WA1315.jpg
IMG-20260813-WA1316.jpg,Addresses_Locations,C:\Users\Priyanka\OneDrive\Desktop\Smart_Screenshot_Search_Engine\Addresses_Locations\IMG-20260813-WA1316.jpg
IMG-20260813-WA1317.jpg,Addresses_Locations,C:\Users\Priyanka\OneDrive\Desktop\Smart_Screenshot_Search_Engine\Addresses_Locations\IMG-20260813-WA1317.jpg
IMG-20260813-WA1318.jpg,Addresses_Locations,C:\Users\Priyanka\OneDrive\Desktop\Smart_Screenshot_Search_Engine\Addresses_Locations\IMG-20260813-WA1318.jpg
IMG-20260813-WA1319.jpg,Addresses_Locations,C:\Users\Priyanka\OneDrive\Desktop\Smart_Screenshot_Search_Engine\Addresses_Locations\IMG-20260813-WA1319.jpg
IMG-20260813-WA1320.jpg,Addresses_Locations,C:\Users\Priyanka\OneDrive\Desktop\Smart_Screenshot_Search_Engine\Addresses_Locations\IMG-20260813-WA1320.jpg
IMG-20260813-WA1321.jpg,Addresses_Locations,C:\Users\Priyanka\OneDrive\Desktop\Smart_Screenshot_Search_Engine\Addresses_Locations\IMG-20260813-WA1321.jpg
IMG-20260813-WA1322.jpg,Addresses_Locations,C:\Users\Priyanka\OneDrive\Desktop\Smart_Screenshot_Search_Engine\Addresses_Locations\IMG-20260813-WA1322.jpg
IMG-20260813-WA1323.jpg,Addresses_Locations,C:\Users\Priyanka\OneDrive\Desktop\Smart_Screenshot_Search_Engine\Addresses_Locations\IMG-20260813-WA1323.jpg
IMG-20260813-WA1324.jpg,Addresses_Locations,C:\Users\Priyanka\OneDrive\Desktop\Smart_Screenshot_Search_Engine\Addresses_Locations\IMG-20260813-WA1324.jpg
IMG-20260813-WA1325.jpg,Addresses_Locations,C:\Users\Priyanka\OneDrive\Desktop\Smart_Screenshot_Search_Engine\Addresses_Locations\IMG-20260813-WA1325.jpg
IMG-20260813-WA1326.jpg,Addresses_Locations,C:\Users\Priyanka\OneDrive\Desktop\Smart_Screenshot_Search_Engine\Addresses_Locations\IMG-20260813-WA1326.jpg
IMG-20260813-WA1327.jpg,Addresses_Locations,C:\Users\Priyanka\OneDrive\Desktop\Smart_Screenshot_Search_Engine\Addresses_Locations\IMG-20260813-WA1327.jpg
IMG-20260813-WA1328.jpg,Addresses_Locations,C:\Users\Priyanka\OneDrive\Desktop\Smart_Screenshot_Search_Engine\Addresses_Locations\IMG-20260813-WA1328.jpg
IMG-20260813-WA1329.jpg,Addresses_Locations,C:\Users\Priyanka\OneDrive\Desktop\Smart_Screenshot_Search_Engine\Addresses_Locations\IMG-20260813-WA1329.jpg
IMG-20260813-WA1330.jpg,Addresses_Locations,C:\Users\Priyanka\OneDrive\Desktop\Smart_Screenshot_Search_Engine\Addresses_Locations\IMG-20260813-WA1330.jpg
IMG-20260813-WA1331.jpg,Addresses_Locations,C:\Users\Priyanka\OneDrive\Desktop\Smart_Screenshot_Search_Engine\Addresses_Locations\IMG-20260813-WA1331.jpg
IMG-20260813-WA1332.jpg,Addresses_Locations,C:\Users\Priyanka\OneDrive\Desktop\Smart_Screenshot_Search_Engine\Addresses_Locations\IMG-20260813-WA1332.jpg
IMG-20260813-WA1333.jpg,Addresses_Locations,C:\Users\Priyanka\OneDrive\Desktop\Smart_Screenshot_Search_Engine\Addresses_Locations\IMG-20260813-WA1333.jpg
IMG-20260813-WA1334.jpg,Addresses_Locations,C:\Users\Priyanka\OneDrive\Desktop\Smart_Screenshot_Search_Engine\Addresses_Locations\IMG-20260813-WA1334.jpg
IMG-20260813-WA1335.jpg,Addresses_Locations,C:\Users\Priyanka\OneDrive\Desktop\Smart_Screenshot_Search_Engine\Addresses_Locations\IMG-20260813-WA1335.jpg
IMG-20260813-WA1336.jpg,Addresses_Locations,C:\Users\Priyanka\OneDrive\Desktop\Smart_Screenshot_Search_Engine\Addresses_Locations\IMG-20260813-WA1336.jpg
IMG-20260813-WA1337.jpg,Addresses_Locations,C:\Users\Priyanka\OneDrive\Desktop\Smart_Screenshot_Search_Engine\Addresses_Locations\IMG-20260813-WA1337.jpg
IMG-20260813-WA1338.jpg,Addresses_Locations,C:\Users\Priyanka\OneDrive\Desktop\Smart_Screenshot_Search_Engine\Addresses_Locations\IMG-20260813-WA1338.jpg
IMG-20260813-WA1339.jpg,Addresses_Locations,C:\Users\Priyanka\OneDrive\Desktop\Smart_Screenshot_Search_Engine\Addresses_Locations\IMG-20260813-WA1339.jpg
IMG-20260813-WA1340.jpg,Addresses_Locations,C:\Users\Priyanka\OneDrive\Desktop\Smart_Screenshot_Search_Engine\Addresses_Locations\IMG-20260813-WA1340.jpg
IMG-20260813-WA1341.jpg,Addresses_Locations,C:\Users\Priyanka\OneDrive\Desktop\Smart_Screenshot_Search_Engine\Addresses_Locations\IMG-20260813-WA1341.jpg
IMG-20260813-WA1342.jpg,Addresses_Locations,C:\Users\Priyanka\OneDrive\Desktop\Smart_Screenshot_Search_Engine\Addresses_Locations\IMG-20260813-WA1342.jpg
IMG-20260813-WA1343.jpg,Addresses_Locations,C:\Users\Priyanka\OneDrive\Desktop\Smart_Screenshot_Search_Engine\Addresses_Locations\IMG-20260813-WA1343.jpg
IMG-20260813-WA1344.jpg,Addresses_Locations,C:\Users\Priyanka\OneDrive\Desktop\Smart_Screenshot_Search_Engine\Addresses_Locations\IMG-20260813-WA1344.jpg
IMG-20260813-WA1345.jpg,Addresses_Locations,C:\Users\Priyanka\OneDrive\Desktop\Smart_Screenshot_Search_Engine\Addresses_Locations\IMG-20260813-WA1345.jpg
IMG-20260813-WA1346.jpg,Addresses_Locations,C:\Users\Priyanka\OneDrive\Desktop\Smart_Screenshot_Search_Engine\Addresses_Locations\IMG-20260813-WA1346.jpg
IMG-20260813-WA1347.jpg,Addresses_Locations,C:\Users\Priyanka\OneDrive\Desktop\Smart_Screenshot_Search_Engine\Addresses_Locations\IMG-20260813-WA1347.jpg
IMG-20260813-WA1348.jpg,Addresses_Locations,C:\Users\Priyanka\OneDrive\Desktop\Smart_Screenshot_Search_Engine\Addresses_Locations\IMG-20260813-WA1348.jpg
IMG-20260813-WA1349.jpg,Addresses_Locations,C:\Users\Priyanka\OneDrive\Desktop\Smart_Screenshot_Search_Engine\Addresses_Locations\IMG-20260813-WA1349.jpg
IMG-20260813-WA1350.jpg,Addresses_Locations,C:\Users\Priyanka\OneDrive\Desktop\Smart_Screenshot_Search_Engine\Addresses_Locations\IMG-20260813-WA1350.jpg
IMG-20260813-WA1351.jpg,Addresses_Locations,C:\Users\Priyanka\OneDrive\Desktop\Smart_Screenshot_Search_Engine\Addresses_Locations\IMG-20260813-WA1351.jpg
IMG-20260813-WA1352.jpg,Addresses_Locations,C:\Users\Priyanka\OneDrive\Desktop\Smart_Screenshot_Search_Engine\Addresses_Locations\IMG-20260813-WA1352.jpg
IMG-20260813-WA1353.jpg,Addresses_Locations,C:\Users\Priyanka\OneDrive\Desktop\Smart_Screenshot_Search_Engine\Addresses_Locations\IMG-20260813-WA1353.jpg
IMG-20260813-WA1354.jpg,Addresses_Locations,C:\Users\Priyanka\OneDrive\Desktop\Smart_Screenshot_Search_Engine\Addresses_Locations\IMG-20260813-WA1354.jpg
IMG-20260813-WA1355.jpg,Addresses_Locations,C:\Users\Priyanka\OneDrive\Desktop\Smart_Screenshot_Search_Engine\Addresses_Locations\IMG-20260813-WA1355.jpg
IMG-20260813-WA1356.jpg,Addresses_Locations,C:\Users\Priyanka\OneDrive\Desktop\Smart_Screenshot_Search_Engine\Addresses_Locations\IMG-20260813-WA1356.jpg
IMG-20260813-WA1357.jpg,Addresses_Locations,C:\Users\Priyanka\OneDrive\Desktop\Smart_Screenshot_Search_Engine\Addresses_Locations\IMG-20260813-WA1357.jpg
IMG-20260813-WA1358.jpg,Addresses_Locations,C:\Users\Priyanka\OneDrive\Desktop\Smart_Screenshot_Search_Engine\Addresses_Locations\IMG-20260813-WA1358.jpg
IMG-20260813-WA1359.jpg,Addresses_Locations,C:\Users\Priyanka\OneDrive\Desktop\Smart_Screenshot_Search_Engine\Addresses_Locations\IMG-20260813-WA1359.jpg
IMG-20260813-WA1360.jpg,Addresses_Locations,C:\Users\Priyanka\OneDrive\Desktop\Smart_Screenshot_Search_Engine\Addresses_Locations\IMG-20260813-WA1360.jpg
IMG-20260813-WA1361.jpg,Addresses_Locations,C:\Users\Priyanka\OneDrive\Desktop\Smart_Screenshot_Search_Engine\Addresses_Locations\IMG-20260813-WA1361.jpg
IMG-20260813-WA1362.jpg,Addresses_Locations,C:\Users\Priyanka\OneDrive\Desktop\Smart_Screenshot_Search_Engine\Addresses_Locations\IMG-20260813-WA1362.jpg
IMG-20260813-WA1363.jpg,Addresses_Locations,C:\Users\Priyanka\OneDrive\Desktop\Smart_Screenshot_Search_Engine\Addresses_Locations\IMG-20260813-WA1363.jpg
IMG-20260813-WA1364.jpg,Addresses_Locations,C:\Users\Priyanka\OneDrive\Desktop\Smart_Screenshot_Search_Engine\Addresses_Locations\IMG-20260813-WA1364.jpg
IMG-20260813-WA1365.jpg,Addresses_Locations,C:\Users\Priyanka\OneDrive\Desktop\Smart_Screenshot_Search_Engine\Addresses_Locations\IMG-20260813-WA1365.jpg
IMG-20260813-WA1366.jpg,Addresses_Locations,C:\Users\Priyanka\OneDrive\Desktop\Smart_Screenshot_Search_Engine\Addresses_Locations\IMG-20260813-WA1366.jpg
IMG-20260813-WA1367.jpg,Addresses_Locations,C:\Users\Priyanka\OneDrive\Desktop\Smart_Screenshot_Search_Engine\Addresses_Locations\IMG-20260813-WA1367.jpg
IMG-20260813-WA1368.jpg,Addresses_Locations,C:\Users\Priyanka\OneDrive\Desktop\Smart_Screenshot_Search_Engine\Addresses_Locations\IMG-20260813-WA1368.jpg
IMG-20260813-WA1369.jpg,Addresses_Locations,C:\Users\Priyanka\OneDrive\Desktop\Smart_Screenshot_Search_Engine\Addresses_Locations\IMG-20260813-WA1369.jpg
IMG-20260813-WA1370.jpg,Addresses_Locations,C:\Users\Priyanka\OneDrive\Desktop\Smart_Screenshot_Search_Engine\Addresses_Locations\IMG-20260813-WA1370.jpg
IMG-20260813-WA1371.jpg,Addresses_Locations,C:\Users\Priyanka\OneDrive\Desktop\Smart_Screenshot_Search_Engine\Addresses_Locations\IMG-20260813-WA1371.jpg
IMG-20260813-WA1372.jpg,Addresses_Locations,C:\Users\Priyanka\OneDrive\Desktop\Smart_Screenshot_Search_Engine\Addresses_Locations\IMG-20260813-WA1372.jpg
IMG-20260813-WA1373.jpg,Addresses_Locations,C:\Users\Priyanka\OneDrive\Desktop\Smart_Screenshot_Search_Engine\Addresses_Locations\IMG-20260813-WA1373.jpg
IMG-20260813-WA1374.jpg,Addresses_Locations,C:\Users\Priyanka\OneDrive\Desktop\Smart_Screenshot_Search_Engine\Addresses_Locations\IMG-20260813-WA1374.jpg
IMG-20260813-WA1375.jpg,Addresses_Locations,C:\Users\Priyanka\OneDrive\Desktop\Smart_Screenshot_Search_Engine\Addresses_Locations\IMG-20260813-WA1375.jpg
IMG-20260813-WA1376.jpg,Addresses_Locations,C:\Users\Priyanka\OneDrive\Desktop\Smart_Screenshot_Search_Engine\Addresses_Locations\IMG-20260813-WA1376.jpg
IMG-20260813-WA1377.jpg,Addresses_Locations,C:\Users\Priyanka\OneDrive\Desktop\Smart_Screenshot_Search_Engine\Addresses_Locations\IMG-20260813-WA1377.jpg
IMG-20260813-WA1378.jpg,Addresses_Locations,C:\Users\Priyanka\OneDrive\Desktop\Smart_Screenshot_Search_Engine\Addresses_Locations\IMG-20260813-WA1378.jpg
IMG-20260813-WA1379.jpg,Addresses_Locations,C:\Users\Priyanka\OneDrive\Desktop\Smart_Screenshot_Search_Engine\Addresses_Locations\IMG-20260813-WA1379.jpg
IMG-20260813-WA1380.jpg,Addresses_Locations,C:\Users\Priyanka\OneDrive\Desktop\Smart_Screenshot_Search_Engine\Addresses_Locations\IMG-20260813-WA1380.jpg
IMG-20260813-WA1381.jpg,Addresses_Locations,C:\Users\Priyanka\OneDrive\Desktop\Smart_Screenshot_Search_Engine\Addresses_Locations\IMG-20260813-WA1381.jpg
IMG-20260813-WA1382.jpg,Addresses_Locations,C:\Users\Priyanka\OneDrive\Desktop\Smart_Screenshot_Search_Engine\Addresses_Locations\IMG-20260813-WA1382.jpg
IMG-20260813-WA1383.jpg,Addresses_Locations,C:\Users\Priyanka\OneDrive\Desktop\Smart_Screenshot_Search_Engine\Addresses_Locations\IMG-20260813-WA1383.jpg
IMG-20260813-WA1384.jpg,Addresses_Locations,C:\Users\Priyanka\OneDrive\Desktop\Smart_Screenshot_Search_Engine\Addresses_Locations\IMG-20260813-WA1384.jpg
IMG-20260813-WA1385.jpg,Addresses_Locations,C:\Users\Priyanka\OneDrive\Desktop\Smart_Screenshot_Search_Engine\Addresses_Locations\IMG-20260813-WA1385.jpg
IMG-20260813-WA1386.jpg,Addresses_Locations,C:\Users\Priyanka\OneDrive\Desktop\Smart_Screenshot_Search_Engine\Addresses_Locations\IMG-20260813-WA1386.jpg
IMG-20260813-WA1387.jpg,Addresses_Locations,C:\Users\Priyanka\OneDrive\Desktop\Smart_Screenshot_Search_Engine\Addresses_Locations\IMG-20260813-WA1387.jpg
IMG-20260813-WA1388.jpg,Addresses_Locations,C:\Users\Priyanka\OneDrive\Desktop\Smart_Screenshot_Search_Engine\Addresses_Locations\IMG-20260813-WA1388.jpg
IMG-20260813-WA1389.jpg,Addresses_Locations,C:\Users\Priyanka\OneDrive\Desktop\Smart_Screenshot_Search_Engine\Addresses_Locations\IMG-20260813-WA1389.jpg
IMG-20260813-WA1390.jpg,Addresses_Locations,C:\Users\Priyanka\OneDrive\Desktop\Smart_Screenshot_Search_Engine\Addresses_Locations\IMG-20260813-WA1390.jpg
IMG-20260813-WA1391.jpg,Addresses_Locations,C:\Users\Priyanka\OneDrive\Desktop\Smart_Screenshot_Search_Engine\Addresses_Locations\IMG-20260813-WA1391.jpg
IMG-20260813-WA1392.jpg,Addresses_Locations,C:\Users\Priyanka\OneDrive\Desktop\Smart_Screenshot_Search_Engine\Addresses_Locations\IMG-20260813-WA1392.jpg
IMG-20260813-WA1393.jpg,Addresses_Locations,C:\Users\Priyanka\OneDrive\Desktop\Smart_Screenshot_Search_Engine\Addresses_Locations\IMG-20260813-WA1393.jpg
IMG-20260813-WA1394.jpg,Addresses_Locations,C:\Users\Priyanka\OneDrive\Desktop\Smart_Screenshot_Search_Engine\Addresses_Locations\IMG-20260813-WA1394.jpg
IMG-20260813-WA1395.jpg,Addresses_Locations,C:\Users\Priyanka\OneDrive\Desktop\Smart_Screenshot_Search_Engine\Addresses_Locations\IMG-20260813-WA1395.jpg
IMG-20260813-WA1396.jpg,Addresses_Locations,C:\Users\Priyanka\OneDrive\Desktop\Smart_Screenshot_Search_Engine\Addresses_Locations\IMG-20260813-WA1396.jpg
IMG-20260813-WA1397.jpg,Addresses_Locations,C:\Users\Priyanka\OneDrive\Desktop\Smart_Screenshot_Search_Engine\Addresses_Locations\IMG-20260813-WA1397.jpg
IMG-20260813-WA1398.jpg,Addresses_Locations,C:\Users\Priyanka\OneDrive\Desktop\Smart_Screenshot_Search_Engine\Addresses_Locations\IMG-20260813-WA1398.jpg
IMG-20260813-WA1399.jpg,Addresses_Locations,C:\Users\Priyanka\OneDrive\Desktop\Smart_Screenshot_Search_Engine\Addresses_Locations\IMG-20260813-WA1399.jpg
IMG-20260813-WA1400.jpg,Addresses_Locations,C:\Users\Priyanka\OneDrive\Desktop\Smart_Screenshot_Search_Engine\Addresses_Locations\IMG-20260813-WA1400.jpg
IMG-20260813-WA1401.jpg,Addresses_Locations,C:\Users\Priyanka\OneDrive\Desktop\Smart_Screenshot_Search_Engine\Addresses_Locations\IMG-20260813-WA1401.jpg
IMG-20260813-WA1402.jpg,Addresses_Locations,C:\Users\Priyanka\OneDrive\Desktop\Smart_Screenshot_Search_Engine\Addresses_Locations\IMG-20260813-WA1402.jpg
IMG-20260813-WA1403.jpg,Addresses_Locations,C:\Users\Priyanka\OneDrive\Desktop\Smart_Screenshot_Search_Engine\Addresses_Locations\IMG-20260813-WA1403.jpg
IMG-20260813-WA1404.jpg,Addresses_Locations,C:\Users\Priyanka\OneDrive\Desktop\Smart_Screenshot_Search_Engine\Addresses_Locations\IMG-20260813-WA1404.jpg
IMG-20260813-WA1405.jpg,Addresses_Locations,C:\Users\Priyanka\OneDrive\Desktop\Smart_Screenshot_Search_Engine\Addresses_Locations\IMG-20260813-WA1405.jpg
IMG-20260813-WA1406.jpg,Addresses_Locations,C:\Users\Priyanka\OneDrive\Desktop\Smart_Screenshot_Search_Engine\Addresses_Locations\IMG-20260813-WA1406.jpg
IMG-20260813-WA1407.jpg,Addresses_Locations,C:\Users\Priyanka\OneDrive\Desktop\Smart_Screenshot_Search_Engine\Addresses_Locations\IMG-20260813-WA1407.jpg
IMG-20260813-WA1408.jpg,Addresses_Locations,C:\Users\Priyanka\OneDrive\Desktop\Smart_Screenshot_Search_Engine\Addresses_Locations\IMG-20260813-WA1408.jpg
IMG-20260813-WA1409.jpg,Addresses_Locations,C:\Users\Priyanka\OneDrive\Desktop\Smart_Screenshot_Search_Engine\Addresses_Locations\IMG-20260813-WA1409.jpg
IMG-20260813-WA1410.jpg,Addresses_Locations,C:\Users\Priyanka\OneDrive\Desktop\Smart_Screenshot_Search_Engine\Addresses_Locations\IMG-20260813-WA1410.jpg
IMG-20260813-WA1411.jpg,Addresses_Locations,C:\Users\Priyanka\OneDrive\Desktop\Smart_Screenshot_Search_Engine\Addresses_Locations\IMG-20260813-WA1411.jpg
IMG-20260813-WA1412.jpg,Addresses_Locations,C:\Users\Priyanka\OneDrive\Desktop\Smart_Screenshot_Search_Engine\Addresses_Locations\IMG-20260813-WA1412.jpg
IMG-20260813-WA1413.jpg,Addresses_Locations,C:\Users\Priyanka\OneDrive\Desktop\Smart_Screenshot_Search_Engine\Addresses_Locations\IMG-20260813-WA1413.jpg
IMG-20260813-WA1414.jpg,Addresses_Locations,C:\Users\Priyanka\OneDrive\Desktop\Smart_Screenshot_Search_Engine\Addresses_Locations\IMG-20260813-WA1414.jpg
IMG-20260813-WA1415.jpg,Addresses_Locations,C:\Users\Priyanka\OneDrive\Desktop\Smart_Screenshot_Search_Engine\Addresses_Locations\IMG-20260813-WA1415.jpg
IMG-20260813-WA1416.jpg,Addresses_Locations,C:\Users\Priyanka\OneDrive\Desktop\Smart_Screenshot_Search_Engine\Addresses_Locations\IMG-20260813-WA1416.jpg
IMG-20260813-WA1417.jpg,Addresses_Locations,C:\Users\Priyanka\OneDrive\Desktop\Smart_Screenshot_Search_Engine\Addresses_Locations\IMG-20260813-WA1417.jpg
IMG-20260813-WA1418.jpg,Addresses_Locations,C:\Users\Priyanka\OneDrive\Desktop\Smart_Screenshot_Search_Engine\Addresses_Locations\IMG-20260813-WA1418.jpg
IMG-20260813-WA1419.jpg,Addresses_Locations,C:\Users\Priyanka\OneDrive\Desktop\Smart_Screenshot_Search_Engine\Addresses_Locations\IMG-20260813-WA1419.jpg
IMG-20260813-WA1420.jpg,Addresses_Locations,C:\Users\Priyanka\OneDrive\Desktop\Smart_Screenshot_Search_Engine\Addresses_Locations\IMG-20260813-WA1420.jpg
IMG-20260813-WA1421.jpg,Addresses_Locations,C:\Users\Priyanka\OneDrive\Desktop\Smart_Screenshot_Search_Engine\Addresses_Locations\IMG-20260813-WA1421.jpg
IMG-20260813-WA1422.jpg,Addresses_Locations,C:\Users\Priyanka\OneDrive\Desktop\Smart_Screenshot_Search_Engine\Addresses_Locations\IMG-20260813-WA1422.jpg
IMG-20260813-WA1423.jpg,Addresses_Locations,C:\Users\Priyanka\OneDrive\Desktop\Smart_Screenshot_Search_Engine\Addresses_Locations\IMG-20260813-WA1423.jpg
IMG-20260813-WA1424.jpg,Addresses_Locations,C:\Users\Priyanka\OneDrive\Desktop\Smart_Screenshot_Search_Engine\Addresses_Locations\IMG-20260813-WA1424.jpg
IMG-20260813-WA1425.jpg,Addresses_Locations,C:\Users\Priyanka\OneDrive\Desktop\Smart_Screenshot_Search_Engine\Addresses_Locations\IMG-20260813-WA1425.jpg
IMG-20260813-WA1426.jpg,Addresses_Locations,C:\Users\Priyanka\OneDrive\Desktop\Smart_Screenshot_Search_Engine\Addresses_Locations\IMG-20260813-WA1426.jpg
IMG-20260813-WA1427.jpg,Addresses_Locations,C:\Users\Priyanka\OneDrive\Desktop\Smart_Screenshot_Search_Engine\Addresses_Locations\IMG-20260813-WA1427.jpg
IMG-20260813-WA1428.jpg,Addresses_Locations,C:\Users\Priyanka\OneDrive\Desktop\Smart_Screenshot_Search_Engine\Addresses_Locations\IMG-20260813-WA1428.jpg
IMG-20260813-WA1429.jpg,Addresses_Locations,C:\Users\Priyanka\OneDrive\Desktop\Smart_Screenshot_Search_Engine\Addresses_Locations\IMG-20260813-WA1429.jpg
IMG-20260813-WA1430.jpg,Addresses_Locations,C:\Users\Priyanka\OneDrive\Desktop\Smart_Screenshot_Search_Engine\Addresses_Locations\IMG-20260813-WA1430.jpg
IMG-20260813-WA1431.jpg,Addresses_Locations,C:\Users\Priyanka\OneDrive\Desktop\Smart_Screenshot_Search_Engine\Addresses_Locations\IMG-20260813-WA1431.jpg
IMG-20260813-WA1432.jpg,Addresses_Locations,C:\Users\Priyanka\OneDrive\Desktop\Smart_Screenshot_Search_Engine\Addresses_Locations\IMG-20260813-WA1432.jpg
IMG-20260813-WA1433.jpg,Addresses_Locations,C:\Users\Priyanka\OneDrive\Desktop\Smart_Screenshot_Search_Engine\Addresses_Locations\IMG-20260813-WA1433.jpg
IMG-20260813-WA1434.jpg,Addresses_Locations,C:\Users\Priyanka\OneDrive\Desktop\Smart_Screenshot_Search_Engine\Addresses_Locations\IMG-20260813-WA1434.jpg
IMG-20260813-WA1435.jpg,Addresses_Locations,C:\Users\Priyanka\OneDrive\Desktop\Smart_Screenshot_Search_Engine\Addresses_Locations\IMG-20260813-WA1435.jpg
IMG-20260813-WA1436.jpg,Addresses_Locations,C:\Users\Priyanka\OneDrive\Desktop\Smart_Screenshot_Search_Engine\Addresses_Locations\IMG-20260813-WA1436.jpg
IMG-20260813-WA1437.jpg,Addresses_Locations,C:\Users\Priyanka\OneDrive\Desktop\Smart_Screenshot_Search_Engine\Addresses_Locations\IMG-20260813-WA1437.jpg
IMG-20260813-WA1438.jpg,Addresses_Locations,C:\Users\Priyanka\OneDrive\Desktop\Smart_Screenshot_Search_Engine\Addresses_Locations\IMG-20260813-WA1438.jpg
IMG-20260813-WA1439.jpg,Addresses_Locations,C:\Users\Priyanka\OneDrive\Desktop\Smart_Screenshot_Search_Engine\Addresses_Locations\IMG-20260813-WA1439.jpg
IMG-20260813-WA1440.jpg,Addresses_Locations,C:\Users\Priyanka\OneDrive\Desktop\Smart_Screenshot_Search_Engine\Addresses_Locations\IMG-20260813-WA1440.jpg
IMG-20260813-WA1441.jpg,Addresses_Locations,C:\Users\Priyanka\OneDrive\Desktop\Smart_Screenshot_Search_Engine\Addresses_Locations\IMG-20260813-WA1441.jpg
IMG-20260813-WA1442.jpg,Addresses_Locations,C:\Users\Priyanka\OneDrive\Desktop\Smart_Screenshot_Search_Engine\Addresses_Locations\IMG-20260813-WA1442.jpg
IMG-20260813-WA1443.jpg,Addresses_Locations,C:\Users\Priyanka\OneDrive\Desktop\Smart_Screenshot_Search_Engine\Addresses_Locations\IMG-20260813-WA1443.jpg
IMG-20260813-WA1444.jpg,Addresses_Locations,C:\Users\Priyanka\OneDrive\Desktop\Smart_Screenshot_Search_Engine\Addresses_Locations\IMG-20260813-WA1444.jpg
IMG-20260813-WA1445.jpg,Addresses_Locations,C:\Users\Priyanka\OneDrive\Desktop\Smart_Screenshot_Search_Engine\Addresses_Locations\IMG-20260813-WA1445.jpg
IMG-20260813-WA1446.jpg,Addresses_Locations,C:\Users\Priyanka\OneDrive\Desktop\Smart_Screenshot_Search_Engine\Addresses_Locations\IMG-20260813-WA1446.jpg
IMG-20260813-WA1447.jpg,Addresses_Locations,C:\Users\Priyanka\OneDrive\Desktop\Smart_Screenshot_Search_Engine\Addresses_Locations\IMG-20260813-WA1447.jpg
IMG-20260813-WA1448.jpg,Addresses_Locations,C:\Users\Priyanka\OneDrive\Desktop\Smart_Screenshot_Search_Engine\Addresses_Locations\IMG-20260813-WA1448.jpg
IMG-20260813-WA1449.jpg,Addresses_Locations,C:\Users\Priyanka\OneDrive\Desktop\Smart_Screenshot_Search_Engine\Addresses_Locations\IMG-20260813-WA1449.jpg
IMG-20260813-WA1450.jpg,Addresses_Locations,C:\Users\Priyanka\OneDrive\Desktop\Smart_Screenshot_Search_Engine\Addresses_Locations\IMG-20260813-WA1450.jpg
IMG-20260813-WA1451.jpg,Addresses_Locations,C:\Users\Priyanka\OneDrive\Desktop\Smart_Screenshot_Search_Engine\Addresses_Locations\IMG-20260813-WA1451.jpg
IMG-20260813-WA1452.jpg,Addresses_Locations,C:\Users\Priyanka\OneDrive\Desktop\Smart_Screenshot_Search_Engine\Addresses_Locations\IMG-20260813-WA1452.jpg
IMG-20260813-WA1453.jpg,Addresses_Locations,C:\Users\Priyanka\OneDrive\Desktop\Smart_Screenshot_Search_Engine\Addresses_Locations\IMG-20260813-WA1453.jpg
IMG-20260813-WA1454.jpg,Addresses_Locations,C:\Users\Priyanka\OneDrive\Desktop\Smart_Screenshot_Search_Engine\Addresses_Locations\IMG-20260813-WA1454.jpg
IMG-20260813-WA1455.jpg,Addresses_Locations,C:\Users\Priyanka\OneDrive\Desktop\Smart_Screenshot_Search_Engine\Addresses_Locations\IMG-20260813-WA1455.jpg
IMG-20260813-WA1456.jpg,Addresses_Locations,C:\Users\Priyanka\OneDrive\Desktop\Smart_Screenshot_Search_Engine\Addresses_Locations\IMG-20260813-WA1456.jpg
IMG-20260813-WA1457.jpg,Addresses_Locations,C:\Users\Priyanka\OneDrive\Desktop\Smart_Screenshot_Search_Engine\Addresses_Locations\IMG-20260813-WA1457.jpg
IMG-20260813-WA1458.jpg,Addresses_Locations,C:\Users\Priyanka\OneDrive\Desktop\Smart_Screenshot_Search_Engine\Addresses_Locations\IMG-20260813-WA1458.jpg
IMG-20260813-WA1459.jpg,Addresses_Locations,C:\Users\Priyanka\OneDrive\Desktop\Smart_Screenshot_Search_Engine\Addresses_Locations\IMG-20260813-WA1459.jpg
IMG-20260813-WA1460.jpg,Addresses_Locations,C:\Users\Priyanka\OneDrive\Desktop\Smart_Screenshot_Search_Engine\Addresses_Locations\IMG-20260813-WA1460.jpg
IMG-20260813-WA1461.jpg,Addresses_Locations,C:\Users\Priyanka\OneDrive\Desktop\Smart_Screenshot_Search_Engine\Addresses_Locations\IMG-20260813-WA1461.jpg
IMG-20260813-WA1462.jpg,Addresses_Locations,C:\Users\Priyanka\OneDrive\Desktop\Smart_Screenshot_Search_Engine\Addresses_Locations\IMG-20260813-WA1462.jpg
IMG-20260813-WA1463.jpg,Addresses_Locations,C:\Users\Priyanka\OneDrive\Desktop\Smart_Screenshot_Search_Engine\Addresses_Locations\IMG-20260813-WA1463.jpg
IMG-20260813-WA1464.jpg,Addresses_Locations,C:\Users\Priyanka\OneDrive\Desktop\Smart_Screenshot_Search_Engine\Addresses_Locations\IMG-20260813-WA1464.jpg
IMG-20260813-WA1465.jpg,Addresses_Locations,C:\Users\Priyanka\OneDrive\Desktop\Smart_Screenshot_Search_Engine\Addresses_Locations\IMG-20260813-WA1465.jpg
IMG-20260813-WA1466.jpg,Addresses_Locations,C:\Users\Priyanka\OneDrive\Desktop\Smart_Screenshot_Search_Engine\Addresses_Locations\IMG-20260813-WA1466.jpg
IMG-20260813-WA1467.jpg,Addresses_Locations,C:\Users\Priyanka\OneDrive\Desktop\Smart_Screenshot_Search_Engine\Addresses_Locations\IMG-20260813-WA1467.jpg
IMG-20260813-WA1468.jpg,Addresses_Locations,C:\Users\Priyanka\OneDrive\Desktop\Smart_Screenshot_Search_Engine\Addresses_Locations\IMG-20260813-WA1468.jpg
IMG-20260813-WA1470.jpg,Addresses_Locations,C:\Users\Priyanka\OneDrive\Desktop\Smart_Screenshot_Search_Engine\Addresses_Locations\IMG-20260813-WA1470.jpg
IMG-20260813-WA1471.jpg,Addresses_Locations,C:\Users\Priyanka\OneDrive\Desktop\Smart_Screenshot_Search_Engine\Addresses_Locations\IMG-20260813-WA1471.jpg
IMG-20260813-WA1472.jpg,Addresses_Locations,C:\Users\Priyanka\OneDrive\Desktop\Smart_Screenshot_Search_Engine\Addresses_Locations\IMG-20260813-WA1472.jpg
IMG-20260813-WA1473.jpg,Addresses_Locations,C:\Users\Priyanka\OneDrive\Desktop\Smart_Screenshot_Search_Engine\Addresses_Locations\IMG-20260813-WA1473.jpg
IMG-20260813-WA1474.jpg,Addresses_Locations,C:\Users\Priyanka\OneDrive\Desktop\Smart_Screenshot_Search_Engine\Addresses_Locations\IMG-20260813-WA1474.jpg
IMG-20260813-WA1475.jpg,Addresses_Locations,C:\Users\Priyanka\OneDrive\Desktop\Smart_Screenshot_Search_Engine\Addresses_Locations\IMG-20260813-WA1475.jpg
IMG-20260813-WA1476.jpg,Addresses_Locations,C:\Users\Priyanka\OneDrive\Desktop\Smart_Screenshot_Search_Engine\Addresses_Locations\IMG-20260813-WA1476.jpg
IMG-20260813-WA1477.jpg,Addresses_Locations,C:\Users\Priyanka\OneDrive\Desktop\Smart_Screenshot_Search_Engine\Addresses_Locations\IMG-20260813-WA1477.jpg
IMG-20260813-WA1478.jpg,Addresses_Locations,C:\Users\Priyanka\OneDrive\Desktop\Smart_Screenshot_Search_Engine\Addresses_Locations\IMG-20260813-WA1478.jpg
IMG-20260813-WA1479.jpg,Addresses_Locations,C:\Users\Priyanka\OneDrive\Desktop\Smart_Screenshot_Search_Engine\Addresses_Locations\IMG-20260813-WA1479.jpg
IMG-20260813-WA1480.jpg,Addresses_Locations,C:\Users\Priyanka\OneDrive\Desktop\Smart_Screenshot_Search_Engine\Addresses_Locations\IMG-20260813-WA1480.jpg
IMG-20260813-WA1481.jpg,Addresses_Locations,C:\Users\Priyanka\OneDrive\Desktop\Smart_Screenshot_Search_Engine\Addresses_Locations\IMG-20260813-WA1481.jpg
IMG-20260813-WA1482.jpg,Addresses_Locations,C:\Users\Priyanka\OneDrive\Desktop\Smart_Screenshot_Search_Engine\Addresses_Locations\IMG-20260813-WA1482.jpg
IMG-20260813-WA1483.jpg,Addresses_Locations,C:\Users\Priyanka\OneDrive\Desktop\Smart_Screenshot_Search_Engine\Addresses_Locations\IMG-20260813-WA1483.jpg
IMG-20260813-WA1484.jpg,Addresses_Locations,C:\Users\Priyanka\OneDrive\Desktop\Smart_Screenshot_Search_Engine\Addresses_Locations\IMG-20260813-WA1484.jpg
IMG-20260813-WA1485.jpg,Addresses_Locations,C:\Users\Priyanka\OneDrive\Desktop\Smart_Screenshot_Search_Engine\Addresses_Locations\IMG-20260813-WA1485.jpg
IMG-20260813-WA1486.jpg,Addresses_Locations,C:\Users\Priyanka\OneDrive\Desktop\Smart_Screenshot_Search_Engine\Addresses_Locations\IMG-20260813-WA1486.jpg
IMG-20260813-WA1488.jpg,Addresses_Locations,C:\Users\Priyanka\OneDrive\Desktop\Smart_Screenshot_Search_Engine\Addresses_Locations\IMG-20260813-WA1488.jpg
IMG-20260813-WA1489.jpg,Addresses_Locations,C:\Users\Priyanka\OneDrive\Desktop\Smart_Screenshot_Search_Engine\Addresses_Locations\IMG-20260813-WA1489.jpg
IMG-20260813-WA1490.jpg,Addresses_Locations,C:\Users\Priyanka\OneDrive\Desktop\Smart_Screenshot_Search_Engine\Addresses_Locations\IMG-20260813-WA1490.jpg
IMG-20260813-WA1492.jpg,Addresses_Locations,C:\Users\Priyanka\OneDrive\Desktop\Smart_Screenshot_Search_Engine\Addresses_Locations\IMG-20260813-WA1492.jpg
IMG-20260813-WA1493.jpg,Addresses_Locations,C:\Users\Priyanka\OneDrive\Desktop\Smart_Screenshot_Search_Engine\Addresses_Locations\IMG-20260813-WA1493.jpg
IMG-20260813-WA1494.jpg,Addresses_Locations,C:\Users\Priyanka\OneDrive\Desktop\Smart_Screenshot_Search_Engine\Addresses_Locations\IMG-20260813-WA1494.jpg
IMG-20260813-WA1495.jpg,Addresses_Locations,C:\Users\Priyanka\OneDrive\Desktop\Smart_Screenshot_Search_Engine\Addresses_Locations\IMG-20260813-WA1495.jpg
IMG-20260813-WA1496.jpg,Addresses_Locations,C:\Users\Priyanka\OneDrive\Desktop\Smart_Screenshot_Search_Engine\Addresses_Locations\IMG-20260813-WA1496.jpg
IMG-20260813-WA1497.jpg,Addresses_Locations,C:\Users\Priyanka\OneDrive\Desktop\Smart_Screenshot_Search_Engine\Addresses_Locations\IMG-20260813-WA1497.jpg
IMG-20260813-WA1498.jpg,Addresses_Locations,C:\Users\Priyanka\OneDrive\Desktop\Smart_Screenshot_Search_Engine\Addresses_Locations\IMG-20260813-WA1498.jpg
IMG-20260813-WA1499.jpg,Addresses_Locations,C:\Users\Priyanka\OneDrive\Desktop\Smart_Screenshot_Search_Engine\Addresses_Locations\IMG-20260813-WA1499.jpg
IMG-20260813-WA1500.jpg,Addresses_Locations,C:\Users\Priyanka\OneDrive\Desktop\Smart_Screenshot_Search_Engine\Addresses_Locations\IMG-20260813-WA1500.jpg
IMG-20260813-WA1501.jpg,Addresses_Locations,C:\Users\Priyanka\OneDrive\Desktop\Smart_Screenshot_Search_Engine\Addresses_Locations\IMG-20260813-WA1501.jpg
IMG-20260813-WA1502.jpg,Addresses_Locations,C:\Users\Priyanka\OneDrive\Desktop\Smart_Screenshot_Search_Engine\Addresses_Locations\IMG-20260813-WA1502.jpg
IMG-20260813-WA1503.jpg,Addresses_Locations,C:\Users\Priyanka\OneDrive\Desktop\Smart_Screenshot_Search_Engine\Addresses_Locations\IMG-20260813-WA1503.jpg
IMG-20260813-WA1504.jpg,Addresses_Locations,C:\Users\Priyanka\OneDrive\Desktop\Smart_Screenshot_Search_Engine\Addresses_Locations\IMG-20260813-WA1504.jpg
IMG-20260813-WA1505.jpg,Addresses_Locations,C:\Users\Priyanka\OneDrive\Desktop\Smart_Screenshot_Search_Engine\Addresses_Locations\IMG-20260813-WA1505.jpg
IMG-20260813-WA1506.jpg,Addresses_Locations,C:\Users\Priyanka\OneDrive\Desktop\Smart_Screenshot_Search_Engine\Addresses_Locations\IMG-20260813-WA1506.jpg
IMG-20260813-WA1507.jpg,Addresses_Locations,C:\Users\Priyanka\OneDrive\Desktop\Smart_Screenshot_Search_Engine\Addresses_Locations\IMG-20260813-WA1507.jpg
IMG-20260813-WA1508.jpg,Addresses_Locations,C:\Users\Priyanka\OneDrive\Desktop\Smart_Screenshot_Search_Engine\Addresses_Locations\IMG-20260813-WA1508.jpg
IMG-20260813-WA1509.jpg,Addresses_Locations,C:\Users\Priyanka\OneDrive\Desktop\Smart_Screenshot_Search_Engine\Addresses_Locations\IMG-20260813-WA1509.jpg
IMG-20260813-WA1510.jpg,Addresses_Locations,C:\Users\Priyanka\OneDrive\Desktop\Smart_Screenshot_Search_Engine\Addresses_Locations\IMG-20260813-WA1510.jpg
IMG-20260813-WA1511.jpg,Addresses_Locations,C:\Users\Priyanka\OneDrive\Desktop\Smart_Screenshot_Search_Engine\Addresses_Locations\IMG-20260813-WA1511.jpg
IMG-20260813-WA1512.jpg,Addresses_Locations,C:\Users\Priyanka\OneDrive\Desktop\Smart_Screenshot_Search_Engine\Addresses_Locations\IMG-20260813-WA1512.jpg
IMG-20260813-WA1513.jpg,Addresses_Locations,C:\Users\Priyanka\OneDrive\Desktop\Smart_Screenshot_Search_Engine\Addresses_Locations\IMG-20260813-WA1513.jpg
IMG-20260813-WA1514.jpg,Addresses_Locations,C:\Users\Priyanka\OneDrive\Desktop\Smart_Screenshot_Search_Engine\Addresses_Locations\IMG-20260813-WA1514.jpg
IMG-20260813-WA1515.jpg,Addresses_Locations,C:\Users\Priyanka\OneDrive\Desktop\Smart_Screenshot_Search_Engine\Addresses_Locations\IMG-20260813-WA1515.jpg
IMG-20260813-WA1516.jpg,Addresses_Locations,C:\Users\Priyanka\OneDrive\Desktop\Smart_Screenshot_Search_Engine\Addresses_Locations\IMG-20260813-WA1516.jpg
IMG-20260813-WA1517.jpg,Addresses_Locations,C:\Users\Priyanka\OneDrive\Desktop\Smart_Screenshot_Search_Engine\Addresses_Locations\IMG-20260813-WA1517.jpg
IMG-20260813-WA1518.jpg,Addresses_Locations,C:\Users\Priyanka\OneDrive\Desktop\Smart_Screenshot_Search_Engine\Addresses_Locations\IMG-20260813-WA1518.jpg
IMG-20260813-WA1519.jpg,Addresses_Locations,C:\Users\Priyanka\OneDrive\Desktop\Smart_Screenshot_Search_Engine\Addresses_Locations\IMG-20260813-WA1519.jpg
IMG-20260813-WA1520.jpg,Addresses_Locations,C:\Users\Priyanka\OneDrive\Desktop\Smart_Screenshot_Search_Engine\Addresses_Locations\IMG-20260813-WA1520.jpg
IMG-20260813-WA1521.jpg,Addresses_Locations,C:\Users\Priyanka\OneDrive\Desktop\Smart_Screenshot_Search_Engine\Addresses_Locations\IMG-20260813-WA1521.jpg
IMG-20260813-WA1522.jpg,Addresses_Locations,C:\Users\Priyanka\OneDrive\Desktop\Smart_Screenshot_Search_Engine\Addresses_Locations\IMG-20260813-WA1522.jpg
IMG-20260813-WA1523.jpg,Addresses_Locations,C:\Users\Priyanka\OneDrive\Desktop\Smart_Screenshot_Search_Engine\Addresses_Locations\IMG-20260813-WA1523.jpg
IMG-20260813-WA1524.jpg,Addresses_Locations,C:\Users\Priyanka\OneDrive\Desktop\Smart_Screenshot_Search_Engine\Addresses_Locations\IMG-20260813-WA1524.jpg
IMG-20260813-WA1525.jpg,Addresses_Locations,C:\Users\Priyanka\OneDrive\Desktop\Smart_Screenshot_Search_Engine\Addresses_Locations\IMG-20260813-WA1525.jpg
IMG-20260813-WA1526.jpg,Addresses_Locations,C:\Users\Priyanka\OneDrive\Desktop\Smart_Screenshot_Search_Engine\Addresses_Locations\IMG-20260813-WA1526.jpg
IMG-20260813-WA1527.jpg,Addresses_Locations,C:\Users\Priyanka\OneDrive\Desktop\Smart_Screenshot_Search_Engine\Addresses_Locations\IMG-20260813-WA1527.jpg
IMG-20260813-WA1528.jpg,Addresses_Locations,C:\Users\Priyanka\OneDrive\Desktop\Smart_Screenshot_Search_Engine\Addresses_Locations\IMG-20260813-WA1528.jpg
IMG-20260813-WA1529.jpg,Addresses_Locations,C:\Users\Priyanka\OneDrive\Desktop\Smart_Screenshot_Search_Engine\Addresses_Locations\IMG-20260813-WA1529.jpg
IMG-20260813-WA1530.jpg,Addresses_Locations,C:\Users\Priyanka\OneDrive\Desktop\Smart_Screenshot_Search_Engine\Addresses_Locations\IMG-20260813-WA1530.jpg
IMG-20260813-WA1531.jpg,Addresses_Locations,C:\Users\Priyanka\OneDrive\Desktop\Smart_Screenshot_Search_Engine\Addresses_Locations\IMG-20260813-WA1531.jpg
IMG-20260813-WA1532.jpg,Addresses_Locations,C:\Users\Priyanka\OneDrive\Desktop\Smart_Screenshot_Search_Engine\Addresses_Locations\IMG-20260813-WA1532.jpg
IMG-20260813-WA1533.jpg,Addresses_Locations,C:\Users\Priyanka\OneDrive\Desktop\Smart_Screenshot_Search_Engine\Addresses_Locations\IMG-20260813-WA1533.jpg
IMG-20260813-WA1534.jpg,Addresses_Locations,C:\Users\Priyanka\OneDrive\Desktop\Smart_Screenshot_Search_Engine\Addresses_Locations\IMG-20260813-WA1534.jpg
IMG-20260813-WA1535.jpg,Addresses_Locations,C:\Users\Priyanka\OneDrive\Desktop\Smart_Screenshot_Search_Engine\Addresses_Locations\IMG-20260813-WA1535.jpg
IMG-20260813-WA1536.jpg,Addresses_Locations,C:\Users\Priyanka\OneDrive\Desktop\Smart_Screenshot_Search_Engine\Addresses_Locations\IMG-20260813-WA1536.jpg
IMG-20260813-WA1537.jpg,Addresses_Locations,C:\Users\Priyanka\OneDrive\Desktop\Smart_Screenshot_Search_Engine\Addresses_Locations\IMG-20260813-WA1537.jpg
IMG-20260813-WA1538.jpg,Addresses_Locations,C:\Users\Priyanka\OneDrive\Desktop\Smart_Screenshot_Search_Engine\Addresses_Locations\IMG-20260813-WA1538.jpg
IMG-20260813-WA1539.jpg,Addresses_Locations,C:\Users\Priyanka\OneDrive\Desktop\Smart_Screenshot_Search_Engine\Addresses_Locations\IMG-20260813-WA1539.jpg
IMG-20260813-WA1540.jpg,Addresses_Locations,C:\Users\Priyanka\OneDrive\Desktop\Smart_Screenshot_Search_Engine\Addresses_Locations\IMG-20260813-WA1540.jpg
IMG-20260813-WA1541.jpg,Addresses_Locations,C:\Users\Priyanka\OneDrive\Desktop\Smart_Screenshot_Search_Engine\Addresses_Locations\IMG-20260813-WA1541.jpg
IMG-20260813-WA1542.jpg,Addresses_Locations,C:\Users\Priyanka\OneDrive\Desktop\Smart_Screenshot_Search_Engine\Addresses_Locations\IMG-20260813-WA1542.jpg
IMG-20260813-WA1543.jpg,Addresses_Locations,C:\Users\Priyanka\OneDrive\Desktop\Smart_Screenshot_Search_Engine\Addresses_Locations\IMG-20260813-WA1543.jpg
IMG-20260813-WA1544.jpg,Addresses_Locations,C:\Users\Priyanka\OneDrive\Desktop\Smart_Screenshot_Search_Engine\Addresses_Locations\IMG-20260813-WA1544.jpg
IMG-20260813-WA1545.jpg,Addresses_Locations,C:\Users\Priyanka\OneDrive\Desktop\Smart_Screenshot_Search_Engine\Addresses_Locations\IMG-20260813-WA1545.jpg
IMG-20260813-WA1546.jpg,Addresses_Locations,C:\Users\Priyanka\OneDrive\Desktop\Smart_Screenshot_Search_Engine\Addresses_Locations\IMG-20260813-WA1546.jpg
IMG-20260813-WA1547.jpg,Addresses_Locations,C:\Users\Priyanka\OneDrive\Desktop\Smart_Screenshot_Search_Engine\Addresses_Locations\IMG-20260813-WA1547.jpg
IMG-20260813-WA1548.jpg,Addresses_Locations,C:\Users\Priyanka\OneDrive\Desktop\Smart_Screenshot_Search_Engine\Addresses_Locations\IMG-20260813-WA1548.jpg
IMG-20260813-WA1549.jpg,Addresses_Locations,C:\Users\Priyanka\OneDrive\Desktop\Smart_Screenshot_Search_Engine\Addresses_Locations\IMG-20260813-WA1549.jpg
IMG-20260813-WA1550.jpg,Addresses_Locations,C:\Users\Priyanka\OneDrive\Desktop\Smart_Screenshot_Search_Engine\Addresses_Locations\IMG-20260813-WA1550.jpg
IMG-20260813-WA1551.jpg,Addresses_Locations,C:\Users\Priyanka\OneDrive\Desktop\Smart_Screenshot_Search_Engine\Addresses_Locations\IMG-20260813-WA1551.jpg
IMG-20260813-WA1552.jpg,Addresses_Locations,C:\Users\Priyanka\OneDrive\Desktop\Smart_Screenshot_Search_Engine\Addresses_Locations\IMG-20260813-WA1552.jpg
IMG-20260813-WA1553.jpg,Addresses_Locations,C:\Users\Priyanka\OneDrive\Desktop\Smart_Screenshot_Search_Engine\Addresses_Locations\IMG-20260813-WA1553.jpg
IMG-20260813-WA1554.jpg,Addresses_Locations,C:\Users\Priyanka\OneDrive\Desktop\Smart_Screenshot_Search_Engine\Addresses_Locations\IMG-20260813-WA1554.jpg
IMG-20260813-WA1555.jpg,Addresses_Locations,C:\Users\Priyanka\OneDrive\Desktop\Smart_Screenshot_Search_Engine\Addresses_Locations\IMG-20260813-WA1555.jpg
IMG-20260813-WA1556.jpg,Addresses_Locations,C:\Users\Priyanka\OneDrive\Desktop\Smart_Screenshot_Search_Engine\Addresses_Locations\IMG-20260813-WA1556.jpg
IMG-20260813-WA1557.jpg,Addresses_Locations,C:\Users\Priyanka\OneDrive\Desktop\Smart_Screenshot_Search_Engine\Addresses_Locations\IMG-20260813-WA1557.jpg
IMG-20260813-WA1571.jpg,Addresses_Locations,C:\Users\Priyanka\OneDrive\Desktop\Smart_Screenshot_Search_Engine\Addresses_Locations\IMG-20260813-WA1571.jpg
IMG-20260813-WA1572.jpg,Addresses_Locations,C:\Users\Priyanka\OneDrive\Desktop\Smart_Screenshot_Search_Engine\Addresses_Locations\IMG-20260813-WA1572.jpg
IMG-20260813-WA1573.jpg,Addresses_Locations,C:\Users\Priyanka\OneDrive\Desktop\Smart_Screenshot_Search_Engine\Addresses_Locations\IMG-20260813-WA1573.jpg
IMG-20260813-WA1574.jpg,Addresses_Locations,C:\Users\Priyanka\OneDrive\Desktop\Smart_Screenshot_Search_Engine\Addresses_Locations\IMG-20260813-WA1574.jpg
IMG-20260813-WA1575.jpg,Addresses_Locations,C:\Users\Priyanka\OneDrive\Desktop\Smart_Screenshot_Search_Engine\Addresses_Locations\IMG-20260813-WA1575.jpg
IMG-20260813-WA1576.jpg,Addresses_Locations,C:\Users\Priyanka\OneDrive\Desktop\Smart_Screenshot_Search_Engine\Addresses_Locations\IMG-20260813-WA1576.jpg
IMG-20260813-WA1577.jpg,Addresses_Locations,C:\Users\Priyanka\OneDrive\Desktop\Smart_Screenshot_Search_Engine\Addresses_Locations\IMG-20260813-WA1577.jpg
IMG-20260813-WA1578.jpg,Addresses_Locations,C:\Users\Priyanka\OneDrive\Desktop\Smart_Screenshot_Search_Engine\Addresses_Locations\IMG-20260813-WA1578.jpg
IMG-20260813-WA1579.jpg,Addresses_Locations,C:\Users\Priyanka\OneDrive\Desktop\Smart_Screenshot_Search_Engine\Addresses_Locations\IMG-20260813-WA1579.jpg
IMG-20260813-WA1580.jpg,Addresses_Locations,C:\Users\Priyanka\OneDrive\Desktop\Smart_Screenshot_Search_Engine\Addresses_Locations\IMG-20260813-WA1580.jpg
IMG-20260813-WA1581.jpg,Addresses_Locations,C:\Users\Priyanka\OneDrive\Desktop\Smart_Screenshot_Search_Engine\Addresses_Locations\IMG-20260813-WA1581.jpg
IMG-20260813-WA1582.jpg,Addresses_Locations,C:\Users\Priyanka\OneDrive\Desktop\Smart_Screenshot_Search_Engine\Addresses_Locations\IMG-20260813-WA1582.jpg
IMG-20260813-WA1583.jpg,Addresses_Locations,C:\Users\Priyanka\OneDrive\Desktop\Smart_Screenshot_Search_Engine\Addresses_Locations\IMG-20260813-WA1583.jpg
IMG-20260813-WA1584.jpg,Addresses_Locations,C:\Users\Priyanka\OneDrive\Desktop\Smart_Screenshot_Search_Engine\Addresses_Locations\IMG-20260813-WA1584.jpg
IMG-20260813-WA1585.jpg,Addresses_Locations,C:\Users\Priyanka\OneDrive\Desktop\Smart_Screenshot_Search_Engine\Addresses_Locations\IMG-20260813-WA1585.jpg
IMG-20260813-WA1586.jpg,Addresses_Locations,C:\Users\Priyanka\OneDrive\Desktop\Smart_Screenshot_Search_Engine\Addresses_Locations\IMG-20260813-WA1586.jpg
Screenshot_2026-08-13-16-16-18-97_680d03679600f7af0b4c700c6b270fe7.jpg,Addresses_Locations,C:\Users\Priyanka\OneDrive\Desktop\Smart_Screenshot_Search_Engine\Addresses_Locations\Screenshot_2026-08-13-16-16-18-97_680d03679600f7af0b4c700c6b270fe7.jpg
Screenshot_2026-08-13-16-16-39-47_680d03679600f7af0b4c700c6b270fe7.jpg,Addresses_Locations,C:\Users\Priyanka\OneDrive\Desktop\Smart_Screenshot_Search_Engine\Addresses_Locations\Screenshot_2026-08-13-16-16-39-47_680d03679600f7af0b4c700c6b270fe7.jpg
Screenshot_2026-08-13-16-16-44-16_680d03679600f7af0b4c700c6b270fe7.jpg,Addresses_Locations,C:\Users\Priyanka\OneDrive\Desktop\Smart_Screenshot_Search_Engine\Addresses_Locations\Screenshot_2026-08-13-16-16-44-16_680d03679600f7af0b4c700c6b270fe7.jpg
Screenshot_2026-08-13-16-16-56-48_680d03679600f7af0b4c700c6b270fe7.jpg,Addresses_Locations,C:\Users\Priyanka\OneDrive\Desktop\Smart_Screenshot_Search_Engine\Addresses_Locations\Screenshot_2026-08-13-16-16-56-48_680d03679600f7af0b4c700c6b270fe7.jpg
Screenshot_2026-08-13-16-16-59-34_680d03679600f7af0b4c700c6b270fe7.jpg,Addresses_Locations,C:\Users\Priyanka\OneDrive\Desktop\Smart_Screenshot_Search_Engine\Addresses_Locations\Screenshot_2026-08-13-16-16-59-34_680d03679600f7af0b4c700c6b270fe7.jpg
Screenshot_2026-08-13-16-17-02-04_680d03679600f7af0b4c700c6b270fe7.jpg,Addresses_Locations,C:\Users\Priyanka\OneDrive\Desktop\Smart_Screenshot_Search_Engine\Addresses_Locations\Screenshot_2026-08-13-16-17-02-04_680d03679600f7af0b4c700c6b270fe7.jpg
Screenshot_2026-08-13-16-17-16-45_680d03679600f7af0b4c700c6b270fe7.jpg,Addresses_Locations,C:\Users\Priyanka\OneDrive\Desktop\Smart_Screenshot_Search_Engine\Addresses_Locations\Screenshot_2026-08-13-16-17-16-45_680d03679600f7af0b4c700c6b270fe7.jpg
Screenshot_2026-08-13-16-17-19-28_680d03679600f7af0b4c700c6b270fe7.jpg,Addresses_Locations,C:\Users\Priyanka\OneDrive\Desktop\Smart_Screenshot_Search_Engine\Addresses_Locations\Screenshot_2026-08-13-16-17-19-28_680d03679600f7af0b4c700c6b270fe7.jpg
Screenshot_2026-08-13-16-17-22-63_680d03679600f7af0b4c700c6b270fe7.jpg,Addresses_Locations,C:\Users\Priyanka\OneDrive\Desktop\Smart_Screenshot_Search_Engine\Addresses_Locations\Screenshot_2026-08-13-16-17-22-63_680d03679600f7af0b4c700c6b270fe7.jpg
Screenshot_2026-08-13-16-17-25-88_680d03679600f7af0b4c700c6b270fe7.jpg,Addresses_Locations,C:\Users\Priyanka\OneDrive\Desktop\Smart_Screenshot_Search_Engine\Addresses_Locations\Screenshot_2026-08-13-16-17-25-88_680d03679600f7af0b4c700c6b270fe7.jpg
Screenshot_2026-08-13-16-18-01-22_680d03679600f7af0b4c700c6b270fe7.jpg,Addresses_Locations,C:\Users\Priyanka\OneDrive\Desktop\Smart_Screenshot_Search_Engine\Addresses_Locations\Screenshot_2026-08-13-16-18-01-22_680d03679600f7af0b4c700c6b270fe7.jpg
Screenshot_2026-08-13-16-18-03-75_680d03679600f7af0b4c700c6b270fe7.jpg,Addresses_Locations,C:\Users\Priyanka\OneDrive\Desktop\Smart_Screenshot_Search_Engine\Addresses_Locations\Screenshot_2026-08-13-16-18-03-75_680d03679600f7af0b4c700c6b270fe7.jpg
Screenshot_2026-08-13-16-18-06-70_680d03679600f7af0b4c700c6b270fe7.jpg,Addresses_Locations,C:\Users\Priyanka\OneDrive\Desktop\Smart_Screenshot_Search_Engine\Addresses_Locations\Screenshot_2026-08-13-16-18-06-70_680d03679600f7af0b4c700c6b270fe7.jpg
Screenshot_2026-08-13-16-18-09-76_680d03679600f7af0b4c700c6b270fe7.jpg,Addresses_Locations,C:\Users\Priyanka\OneDrive\Desktop\Smart_Screenshot_Search_Engine\Addresses_Locations\Screenshot_2026-08-13-16-18-09-76_680d03679600f7af0b4c700c6b270fe7.jpg
Screenshot_2026-08-13-16-18-13-16_680d03679600f7af0b4c700c6b270fe7.jpg,Addresses_Locations,C:\Users\Priyanka\OneDrive\Desktop\Smart_Screenshot_Search_Engine\Addresses_Locations\Screenshot_2026-08-13-16-18-13-16_680d03679600f7af0b4c700c6b270fe7.jpg
Screenshot_2026-08-13-16-18-16-36_680d03679600f7af0b4c700c6b270fe7.jpg,Addresses_Locations,C:\Users\Priyanka\OneDrive\Desktop\Smart_Screenshot_Search_Engine\Addresses_Locations\Screenshot_2026-08-13-16-18-16-36_680d03679600f7af0b4c700c6b270fe7.jpg
Screenshot_2026-08-13-16-18-31-06_680d03679600f7af0b4c700c6b270fe7.jpg,Addresses_Locations,C:\Users\Priyanka\OneDrive\Desktop\Smart_Screenshot_Search_Engine\Addresses_Locations\Screenshot_2026-08-13-16-18-31-06_680d03679600f7af0b4c700c6b270fe7.jpg
Screenshot_2026-08-13-16-18-34-01_680d03679600f7af0b4c700c6b270fe7.jpg,Addresses_Locations,C:\Users\Priyanka\OneDrive\Desktop\Smart_Screenshot_Search_Engine\Addresses_Locations\Screenshot_2026-08-13-16-18-34-01_680d03679600f7af0b4c700c6b270fe7.jpg
Screenshot_2026-08-13-16-18-37-40_680d03679600f7af0b4c700c6b270fe7.jpg,Addresses_Locations,C:\Users\Priyanka\OneDrive\Desktop\Smart_Screenshot_Search_Engine\Addresses_Locations\Screenshot_2026-08-13-16-18-37-40_680d03679600f7af0b4c700c6b270fe7.jpg
Screenshot_2026-08-13-16-18-55-52_680d03679600f7af0b4c700c6b270fe7.jpg,Addresses_Locations,C:\Users\Priyanka\OneDrive\Desktop\Smart_Screenshot_Search_Engine\Addresses_Locations\Screenshot_2026-08-13-16-18-55-52_680d03679600f7af0b4c700c6b270fe7.jpg
Screenshot_2026-08-13-16-19-52-20_680d03679600f7af0b4c700c6b270fe7.jpg,Addresses_Locations,C:\Users\Priyanka\OneDrive\Desktop\Smart_Screenshot_Search_Engine\Addresses_Locations\Screenshot_2026-08-13-16-19-52-20_680d03679600f7af0b4c700c6b270fe7.jpg
Screenshot_2026-08-13-16-19-58-28_680d03679600f7af0b4c700c6b270fe7.jpg,Addresses_Locations,C:\Users\Priyanka\OneDrive\Desktop\Smart_Screenshot_Search_Engine\Addresses_Locations\Screenshot_2026-08-13-16-19-58-28_680d03679600f7af0b4c700c6b270fe7.jpg
Screenshot_2026-08-13-16-20-03-02_680d03679600f7af0b4c700c6b270fe7.jpg,Addresses_Locations,C:\Users\Priyanka\OneDrive\Desktop\Smart_Screenshot_Search_Engine\Addresses_Locations\Screenshot_2026-08-13-16-20-03-02_680d03679600f7af0b4c700c6b270fe7.jpg
Screenshot_2026-08-13-16-20-08-41_680d03679600f7af0b4c700c6b270fe7.jpg,Addresses_Locations,C:\Users\Priyanka\OneDrive\Desktop\Smart_Screenshot_Search_Engine\Addresses_Locations\Screenshot_2026-08-13-16-20-08-41_680d03679600f7af0b4c700c6b270fe7.jpg
Screenshot_2026-08-13-16-20-33-32_680d03679600f7af0b4c700c6b270fe7.jpg,Addresses_Locations,C:\Users\Priyanka\OneDrive\Desktop\Smart_Screenshot_Search_Engine\Addresses_Locations\Screenshot_2026-08-13-16-20-33-32_680d03679600f7af0b4c700c6b270fe7.jpg
Screenshot_2026-08-13-16-20-42-37_680d03679600f7af0b4c700c6b270fe7.jpg,Addresses_Locations,C:\Users\Priyanka\OneDrive\Desktop\Smart_Screenshot_Search_Engine\Addresses_Locations\Screenshot_2026-08-13-16-20-42-37_680d03679600f7af0b4c700c6b270fe7.jpg
Screenshot_2026-08-13-16-21-52-19_680d03679600f7af0b4c700c6b270fe7.jpg,Addresses_Locations,C:\Users\Priyanka\OneDrive\Desktop\Smart_Screenshot_Search_Engine\Addresses_Locations\Screenshot_2026-08-13-16-21-52-19_680d03679600f7af0b4c700c6b270fe7.jpg
Screenshot_2026-08-13-16-21-59-87_680d03679600f7af0b4c700c6b270fe7.jpg,Addresses_Locations,C:\Users\Priyanka\OneDrive\Desktop\Smart_Screenshot_Search_Engine\Addresses_Locations\Screenshot_2026-08-13-16-21-59-87_680d03679600f7af0b4c700c6b270fe7.jpg
Screenshot_2026-08-13-16-22-06-66_680d03679600f7af0b4c700c6b270fe7.jpg,Addresses_Locations,C:\Users\Priyanka\OneDrive\Desktop\Smart_Screenshot_Search_Engine\Addresses_Locations\Screenshot_2026-08-13-16-22-06-66_680d03679600f7af0b4c700c6b270fe7.jpg
Screenshot_2026-08-13-16-22-13-35_680d03679600f7af0b4c700c6b270fe7.jpg,Addresses_Locations,C:\Users\Priyanka\OneDrive\Desktop\Smart_Screenshot_Search_Engine\Addresses_Locations\Screenshot_2026-08-13-16-22-13-35_680d03679600f7af0b4c700c6b270fe7.jpg
Screenshot_2026-08-13-16-22-43-41_680d03679600f7af0b4c700c6b270fe7.jpg,Addresses_Locations,C:\Users\Priyanka\OneDrive\Desktop\Smart_Screenshot_Search_Engine\Addresses_Locations\Screenshot_2026-08-13-16-22-43-41_680d03679600f7af0b4c700c6b270fe7.jpg
Screenshot_2026-08-13-16-22-48-74_680d03679600f7af0b4c700c6b270fe7.jpg,Addresses_Locations,C:\Users\Priyanka\OneDrive\Desktop\Smart_Screenshot_Search_Engine\Addresses_Locations\Screenshot_2026-08-13-16-22-48-74_680d03679600f7af0b4c700c6b270fe7.jpg
Screenshot_2026-08-13-16-22-52-50_680d03679600f7af0b4c700c6b270fe7.jpg,Addresses_Locations,C:\Users\Priyanka\OneDrive\Desktop\Smart_Screenshot_Search_Engine\Addresses_Locations\Screenshot_2026-08-13-16-22-52-50_680d03679600f7af0b4c700c6b270fe7.jpg
Screenshot_2026-08-13-16-22-59-32_680d03679600f7af0b4c700c6b270fe7.jpg,Addresses_Locations,C:\Users\Priyanka\OneDrive\Desktop\Smart_Screenshot_Search_Engine\Addresses_Locations\Screenshot_2026-08-13-16-22-59-32_680d03679600f7af0b4c700c6b270fe7.jpg
Screenshot_2026-08-13-16-23-03-28_680d03679600f7af0b4c700c6b270fe7.jpg,Addresses_Locations,C:\Users\Priyanka\OneDrive\Desktop\Smart_Screenshot_Search_Engine\Addresses_Locations\Screenshot_2026-08-13-16-23-03-28_680d03679600f7af0b4c700c6b270fe7.jpg
Screenshot_2026-08-13-16-23-11-89_680d03679600f7af0b4c700c6b270fe7.jpg,Addresses_Locations,C:\Users\Priyanka\OneDrive\Desktop\Smart_Screenshot_Search_Engine\Addresses_Locations\Screenshot_2026-08-13-16-23-11-89_680d03679600f7af0b4c700c6b270fe7.jpg
Screenshot_2026-08-13-16-23-15-38_680d03679600f7af0b4c700c6b270fe7.jpg,Addresses_Locations,C:\Users\Priyanka\OneDrive\Desktop\Smart_Screenshot_Search_Engine\Addresses_Locations\Screenshot_2026-08-13-16-23-15-38_680d03679600f7af0b4c700c6b270fe7.jpg
Screenshot_2026-08-13-16-23-23-17_680d03679600f7af0b4c700c6b270fe7.jpg,Addresses_Locations,C:\Users\Priyanka\OneDrive\Desktop\Smart_Screenshot_Search_Engine\Addresses_Locations\Screenshot_2026-08-13-16-23-23-17_680d03679600f7af0b4c700c6b270fe7.jpg
Screenshot_2026-08-13-16-23-26-75_680d03679600f7af0b4c700c6b270fe7.jpg,Addresses_Locations,C:\Users\Priyanka\OneDrive\Desktop\Smart_Screenshot_Search_Engine\Addresses_Locations\Screenshot_2026-08-13-16-23-26-75_680d03679600f7af0b4c700c6b270fe7.jpg
Screenshot_2026-08-13-16-23-45-10_680d03679600f7af0b4c700c6b270fe7.jpg,Addresses_Locations,C:\Users\Priyanka\OneDrive\Desktop\Smart_Screenshot_Search_Engine\Addresses_Locations\Screenshot_2026-08-13-16-23-45-10_680d03679600f7af0b4c700c6b270fe7.jpg
Screenshot_2026-08-13-16-24-15-00_680d03679600f7af0b4c700c6b270fe7.jpg,Addresses_Locations,C:\Users\Priyanka\OneDrive\Desktop\Smart_Screenshot_Search_Engine\Addresses_Locations\Screenshot_2026-08-13-16-24-15-00_680d03679600f7af0b4c700c6b270fe7.jpg
Screenshot_2026-08-13-16-24-17-92_680d03679600f7af0b4c700c6b270fe7.jpg,Addresses_Locations,C:\Users\Priyanka\OneDrive\Desktop\Smart_Screenshot_Search_Engine\Addresses_Locations\Screenshot_2026-08-13-16-24-17-92_680d03679600f7af0b4c700c6b270fe7.jpg
Screenshot_2026-08-13-16-24-21-41_680d03679600f7af0b4c700c6b270fe7.jpg,Addresses_Locations,C:\Users\Priyanka\OneDrive\Desktop\Smart_Screenshot_Search_Engine\Addresses_Locations\Screenshot_2026-08-13-16-24-21-41_680d03679600f7af0b4c700c6b270fe7.jpg
Screenshot_2026-08-13-16-24-24-54_680d03679600f7af0b4c700c6b270fe7.jpg,Addresses_Locations,C:\Users\Priyanka\OneDrive\Desktop\Smart_Screenshot_Search_Engine\Addresses_Locations\Screenshot_2026-08-13-16-24-24-54_680d03679600f7af0b4c700c6b270fe7.jpg
Screenshot_2026-08-13-16-24-28-06_680d03679600f7af0b4c700c6b270fe7.jpg,Addresses_Locations,C:\Users\Priyanka\OneDrive\Desktop\Smart_Screenshot_Search_Engine\Addresses_Locations\Screenshot_2026-08-13-16-24-28-06_680d03679600f7af0b4c700c6b270fe7.jpg
Screenshot_2026-08-13-16-32-38-23_680d03679600f7af0b4c700c6b270fe7.jpg,Addresses_Locations,C:\Users\Priyanka\OneDrive\Desktop\Smart_Screenshot_Search_Engine\Addresses_Locations\Screenshot_2026-08-13-16-32-38-23_680d03679600f7af0b4c700c6b270fe7.jpg
Screenshot_2026-08-13-16-32-41-99_680d03679600f7af0b4c700c6b270fe7.jpg,Addresses_Locations,C:\Users\Priyanka\OneDrive\Desktop\Smart_Screenshot_Search_Engine\Addresses_Locations\Screenshot_2026-08-13-16-32-41-99_680d03679600f7af0b4c700c6b270fe7.jpg
Screenshot_2026-08-13-16-32-45-23_680d03679600f7af0b4c700c6b270fe7.jpg,Addresses_Locations,C:\Users\Priyanka\OneDrive\Desktop\Smart_Screenshot_Search_Engine\Addresses_Locations\Screenshot_2026-08-13-16-32-45-23_680d03679600f7af0b4c700c6b270fe7.jpg
Screenshot_2026-08-13-16-33-01-93_680d03679600f7af0b4c700c6b270fe7.jpg,Addresses_Locations,C:\Users\Priyanka\OneDrive\Desktop\Smart_Screenshot_Search_Engine\Addresses_Locations\Screenshot_2026-08-13-16-33-01-93_680d03679600f7af0b4c700c6b270fe7.jpg
Screenshot_2026-08-13-16-33-12-82_680d03679600f7af0b4c700c6b270fe7.jpg,Addresses_Locations,C:\Users\Priyanka\OneDrive\Desktop\Smart_Screenshot_Search_Engine\Addresses_Locations\Screenshot_2026-08-13-16-33-12-82_680d03679600f7af0b4c700c6b270fe7.jpg
Screenshot_2026-08-13-16-33-40-04_680d03679600f7af0b4c700c6b270fe7.jpg,Addresses_Locations,C:\Users\Priyanka\OneDrive\Desktop\Smart_Screenshot_Search_Engine\Addresses_Locations\Screenshot_2026-08-13-16-33-40-04_680d03679600f7af0b4c700c6b270fe7.jpg
Screenshot_2026-08-13-16-33-43-25_680d03679600f7af0b4c700c6b270fe7.jpg,Addresses_Locations,C:\Users\Priyanka\OneDrive\Desktop\Smart_Screenshot_Search_Engine\Addresses_Locations\Screenshot_2026-08-13-16-33-43-25_680d03679600f7af0b4c700c6b270fe7.jpg
Screenshot_2026-08-13-16-33-46-62_680d03679600f7af0b4c700c6b270fe7.jpg,Addresses_Locations,C:\Users\Priyanka\OneDrive\Desktop\Smart_Screenshot_Search_Engine\Addresses_Locations\Screenshot_2026-08-13-16-33-46-62_680d03679600f7af0b4c700c6b270fe7.jpg
Screenshot_2026-08-13-16-33-49-95_680d03679600f7af0b4c700c6b270fe7.jpg,Addresses_Locations,C:\Users\Priyanka\OneDrive\Desktop\Smart_Screenshot_Search_Engine\Addresses_Locations\Screenshot_2026-08-13-16-33-49-95_680d03679600f7af0b4c700c6b270fe7.jpg
Screenshot_2026-08-13-16-33-53-33_680d03679600f7af0b4c700c6b270fe7.jpg,Addresses_Locations,C:\Users\Priyanka\OneDrive\Desktop\Smart_Screenshot_Search_Engine\Addresses_Locations\Screenshot_2026-08-13-16-33-53-33_680d03679600f7af0b4c700c6b270fe7.jpg
Screenshot_2026-08-13-16-33-56-01_680d03679600f7af0b4c700c6b270fe7.jpg,Addresses_Locations,C:\Users\Priyanka\OneDrive\Desktop\Smart_Screenshot_Search_Engine\Addresses_Locations\Screenshot_2026-08-13-16-33-56-01_680d03679600f7af0b4c700c6b270fe7.jpg
Screenshot_2026-08-13-16-33-58-51_680d03679600f7af0b4c700c6b270fe7.jpg,Addresses_Locations,C:\Users\Priyanka\OneDrive\Desktop\Smart_Screenshot_Search_Engine\Addresses_Locations\Screenshot_2026-08-13-16-33-58-51_680d03679600f7af0b4c700c6b270fe7.jpg
Screenshot_2026-08-13-16-34-01-03_680d03679600f7af0b4c700c6b270fe7.jpg,Addresses_Locations,C:\Users\Priyanka\OneDrive\Desktop\Smart_Screenshot_Search_Engine\Addresses_Locations\Screenshot_2026-08-13-16-34-01-03_680d03679600f7af0b4c700c6b270fe7.jpg
Screenshot_2026-08-13-16-34-03-36_680d03679600f7af0b4c700c6b270fe7.jpg,Addresses_Locations,C:\Users\Priyanka\OneDrive\Desktop\Smart_Screenshot_Search_Engine\Addresses_Locations\Screenshot_2026-08-13-16-34-03-36_680d03679600f7af0b4c700c6b270fe7.jpg
Screenshot_2026-08-13-16-34-05-90_680d03679600f7af0b4c700c6b270fe7.jpg,Addresses_Locations,C:\Users\Priyanka\OneDrive\Desktop\Smart_Screenshot_Search_Engine\Addresses_Locations\Screenshot_2026-08-13-16-34-05-90_680d03679600f7af0b4c700c6b270fe7.jpg
Screenshot_2026-08-13-16-34-29-04_680d03679600f7af0b4c700c6b270fe7.jpg,Addresses_Locations,C:\Users\Priyanka\OneDrive\Desktop\Smart_Screenshot_Search_Engine\Addresses_Locations\Screenshot_2026-08-13-16-34-29-04_680d03679600f7af0b4c700c6b270fe7.jpg
Screenshot_2026-08-13-16-34-52-27_680d03679600f7af0b4c700c6b270fe7.jpg,Addresses_Locations,C:\Users\Priyanka\OneDrive\Desktop\Smart_Screenshot_Search_Engine\Addresses_Locations\Screenshot_2026-08-13-16-34-52-27_680d03679600f7af0b4c700c6b270fe7.jpg
Screenshot_2026-08-13-16-34-55-16_680d03679600f7af0b4c700c6b270fe7.jpg,Addresses_Locations,C:\Users\Priyanka\OneDrive\Desktop\Smart_Screenshot_Search_Engine\Addresses_Locations\Screenshot_2026-08-13-16-34-55-16_680d03679600f7af0b4c700c6b270fe7.jpg
Screenshot_2026-08-13-16-34-58-21_680d03679600f7af0b4c700c6b270fe7.jpg,Addresses_Locations,C:\Users\Priyanka\OneDrive\Desktop\Smart_Screenshot_Search_Engine\Addresses_Locations\Screenshot_2026-08-13-16-34-58-21_680d03679600f7af0b4c700c6b270fe7.jpg
Screenshot_2026-08-13-16-35-01-89_680d03679600f7af0b4c700c6b270fe7.jpg,Addresses_Locations,C:\Users\Priyanka\OneDrive\Desktop\Smart_Screenshot_Search_Engine\Addresses_Locations\Screenshot_2026-08-13-16-35-01-89_680d03679600f7af0b4c700c6b270fe7.jpg
Screenshot_2026-08-13-16-35-04-94_680d03679600f7af0b4c700c6b270fe7.jpg,Addresses_Locations,C:\Users\Priyanka\OneDrive\Desktop\Smart_Screenshot_Search_Engine\Addresses_Locations\Screenshot_2026-08-13-16-35-04-94_680d03679600f7af0b4c700c6b270fe7.jpg
Screenshot_2026-08-13-16-35-07-85_680d03679600f7af0b4c700c6b270fe7.jpg,Addresses_Locations,C:\Users\Priyanka\OneDrive\Desktop\Smart_Screenshot_Search_Engine\Addresses_Locations\Screenshot_2026-08-13-16-35-07-85_680d03679600f7af0b4c700c6b270fe7.jpg
Screenshot_2026-08-13-16-35-10-24_680d03679600f7af0b4c700c6b270fe7.jpg,Addresses_Locations,C:\Users\Priyanka\OneDrive\Desktop\Smart_Screenshot_Search_Engine\Addresses_Locations\Screenshot_2026-08-13-16-35-10-24_680d03679600f7af0b4c700c6b270fe7.jpg
Screenshot_2026-08-13-16-35-13-10_680d03679600f7af0b4c700c6b270fe7.jpg,Addresses_Locations,C:\Users\Priyanka\OneDrive\Desktop\Smart_Screenshot_Search_Engine\Addresses_Locations\Screenshot_2026-08-13-16-35-13-10_680d03679600f7af0b4c700c6b270fe7.jpg
Screenshot_2026-08-13-16-35-17-02_680d03679600f7af0b4c700c6b270fe7.jpg,Addresses_Locations,C:\Users\Priyanka\OneDrive\Desktop\Smart_Screenshot_Search_Engine\Addresses_Locations\Screenshot_2026-08-13-16-35-17-02_680d03679600f7af0b4c700c6b270fe7.jpg
Screenshot_2026-08-13-16-36-43-54_680d03679600f7af0b4c700c6b270fe7.jpg,Addresses_Locations,C:\Users\Priyanka\OneDrive\Desktop\Smart_Screenshot_Search_Engine\Addresses_Locations\Screenshot_2026-08-13-16-36-43-54_680d03679600f7af0b4c700c6b270fe7.jpg
Screenshot_2026-08-13-16-36-47-10_680d03679600f7af0b4c700c6b270fe7.jpg,Addresses_Locations,C:\Users\Priyanka\OneDrive\Desktop\Smart_Screenshot_Search_Engine\Addresses_Locations\Screenshot_2026-08-13-16-36-47-10_680d03679600f7af0b4c700c6b270fe7.jpg
Screenshot_2026-08-13-16-36-50-60_680d03679600f7af0b4c700c6b270fe7.jpg,Addresses_Locations,C:\Users\Priyanka\OneDrive\Desktop\Smart_Screenshot_Search_Engine\Addresses_Locations\Screenshot_2026-08-13-16-36-50-60_680d03679600f7af0b4c700c6b270fe7.jpg
Screenshot_2026-08-13-16-36-54-11_680d03679600f7af0b4c700c6b270fe7.jpg,Addresses_Locations,C:\Users\Priyanka\OneDrive\Desktop\Smart_Screenshot_Search_Engine\Addresses_Locations\Screenshot_2026-08-13-16-36-54-11_680d03679600f7af0b4c700c6b270fe7.jpg
Screenshot_2026-08-13-16-37-02-78_680d03679600f7af0b4c700c6b270fe7.jpg,Addresses_Locations,C:\Users\Priyanka\OneDrive\Desktop\Smart_Screenshot_Search_Engine\Addresses_Locations\Screenshot_2026-08-13-16-37-02-78_680d03679600f7af0b4c700c6b270fe7.jpg
Screenshot_2026-08-13-16-37-06-53_680d03679600f7af0b4c700c6b270fe7.jpg,Addresses_Locations,C:\Users\Priyanka\OneDrive\Desktop\Smart_Screenshot_Search_Engine\Addresses_Locations\Screenshot_2026-08-13-16-37-06-53_680d03679600f7af0b4c700c6b270fe7.jpg
Screenshot_2026-08-13-16-37-10-87_680d03679600f7af0b4c700c6b270fe7.jpg,Addresses_Locations,C:\Users\Priyanka\OneDrive\Desktop\Smart_Screenshot_Search_Engine\Addresses_Locations\Screenshot_2026-08-13-16-37-10-87_680d03679600f7af0b4c700c6b270fe7.jpg
Screenshot_2026-08-13-16-37-14-19_680d03679600f7af0b4c700c6b270fe7.jpg,Addresses_Locations,C:\Users\Priyanka\OneDrive\Desktop\Smart_Screenshot_Search_Engine\Addresses_Locations\Screenshot_2026-08-13-16-37-14-19_680d03679600f7af0b4c700c6b270fe7.jpg
Screenshot_2026-08-13-16-38-06-41_680d03679600f7af0b4c700c6b270fe7.jpg,Addresses_Locations,C:\Users\Priyanka\OneDrive\Desktop\Smart_Screenshot_Search_Engine\Addresses_Locations\Screenshot_2026-08-13-16-38-06-41_680d03679600f7af0b4c700c6b270fe7.jpg
Screenshot_2026-08-13-16-38-10-80_680d03679600f7af0b4c700c6b270fe7.jpg,Addresses_Locations,C:\Users\Priyanka\OneDrive\Desktop\Smart_Screenshot_Search_Engine\Addresses_Locations\Screenshot_2026-08-13-16-38-10-80_680d03679600f7af0b4c700c6b270fe7.jpg
Screenshot_2026-08-13-16-41-42-71_3d9111e2d3171bf4882369f490c087b4.jpg,Addresses_Locations,C:\Users\Priyanka\OneDrive\Desktop\Smart_Screenshot_Search_Engine\Addresses_Locations\Screenshot_2026-08-13-16-41-42-71_3d9111e2d3171bf4882369f490c087b4.jpg
Screenshot_2026-08-13-16-42-56-64_3d9111e2d3171bf4882369f490c087b4.jpg,Addresses_Locations,C:\Users\Priyanka\OneDrive\Desktop\Smart_Screenshot_Search_Engine\Addresses_Locations\Screenshot_2026-08-13-16-42-56-64_3d9111e2d3171bf4882369f490c087b4.jpg
IMG-20260813-WA0528.jpg,Interior_Design,C:\Users\Priyanka\OneDrive\Desktop\Smart_Screenshot_Search_Engine\Interior_Design\IMG-20260813-WA0528.jpg
IMG-20260813-WA1206.jpg,Interior_Design,C:\Users\Priyanka\OneDrive\Desktop\Smart_Screenshot_Search_Engine\Interior_Design\IMG-20260813-WA1206.jpg
IMG-20260813-WA1207.jpg,Interior_Design,C:\Users\Priyanka\OneDrive\Desktop\Smart_Screenshot_Search_Engine\Interior_Design\IMG-20260813-WA1207.jpg
IMG-20260813-WA1208.jpg,Interior_Design,C:\Users\Priyanka\OneDrive\Desktop\Smart_Screenshot_Search_Engine\Interior_Design\IMG-20260813-WA1208.jpg
IMG-20260813-WA1209.jpg,Interior_Design,C:\Users\Priyanka\OneDrive\Desktop\Smart_Screenshot_Search_Engine\Interior_Design\IMG-20260813-WA1209.jpg
IMG-20260813-WA1210.jpg,Interior_Design,C:\Users\Priyanka\OneDrive\Desktop\Smart_Screenshot_Search_Engine\Interior_Design\IMG-20260813-WA1210.jpg
IMG-20260813-WA1211.jpg,Interior_Design,C:\Users\Priyanka\OneDrive\Desktop\Smart_Screenshot_Search_Engine\Interior_Design\IMG-20260813-WA1211.jpg
IMG-20260813-WA1212.jpg,Interior_Design,C:\Users\Priyanka\OneDrive\Desktop\Smart_Screenshot_Search_Engine\Interior_Design\IMG-20260813-WA1212.jpg
IMG-20260813-WA1213.jpg,Interior_Design,C:\Users\Priyanka\OneDrive\Desktop\Smart_Screenshot_Search_Engine\Interior_Design\IMG-20260813-WA1213.jpg
IMG-20260813-WA1214.jpg,Interior_Design,C:\Users\Priyanka\OneDrive\Desktop\Smart_Screenshot_Search_Engine\Interior_Design\IMG-20260813-WA1214.jpg
IMG-20260813-WA1215.jpg,Interior_Design,C:\Users\Priyanka\OneDrive\Desktop\Smart_Screenshot_Search_Engine\Interior_Design\IMG-20260813-WA1215.jpg
IMG-20260813-WA1216.jpg,Interior_Design,C:\Users\Priyanka\OneDrive\Desktop\Smart_Screenshot_Search_Engine\Interior_Design\IMG-20260813-WA1216.jpg
IMG-20260813-WA1217.jpg,Interior_Design,C:\Users\Priyanka\OneDrive\Desktop\Smart_Screenshot_Search_Engine\Interior_Design\IMG-20260813-WA1217.jpg
IMG-20260813-WA1218.jpg,Interior_Design,C:\Users\Priyanka\OneDrive\Desktop\Smart_Screenshot_Search_Engine\Interior_Design\IMG-20260813-WA1218.jpg
IMG-20260813-WA1219.jpg,Interior_Design,C:\Users\Priyanka\OneDrive\Desktop\Smart_Screenshot_Search_Engine\Interior_Design\IMG-20260813-WA1219.jpg
IMG-20260813-WA1220.jpg,Interior_Design,C:\Users\Priyanka\OneDrive\Desktop\Smart_Screenshot_Search_Engine\Interior_Design\IMG-20260813-WA1220.jpg
IMG-20260813-WA1221.jpg,Interior_Design,C:\Users\Priyanka\OneDrive\Desktop\Smart_Screenshot_Search_Engine\Interior_Design\IMG-20260813-WA1221.jpg
IMG-20260813-WA1222.jpg,Interior_Design,C:\Users\Priyanka\OneDrive\Desktop\Smart_Screenshot_Search_Engine\Interior_Design\IMG-20260813-WA1222.jpg
IMG-20260813-WA1223.jpg,Interior_Design,C:\Users\Priyanka\OneDrive\Desktop\Smart_Screenshot_Search_Engine\Interior_Design\IMG-20260813-WA1223.jpg
IMG-20260813-WA1224.jpg,Interior_Design,C:\Users\Priyanka\OneDrive\Desktop\Smart_Screenshot_Search_Engine\Interior_Design\IMG-20260813-WA1224.jpg
IMG-20260813-WA1225.jpg,Interior_Design,C:\Users\Priyanka\OneDrive\Desktop\Smart_Screenshot_Search_Engine\Interior_Design\IMG-20260813-WA1225.jpg
IMG-20260813-WA1226.jpg,Interior_Design,C:\Users\Priyanka\OneDrive\Desktop\Smart_Screenshot_Search_Engine\Interior_Design\IMG-20260813-WA1226.jpg
IMG-20260813-WA1227.jpg,Interior_Design,C:\Users\Priyanka\OneDrive\Desktop\Smart_Screenshot_Search_Engine\Interior_Design\IMG-20260813-WA1227.jpg
IMG-20260813-WA1228.jpg,Interior_Design,C:\Users\Priyanka\OneDrive\Desktop\Smart_Screenshot_Search_Engine\Interior_Design\IMG-20260813-WA1228.jpg
IMG-20260813-WA1229.jpg,Interior_Design,C:\Users\Priyanka\OneDrive\Desktop\Smart_Screenshot_Search_Engine\Interior_Design\IMG-20260813-WA1229.jpg
IMG-20260813-WA1230.jpg,Interior_Design,C:\Users\Priyanka\OneDrive\Desktop\Smart_Screenshot_Search_Engine\Interior_Design\IMG-20260813-WA1230.jpg
IMG-20260813-WA1231.jpg,Interior_Design,C:\Users\Priyanka\OneDrive\Desktop\Smart_Screenshot_Search_Engine\Interior_Design\IMG-20260813-WA1231.jpg
IMG-20260813-WA1232.jpg,Interior_Design,C:\Users\Priyanka\OneDrive\Desktop\Smart_Screenshot_Search_Engine\Interior_Design\IMG-20260813-WA1232.jpg
IMG-20260813-WA1233.jpg,Interior_Design,C:\Users\Priyanka\OneDrive\Desktop\Smart_Screenshot_Search_Engine\Interior_Design\IMG-20260813-WA1233.jpg
IMG-20260813-WA1234.jpg,Interior_Design,C:\Users\Priyanka\OneDrive\Desktop\Smart_Screenshot_Search_Engine\Interior_Design\IMG-20260813-WA1234.jpg
IMG-20260813-WA1235.jpg,Interior_Design,C:\Users\Priyanka\OneDrive\Desktop\Smart_Screenshot_Search_Engine\Interior_Design\IMG-20260813-WA1235.jpg
IMG-20260813-WA1236.jpg,Interior_Design,C:\Users\Priyanka\OneDrive\Desktop\Smart_Screenshot_Search_Engine\Interior_Design\IMG-20260813-WA1236.jpg
IMG-20260813-WA1237.jpg,Interior_Design,C:\Users\Priyanka\OneDrive\Desktop\Smart_Screenshot_Search_Engine\Interior_Design\IMG-20260813-WA1237.jpg
IMG-20260813-WA1238.jpg,Interior_Design,C:\Users\Priyanka\OneDrive\Desktop\Smart_Screenshot_Search_Engine\Interior_Design\IMG-20260813-WA1238.jpg
IMG-20260813-WA1239.jpg,Interior_Design,C:\Users\Priyanka\OneDrive\Desktop\Smart_Screenshot_Search_Engine\Interior_Design\IMG-20260813-WA1239.jpg
IMG-20260813-WA1240.jpg,Interior_Design,C:\Users\Priyanka\OneDrive\Desktop\Smart_Screenshot_Search_Engine\Interior_Design\IMG-20260813-WA1240.jpg
IMG-20260813-WA1241.jpg,Interior_Design,C:\Users\Priyanka\OneDrive\Desktop\Smart_Screenshot_Search_Engine\Interior_Design\IMG-20260813-WA1241.jpg
IMG-20260813-WA1242.jpg,Interior_Design,C:\Users\Priyanka\OneDrive\Desktop\Smart_Screenshot_Search_Engine\Interior_Design\IMG-20260813-WA1242.jpg
IMG-20260813-WA1243.jpg,Interior_Design,C:\Users\Priyanka\OneDrive\Desktop\Smart_Screenshot_Search_Engine\Interior_Design\IMG-20260813-WA1243.jpg
IMG-20260813-WA1244.jpg,Interior_Design,C:\Users\Priyanka\OneDrive\Desktop\Smart_Screenshot_Search_Engine\Interior_Design\IMG-20260813-WA1244.jpg
IMG-20260813-WA1245.jpg,Interior_Design,C:\Users\Priyanka\OneDrive\Desktop\Smart_Screenshot_Search_Engine\Interior_Design\IMG-20260813-WA1245.jpg
IMG-20260813-WA1246.jpg,Interior_Design,C:\Users\Priyanka\OneDrive\Desktop\Smart_Screenshot_Search_Engine\Interior_Design\IMG-20260813-WA1246.jpg
IMG-20260813-WA1247.jpg,Interior_Design,C:\Users\Priyanka\OneDrive\Desktop\Smart_Screenshot_Search_Engine\Interior_Design\IMG-20260813-WA1247.jpg
IMG-20260813-WA1248.jpg,Interior_Design,C:\Users\Priyanka\OneDrive\Desktop\Smart_Screenshot_Search_Engine\Interior_Design\IMG-20260813-WA1248.jpg
IMG-20260813-WA1249.jpg,Interior_Design,C:\Users\Priyanka\OneDrive\Desktop\Smart_Screenshot_Search_Engine\Interior_Design\IMG-20260813-WA1249.jpg
IMG-20260813-WA1250.jpg,Interior_Design,C:\Users\Priyanka\OneDrive\Desktop\Smart_Screenshot_Search_Engine\Interior_Design\IMG-20260813-WA1250.jpg
IMG-20260813-WA1251.jpg,Interior_Design,C:\Users\Priyanka\OneDrive\Desktop\Smart_Screenshot_Search_Engine\Interior_Design\IMG-20260813-WA1251.jpg
IMG-20260813-WA1252.jpg,Interior_Design,C:\Users\Priyanka\OneDrive\Desktop\Smart_Screenshot_Search_Engine\Interior_Design\IMG-20260813-WA1252.jpg
IMG-20260813-WA1253.jpg,Interior_Design,C:\Users\Priyanka\OneDrive\Desktop\Smart_Screenshot_Search_Engine\Interior_Design\IMG-20260813-WA1253.jpg
IMG-20260813-WA1254.jpg,Interior_Design,C:\Users\Priyanka\OneDrive\Desktop\Smart_Screenshot_Search_Engine\Interior_Design\IMG-20260813-WA1254.jpg
IMG-20260813-WA1255.jpg,Interior_Design,C:\Users\Priyanka\OneDrive\Desktop\Smart_Screenshot_Search_Engine\Interior_Design\IMG-20260813-WA1255.jpg
IMG-20260813-WA1256.jpg,Interior_Design,C:\Users\Priyanka\OneDrive\Desktop\Smart_Screenshot_Search_Engine\Interior_Design\IMG-20260813-WA1256.jpg
IMG-20260813-WA1487.jpg,Interior_Design,C:\Users\Priyanka\OneDrive\Desktop\Smart_Screenshot_Search_Engine\Interior_Design\IMG-20260813-WA1487.jpg
IMG-20260813-WA1491.jpg,Interior_Design,C:\Users\Priyanka\OneDrive\Desktop\Smart_Screenshot_Search_Engine\Interior_Design\IMG-20260813-WA1491.jpg
IMG-20260813-WA1558.jpg,Interior_Design,C:\Users\Priyanka\OneDrive\Desktop\Smart_Screenshot_Search_Engine\Interior_Design\IMG-20260813-WA1558.jpg
IMG-20260813-WA1559.jpg,Interior_Design,C:\Users\Priyanka\OneDrive\Desktop\Smart_Screenshot_Search_Engine\Interior_Design\IMG-20260813-WA1559.jpg
IMG-20260813-WA1560.jpg,Interior_Design,C:\Users\Priyanka\OneDrive\Desktop\Smart_Screenshot_Search_Engine\Interior_Design\IMG-20260813-WA1560.jpg
IMG-20260813-WA1561.jpg,Interior_Design,C:\Users\Priyanka\OneDrive\Desktop\Smart_Screenshot_Search_Engine\Interior_Design\IMG-20260813-WA1561.jpg
IMG-20260813-WA1562.jpg,Interior_Design,C:\Users\Priyanka\OneDrive\Desktop\Smart_Screenshot_Search_Engine\Interior_Design\IMG-20260813-WA1562.jpg
IMG-20260813-WA1563.jpg,Interior_Design,C:\Users\Priyanka\OneDrive\Desktop\Smart_Screenshot_Search_Engine\Interior_Design\IMG-20260813-WA1563.jpg
IMG-20260813-WA1564.jpg,Interior_Design,C:\Users\Priyanka\OneDrive\Desktop\Smart_Screenshot_Search_Engine\Interior_Design\IMG-20260813-WA1564.jpg
IMG-20260813-WA1565.jpg,Interior_Design,C:\Users\Priyanka\OneDrive\Desktop\Smart_Screenshot_Search_Engine\Interior_Design\IMG-20260813-WA1565.jpg
IMG-20260813-WA1566.jpg,Interior_Design,C:\Users\Priyanka\OneDrive\Desktop\Smart_Screenshot_Search_Engine\Interior_Design\IMG-20260813-WA1566.jpg
IMG-20260813-WA1567.jpg,Interior_Design,C:\Users\Priyanka\OneDrive\Desktop\Smart_Screenshot_Search_Engine\Interior_Design\IMG-20260813-WA1567.jpg
IMG-20260813-WA1568.jpg,Interior_Design,C:\Users\Priyanka\OneDrive\Desktop\Smart_Screenshot_Search_Engine\Interior_Design\IMG-20260813-WA1568.jpg
IMG-20260813-WA1569.jpg,Interior_Design,C:\Users\Priyanka\OneDrive\Desktop\Smart_Screenshot_Search_Engine\Interior_Design\IMG-20260813-WA1569.jpg
IMG-20260813-WA1570.jpg,Interior_Design,C:\Users\Priyanka\OneDrive\Desktop\Smart_Screenshot_Search_Engine\Interior_Design\IMG-20260813-WA1570.jpg
IMG-20260813-WA1587.jpg,Interior_Design,C:\Users\Priyanka\OneDrive\Desktop\Smart_Screenshot_Search_Engine\Interior_Design\IMG-20260813-WA1587.jpg
IMG-20260813-WA1588.jpg,Interior_Design,C:\Users\Priyanka\OneDrive\Desktop\Smart_Screenshot_Search_Engine\Interior_Design\IMG-20260813-WA1588.jpg
IMG-20260813-WA1589.jpg,Interior_Design,C:\Users\Priyanka\OneDrive\Desktop\Smart_Screenshot_Search_Engine\Interior_Design\IMG-20260813-WA1589.jpg
IMG-20260813-WA1590.jpg,Interior_Design,C:\Users\Priyanka\OneDrive\Desktop\Smart_Screenshot_Search_Engine\Interior_Design\IMG-20260813-WA1590.jpg
IMG-20260813-WA1591.jpg,Interior_Design,C:\Users\Priyanka\OneDrive\Desktop\Smart_Screenshot_Search_Engine\Interior_Design\IMG-20260813-WA1591.jpg
IMG-20260813-WA1592.jpg,Interior_Design,C:\Users\Priyanka\OneDrive\Desktop\Smart_Screenshot_Search_Engine\Interior_Design\IMG-20260813-WA1592.jpg
IMG-20260813-WA1593.jpg,Interior_Design,C:\Users\Priyanka\OneDrive\Desktop\Smart_Screenshot_Search_Engine\Interior_Design\IMG-20260813-WA1593.jpg
IMG-20260813-WA1594.jpg,Interior_Design,C:\Users\Priyanka\OneDrive\Desktop\Smart_Screenshot_Search_Engine\Interior_Design\IMG-20260813-WA1594.jpg
IMG-20260813-WA1595.jpg,Interior_Design,C:\Users\Priyanka\OneDrive\Desktop\Smart_Screenshot_Search_Engine\Interior_Design\IMG-20260813-WA1595.jpg
IMG-20260813-WA1596.jpg,Interior_Design,C:\Users\Priyanka\OneDrive\Desktop\Smart_Screenshot_Search_Engine\Interior_Design\IMG-20260813-WA1596.jpg
IMG-20260813-WA1597.jpg,Interior_Design,C:\Users\Priyanka\OneDrive\Desktop\Smart_Screenshot_Search_Engine\Interior_Design\IMG-20260813-WA1597.jpg
IMG-20260813-WA1598.jpg,Interior_Design,C:\Users\Priyanka\OneDrive\Desktop\Smart_Screenshot_Search_Engine\Interior_Design\IMG-20260813-WA1598.jpg
IMG-20260813-WA1599.jpg,Interior_Design,C:\Users\Priyanka\OneDrive\Desktop\Smart_Screenshot_Search_Engine\Interior_Design\IMG-20260813-WA1599.jpg
IMG-20260813-WA1600.jpg,Interior_Design,C:\Users\Priyanka\OneDrive\Desktop\Smart_Screenshot_Search_Engine\Interior_Design\IMG-20260813-WA1600.jpg
IMG-20260813-WA1601.jpg,Interior_Design,C:\Users\Priyanka\OneDrive\Desktop\Smart_Screenshot_Search_Engine\Interior_Design\IMG-20260813-WA1601.jpg
IMG-20260813-WA1602.jpg,Interior_Design,C:\Users\Priyanka\OneDrive\Desktop\Smart_Screenshot_Search_Engine\Interior_Design\IMG-20260813-WA1602.jpg
IMG-20260813-WA1603.jpg,Interior_Design,C:\Users\Priyanka\OneDrive\Desktop\Smart_Screenshot_Search_Engine\Interior_Design\IMG-20260813-WA1603.jpg
IMG-20260813-WA1604.jpg,Interior_Design,C:\Users\Priyanka\OneDrive\Desktop\Smart_Screenshot_Search_Engine\Interior_Design\IMG-20260813-WA1604.jpg
IMG-20260813-WA1605.jpg,Interior_Design,C:\Users\Priyanka\OneDrive\Desktop\Smart_Screenshot_Search_Engine\Interior_Design\IMG-20260813-WA1605.jpg
IMG-20260813-WA1606.jpg,Interior_Design,C:\Users\Priyanka\OneDrive\Desktop\Smart_Screenshot_Search_Engine\Interior_Design\IMG-20260813-WA1606.jpg
IMG-20260813-WA1607.jpg,Interior_Design,C:\Users\Priyanka\OneDrive\Desktop\Smart_Screenshot_Search_Engine\Interior_Design\IMG-20260813-WA1607.jpg
IMG-20260813-WA1608.jpg,Interior_Design,C:\Users\Priyanka\OneDrive\Desktop\Smart_Screenshot_Search_Engine\Interior_Design\IMG-20260813-WA1608.jpg
IMG-20260813-WA1609.jpg,Interior_Design,C:\Users\Priyanka\OneDrive\Desktop\Smart_Screenshot_Search_Engine\Interior_Design\IMG-20260813-WA1609.jpg
IMG-20260813-WA1610.jpg,Interior_Design,C:\Users\Priyanka\OneDrive\Desktop\Smart_Screenshot_Search_Engine\Interior_Design\IMG-20260813-WA1610.jpg
IMG-20260813-WA1611.jpg,Interior_Design,C:\Users\Priyanka\OneDrive\Desktop\Smart_Screenshot_Search_Engine\Interior_Design\IMG-20260813-WA1611.jpg
IMG-20260813-WA1612.jpg,Interior_Design,C:\Users\Priyanka\OneDrive\Desktop\Smart_Screenshot_Search_Engine\Interior_Design\IMG-20260813-WA1612.jpg
IMG-20260813-WA1613.jpg,Interior_Design,C:\Users\Priyanka\OneDrive\Desktop\Smart_Screenshot_Search_Engine\Interior_Design\IMG-20260813-WA1613.jpg
IMG-20260813-WA1614.jpg,Interior_Design,C:\Users\Priyanka\OneDrive\Desktop\Smart_Screenshot_Search_Engine\Interior_Design\IMG-20260813-WA1614.jpg
IMG-20260813-WA1615.jpg,Interior_Design,C:\Users\Priyanka\OneDrive\Desktop\Smart_Screenshot_Search_Engine\Interior_Design\IMG-20260813-WA1615.jpg
IMG-20260813-WA1616.jpg,Interior_Design,C:\Users\Priyanka\OneDrive\Desktop\Smart_Screenshot_Search_Engine\Interior_Design\IMG-20260813-WA1616.jpg
IMG-20260813-WA1617.jpg,Interior_Design,C:\Users\Priyanka\OneDrive\Desktop\Smart_Screenshot_Search_Engine\Interior_Design\IMG-20260813-WA1617.jpg
IMG-20260813-WA1618.jpg,Interior_Design,C:\Users\Priyanka\OneDrive\Desktop\Smart_Screenshot_Search_Engine\Interior_Design\IMG-20260813-WA1618.jpg
IMG-20260813-WA1619.jpg,Interior_Design,C:\Users\Priyanka\OneDrive\Desktop\Smart_Screenshot_Search_Engine\Interior_Design\IMG-20260813-WA1619.jpg
IMG-20260813-WA1620.jpg,Interior_Design,C:\Users\Priyanka\OneDrive\Desktop\Smart_Screenshot_Search_Engine\Interior_Design\IMG-20260813-WA1620.jpg
IMG-20260813-WA1621.jpg,Interior_Design,C:\Users\Priyanka\OneDrive\Desktop\Smart_Screenshot_Search_Engine\Interior_Design\IMG-20260813-WA1621.jpg
IMG-20260813-WA1622.jpg,Interior_Design,C:\Users\Priyanka\OneDrive\Desktop\Smart_Screenshot_Search_Engine\Interior_Design\IMG-20260813-WA1622.jpg
IMG-20260813-WA1623.jpg,Interior_Design,C:\Users\Priyanka\OneDrive\Desktop\Smart_Screenshot_Search_Engine\Interior_Design\IMG-20260813-WA1623.jpg
IMG-20260813-WA1624.jpg,Interior_Design,C:\Users\Priyanka\OneDrive\Desktop\Smart_Screenshot_Search_Engine\Interior_Design\IMG-20260813-WA1624.jpg
IMG-20260813-WA1625.jpg,Interior_Design,C:\Users\Priyanka\OneDrive\Desktop\Smart_Screenshot_Search_Engine\Interior_Design\IMG-20260813-WA1625.jpg
IMG-20260813-WA1626.jpg,Interior_Design,C:\Users\Priyanka\OneDrive\Desktop\Smart_Screenshot_Search_Engine\Interior_Design\IMG-20260813-WA1626.jpg
IMG-20260813-WA1627.jpg,Interior_Design,C:\Users\Priyanka\OneDrive\Desktop\Smart_Screenshot_Search_Engine\Interior_Design\IMG-20260813-WA1627.jpg
IMG-20260813-WA1628.jpg,Interior_Design,C:\Users\Priyanka\OneDrive\Desktop\Smart_Screenshot_Search_Engine\Interior_Design\IMG-20260813-WA1628.jpg
IMG-20260813-WA1629.jpg,Interior_Design,C:\Users\Priyanka\OneDrive\Desktop\Smart_Screenshot_Search_Engine\Interior_Design\IMG-20260813-WA1629.jpg
IMG-20260813-WA1630.jpg,Interior_Design,C:\Users\Priyanka\OneDrive\Desktop\Smart_Screenshot_Search_Engine\Interior_Design\IMG-20260813-WA1630.jpg
IMG-20260813-WA1631.jpg,Interior_Design,C:\Users\Priyanka\OneDrive\Desktop\Smart_Screenshot_Search_Engine\Interior_Design\IMG-20260813-WA1631.jpg
IMG-20260813-WA1632.jpg,Interior_Design,C:\Users\Priyanka\OneDrive\Desktop\Smart_Screenshot_Search_Engine\Interior_Design\IMG-20260813-WA1632.jpg
IMG-20260813-WA1633.jpg,Interior_Design,C:\Users\Priyanka\OneDrive\Desktop\Smart_Screenshot_Search_Engine\Interior_Design\IMG-20260813-WA1633.jpg
IMG-20260813-WA1634.jpg,Interior_Design,C:\Users\Priyanka\OneDrive\Desktop\Smart_Screenshot_Search_Engine\Interior_Design\IMG-20260813-WA1634.jpg
IMG-20260813-WA1635.jpg,Interior_Design,C:\Users\Priyanka\OneDrive\Desktop\Smart_Screenshot_Search_Engine\Interior_Design\IMG-20260813-WA1635.jpg
IMG-20260813-WA1636.jpg,Interior_Design,C:\Users\Priyanka\OneDrive\Desktop\Smart_Screenshot_Search_Engine\Interior_Design\IMG-20260813-WA1636.jpg
IMG-20260813-WA1637.jpg,Interior_Design,C:\Users\Priyanka\OneDrive\Desktop\Smart_Screenshot_Search_Engine\Interior_Design\IMG-20260813-WA1637.jpg
IMG-20260813-WA1638.jpg,Interior_Design,C:\Users\Priyanka\OneDrive\Desktop\Smart_Screenshot_Search_Engine\Interior_Design\IMG-20260813-WA1638.jpg
IMG-20260813-WA1639.jpg,Interior_Design,C:\Users\Priyanka\OneDrive\Desktop\Smart_Screenshot_Search_Engine\Interior_Design\IMG-20260813-WA1639.jpg
IMG-20260813-WA1640.jpg,Interior_Design,C:\Users\Priyanka\OneDrive\Desktop\Smart_Screenshot_Search_Engine\Interior_Design\IMG-20260813-WA1640.jpg
IMG-20260813-WA1641.jpg,Interior_Design,C:\Users\Priyanka\OneDrive\Desktop\Smart_Screenshot_Search_Engine\Interior_Design\IMG-20260813-WA1641.jpg
IMG-20260813-WA1642.jpg,Interior_Design,C:\Users\Priyanka\OneDrive\Desktop\Smart_Screenshot_Search_Engine\Interior_Design\IMG-20260813-WA1642.jpg
IMG-20260813-WA1643.jpg,Interior_Design,C:\Users\Priyanka\OneDrive\Desktop\Smart_Screenshot_Search_Engine\Interior_Design\IMG-20260813-WA1643.jpg
IMG-20260813-WA1644.jpg,Interior_Design,C:\Users\Priyanka\OneDrive\Desktop\Smart_Screenshot_Search_Engine\Interior_Design\IMG-20260813-WA1644.jpg
IMG-20260813-WA1645.jpg,Interior_Design,C:\Users\Priyanka\OneDrive\Desktop\Smart_Screenshot_Search_Engine\Interior_Design\IMG-20260813-WA1645.jpg
IMG-20260813-WA1646.jpg,Interior_Design,C:\Users\Priyanka\OneDrive\Desktop\Smart_Screenshot_Search_Engine\Interior_Design\IMG-20260813-WA1646.jpg
IMG-20260813-WA1647.jpg,Interior_Design,C:\Users\Priyanka\OneDrive\Desktop\Smart_Screenshot_Search_Engine\Interior_Design\IMG-20260813-WA1647.jpg
IMG-20260813-WA1648.jpg,Interior_Design,C:\Users\Priyanka\OneDrive\Desktop\Smart_Screenshot_Search_Engine\Interior_Design\IMG-20260813-WA1648.jpg
IMG-20260813-WA1649.jpg,Interior_Design,C:\Users\Priyanka\OneDrive\Desktop\Smart_Screenshot_Search_Engine\Interior_Design\IMG-20260813-WA1649.jpg
IMG-20260813-WA1650.jpg,Interior_Design,C:\Users\Priyanka\OneDrive\Desktop\Smart_Screenshot_Search_Engine\Interior_Design\IMG-20260813-WA1650.jpg
IMG-20260813-WA1651.jpg,Interior_Design,C:\Users\Priyanka\OneDrive\Desktop\Smart_Screenshot_Search_Engine\Interior_Design\IMG-20260813-WA1651.jpg
IMG-20260813-WA1652.jpg,Interior_Design,C:\Users\Priyanka\OneDrive\Desktop\Smart_Screenshot_Search_Engine\Interior_Design\IMG-20260813-WA1652.jpg
IMG-20260813-WA1653.jpg,Interior_Design,C:\Users\Priyanka\OneDrive\Desktop\Smart_Screenshot_Search_Engine\Interior_Design\IMG-20260813-WA1653.jpg
IMG-20260813-WA1654.jpg,Interior_Design,C:\Users\Priyanka\OneDrive\Desktop\Smart_Screenshot_Search_Engine\Interior_Design\IMG-20260813-WA1654.jpg
IMG-20260813-WA1655.jpg,Interior_Design,C:\Users\Priyanka\OneDrive\Desktop\Smart_Screenshot_Search_Engine\Interior_Design\IMG-20260813-WA1655.jpg
IMG-20260813-WA1656.jpg,Interior_Design,C:\Users\Priyanka\OneDrive\Desktop\Smart_Screenshot_Search_Engine\Interior_Design\IMG-20260813-WA1656.jpg
IMG-20260813-WA1657.jpg,Interior_Design,C:\Users\Priyanka\OneDrive\Desktop\Smart_Screenshot_Search_Engine\Interior_Design\IMG-20260813-WA1657.jpg
IMG-20260813-WA1658.jpg,Interior_Design,C:\Users\Priyanka\OneDrive\Desktop\Smart_Screenshot_Search_Engine\Interior_Design\IMG-20260813-WA1658.jpg
IMG-20260813-WA1659.jpg,Interior_Design,C:\Users\Priyanka\OneDrive\Desktop\Smart_Screenshot_Search_Engine\Interior_Design\IMG-20260813-WA1659.jpg
IMG-20260813-WA1660.jpg,Interior_Design,C:\Users\Priyanka\OneDrive\Desktop\Smart_Screenshot_Search_Engine\Interior_Design\IMG-20260813-WA1660.jpg
IMG-20260813-WA1661.jpg,Interior_Design,C:\Users\Priyanka\OneDrive\Desktop\Smart_Screenshot_Search_Engine\Interior_Design\IMG-20260813-WA1661.jpg
IMG-20260813-WA1662.jpg,Interior_Design,C:\Users\Priyanka\OneDrive\Desktop\Smart_Screenshot_Search_Engine\Interior_Design\IMG-20260813-WA1662.jpg
IMG-20260813-WA1663.jpg,Interior_Design,C:\Users\Priyanka\OneDrive\Desktop\Smart_Screenshot_Search_Engine\Interior_Design\IMG-20260813-WA1663.jpg
IMG-20260813-WA1664.jpg,Interior_Design,C:\Users\Priyanka\OneDrive\Desktop\Smart_Screenshot_Search_Engine\Interior_Design\IMG-20260813-WA1664.jpg
IMG-20260813-WA1665.jpg,Interior_Design,C:\Users\Priyanka\OneDrive\Desktop\Smart_Screenshot_Search_Engine\Interior_Design\IMG-20260813-WA1665.jpg
IMG-20260813-WA1666.jpg,Interior_Design,C:\Users\Priyanka\OneDrive\Desktop\Smart_Screenshot_Search_Engine\Interior_Design\IMG-20260813-WA1666.jpg
IMG-20260813-WA1667.jpg,Interior_Design,C:\Users\Priyanka\OneDrive\Desktop\Smart_Screenshot_Search_Engine\Interior_Design\IMG-20260813-WA1667.jpg
IMG-20260813-WA1668.jpg,Interior_Design,C:\Users\Priyanka\OneDrive\Desktop\Smart_Screenshot_Search_Engine\Interior_Design\IMG-20260813-WA1668.jpg
IMG-20260813-WA1669.jpg,Interior_Design,C:\Users\Priyanka\OneDrive\Desktop\Smart_Screenshot_Search_Engine\Interior_Design\IMG-20260813-WA1669.jpg
IMG-20260813-WA1670.jpg,Interior_Design,C:\Users\Priyanka\OneDrive\Desktop\Smart_Screenshot_Search_Engine\Interior_Design\IMG-20260813-WA1670.jpg
IMG-20260813-WA1671.jpg,Interior_Design,C:\Users\Priyanka\OneDrive\Desktop\Smart_Screenshot_Search_Engine\Interior_Design\IMG-20260813-WA1671.jpg
IMG-20260813-WA1672.jpg,Interior_Design,C:\Users\Priyanka\OneDrive\Desktop\Smart_Screenshot_Search_Engine\Interior_Design\IMG-20260813-WA1672.jpg
IMG-20260813-WA1673.jpg,Interior_Design,C:\Users\Priyanka\OneDrive\Desktop\Smart_Screenshot_Search_Engine\Interior_Design\IMG-20260813-WA1673.jpg
IMG-20260813-WA1674.jpg,Interior_Design,C:\Users\Priyanka\OneDrive\Desktop\Smart_Screenshot_Search_Engine\Interior_Design\IMG-20260813-WA1674.jpg
IMG-20260813-WA1675.jpg,Interior_Design,C:\Users\Priyanka\OneDrive\Desktop\Smart_Screenshot_Search_Engine\Interior_Design\IMG-20260813-WA1675.jpg
IMG-20260813-WA1676.jpg,Interior_Design,C:\Users\Priyanka\OneDrive\Desktop\Smart_Screenshot_Search_Engine\Interior_Design\IMG-20260813-WA1676.jpg
IMG-20260813-WA1677.jpg,Interior_Design,C:\Users\Priyanka\OneDrive\Desktop\Smart_Screenshot_Search_Engine\Interior_Design\IMG-20260813-WA1677.jpg
IMG-20260813-WA1678.jpg,Interior_Design,C:\Users\Priyanka\OneDrive\Desktop\Smart_Screenshot_Search_Engine\Interior_Design\IMG-20260813-WA1678.jpg
IMG-20260813-WA1679.jpg,Interior_Design,C:\Users\Priyanka\OneDrive\Desktop\Smart_Screenshot_Search_Engine\Interior_Design\IMG-20260813-WA1679.jpg
IMG-20260813-WA1680.jpg,Interior_Design,C:\Users\Priyanka\OneDrive\Desktop\Smart_Screenshot_Search_Engine\Interior_Design\IMG-20260813-WA1680.jpg
IMG-20260813-WA1681.jpg,Interior_Design,C:\Users\Priyanka\OneDrive\Desktop\Smart_Screenshot_Search_Engine\Interior_Design\IMG-20260813-WA1681.jpg
IMG-20260813-WA1682.jpg,Interior_Design,C:\Users\Priyanka\OneDrive\Desktop\Smart_Screenshot_Search_Engine\Interior_Design\IMG-20260813-WA1682.jpg
IMG-20260813-WA1683.jpg,Interior_Design,C:\Users\Priyanka\OneDrive\Desktop\Smart_Screenshot_Search_Engine\Interior_Design\IMG-20260813-WA1683.jpg
IMG-20260813-WA1684.jpg,Interior_Design,C:\Users\Priyanka\OneDrive\Desktop\Smart_Screenshot_Search_Engine\Interior_Design\IMG-20260813-WA1684.jpg
IMG-20260813-WA1685.jpg,Interior_Design,C:\Users\Priyanka\OneDrive\Desktop\Smart_Screenshot_Search_Engine\Interior_Design\IMG-20260813-WA1685.jpg
IMG-20260813-WA1686.jpg,Interior_Design,C:\Users\Priyanka\OneDrive\Desktop\Smart_Screenshot_Search_Engine\Interior_Design\IMG-20260813-WA1686.jpg
IMG-20260813-WA1687.jpg,Interior_Design,C:\Users\Priyanka\OneDrive\Desktop\Smart_Screenshot_Search_Engine\Interior_Design\IMG-20260813-WA1687.jpg
IMG-20260813-WA1688.jpg,Interior_Design,C:\Users\Priyanka\OneDrive\Desktop\Smart_Screenshot_Search_Engine\Interior_Design\IMG-20260813-WA1688.jpg
IMG-20260813-WA1689.jpg,Interior_Design,C:\Users\Priyanka\OneDrive\Desktop\Smart_Screenshot_Search_Engine\Interior_Design\IMG-20260813-WA1689.jpg
IMG-20260813-WA1690.jpg,Interior_Design,C:\Users\Priyanka\OneDrive\Desktop\Smart_Screenshot_Search_Engine\Interior_Design\IMG-20260813-WA1690.jpg
IMG-20260813-WA1691.jpg,Interior_Design,C:\Users\Priyanka\OneDrive\Desktop\Smart_Screenshot_Search_Engine\Interior_Design\IMG-20260813-WA1691.jpg
IMG-20260813-WA1692.jpg,Interior_Design,C:\Users\Priyanka\OneDrive\Desktop\Smart_Screenshot_Search_Engine\Interior_Design\IMG-20260813-WA1692.jpg
IMG-20260813-WA1693.jpg,Interior_Design,C:\Users\Priyanka\OneDrive\Desktop\Smart_Screenshot_Search_Engine\Interior_Design\IMG-20260813-WA1693.jpg
IMG-20260813-WA1694.jpg,Interior_Design,C:\Users\Priyanka\OneDrive\Desktop\Smart_Screenshot_Search_Engine\Interior_Design\IMG-20260813-WA1694.jpg
IMG-20260813-WA1695.jpg,Interior_Design,C:\Users\Priyanka\OneDrive\Desktop\Smart_Screenshot_Search_Engine\Interior_Design\IMG-20260813-WA1695.jpg
IMG-20260813-WA1696.jpg,Interior_Design,C:\Users\Priyanka\OneDrive\Desktop\Smart_Screenshot_Search_Engine\Interior_Design\IMG-20260813-WA1696.jpg
IMG-20260813-WA1697.jpg,Interior_Design,C:\Users\Priyanka\OneDrive\Desktop\Smart_Screenshot_Search_Engine\Interior_Design\IMG-20260813-WA1697.jpg
IMG-20260813-WA1698.jpg,Interior_Design,C:\Users\Priyanka\OneDrive\Desktop\Smart_Screenshot_Search_Engine\Interior_Design\IMG-20260813-WA1698.jpg
IMG-20260813-WA1699.jpg,Interior_Design,C:\Users\Priyanka\OneDrive\Desktop\Smart_Screenshot_Search_Engine\Interior_Design\IMG-20260813-WA1699.jpg
IMG-20260813-WA1700.jpg,Interior_Design,C:\Users\Priyanka\OneDrive\Desktop\Smart_Screenshot_Search_Engine\Interior_Design\IMG-20260813-WA1700.jpg
IMG-20260813-WA1701.jpg,Interior_Design,C:\Users\Priyanka\OneDrive\Desktop\Smart_Screenshot_Search_Engine\Interior_Design\IMG-20260813-WA1701.jpg
IMG-20260813-WA1702.jpg,Interior_Design,C:\Users\Priyanka\OneDrive\Desktop\Smart_Screenshot_Search_Engine\Interior_Design\IMG-20260813-WA1702.jpg
IMG-20260813-WA1703.jpg,Interior_Design,C:\Users\Priyanka\OneDrive\Desktop\Smart_Screenshot_Search_Engine\Interior_Design\IMG-20260813-WA1703.jpg
IMG-20260813-WA1704.jpg,Interior_Design,C:\Users\Priyanka\OneDrive\Desktop\Smart_Screenshot_Search_Engine\Interior_Design\IMG-20260813-WA1704.jpg
IMG-20260813-WA1705.jpg,Interior_Design,C:\Users\Priyanka\OneDrive\Desktop\Smart_Screenshot_Search_Engine\Interior_Design\IMG-20260813-WA1705.jpg
IMG-20260813-WA1706.jpg,Interior_Design,C:\Users\Priyanka\OneDrive\Desktop\Smart_Screenshot_Search_Engine\Interior_Design\IMG-20260813-WA1706.jpg
IMG-20260813-WA1707.jpg,Interior_Design,C:\Users\Priyanka\OneDrive\Desktop\Smart_Screenshot_Search_Engine\Interior_Design\IMG-20260813-WA1707.jpg
IMG-20260813-WA1708.jpg,Interior_Design,C:\Users\Priyanka\OneDrive\Desktop\Smart_Screenshot_Search_Engine\Interior_Design\IMG-20260813-WA1708.jpg
IMG-20260813-WA1709.jpg,Interior_Design,C:\Users\Priyanka\OneDrive\Desktop\Smart_Screenshot_Search_Engine\Interior_Design\IMG-20260813-WA1709.jpg
IMG-20260813-WA1710.jpg,Interior_Design,C:\Users\Priyanka\OneDrive\Desktop\Smart_Screenshot_Search_Engine\Interior_Design\IMG-20260813-WA1710.jpg
IMG-20260813-WA1711.jpg,Interior_Design,C:\Users\Priyanka\OneDrive\Desktop\Smart_Screenshot_Search_Engine\Interior_Design\IMG-20260813-WA1711.jpg
IMG-20260813-WA1712.jpg,Interior_Design,C:\Users\Priyanka\OneDrive\Desktop\Smart_Screenshot_Search_Engine\Interior_Design\IMG-20260813-WA1712.jpg
IMG-20260813-WA1713.jpg,Interior_Design,C:\Users\Priyanka\OneDrive\Desktop\Smart_Screenshot_Search_Engine\Interior_Design\IMG-20260813-WA1713.jpg
IMG-20260813-WA1714.jpg,Interior_Design,C:\Users\Priyanka\OneDrive\Desktop\Smart_Screenshot_Search_Engine\Interior_Design\IMG-20260813-WA1714.jpg
IMG-20260813-WA1715.jpg,Interior_Design,C:\Users\Priyanka\OneDrive\Desktop\Smart_Screenshot_Search_Engine\Interior_Design\IMG-20260813-WA1715.jpg
IMG-20260813-WA1716.jpg,Interior_Design,C:\Users\Priyanka\OneDrive\Desktop\Smart_Screenshot_Search_Engine\Interior_Design\IMG-20260813-WA1716.jpg
IMG-20260813-WA1717.jpg,Interior_Design,C:\Users\Priyanka\OneDrive\Desktop\Smart_Screenshot_Search_Engine\Interior_Design\IMG-20260813-WA1717.jpg
IMG-20260813-WA1718.jpg,Interior_Design,C:\Users\Priyanka\OneDrive\Desktop\Smart_Screenshot_Search_Engine\Interior_Design\IMG-20260813-WA1718.jpg
IMG-20260813-WA1719.jpg,Interior_Design,C:\Users\Priyanka\OneDrive\Desktop\Smart_Screenshot_Search_Engine\Interior_Design\IMG-20260813-WA1719.jpg
IMG-20260813-WA1720.jpg,Interior_Design,C:\Users\Priyanka\OneDrive\Desktop\Smart_Screenshot_Search_Engine\Interior_Design\IMG-20260813-WA1720.jpg
IMG-20260813-WA1721.jpg,Interior_Design,C:\Users\Priyanka\OneDrive\Desktop\Smart_Screenshot_Search_Engine\Interior_Design\IMG-20260813-WA1721.jpg
IMG-20260813-WA1722.jpg,Interior_Design,C:\Users\Priyanka\OneDrive\Desktop\Smart_Screenshot_Search_Engine\Interior_Design\IMG-20260813-WA1722.jpg
IMG-20260813-WA1723.jpg,Interior_Design,C:\Users\Priyanka\OneDrive\Desktop\Smart_Screenshot_Search_Engine\Interior_Design\IMG-20260813-WA1723.jpg
IMG-20260813-WA1724.jpg,Interior_Design,C:\Users\Priyanka\OneDrive\Desktop\Smart_Screenshot_Search_Engine\Interior_Design\IMG-20260813-WA1724.jpg
IMG-20260813-WA1725.jpg,Interior_Design,C:\Users\Priyanka\OneDrive\Desktop\Smart_Screenshot_Search_Engine\Interior_Design\IMG-20260813-WA1725.jpg
IMG-20260813-WA1726.jpg,Interior_Design,C:\Users\Priyanka\OneDrive\Desktop\Smart_Screenshot_Search_Engine\Interior_Design\IMG-20260813-WA1726.jpg
IMG-20260813-WA1727.jpg,Interior_Design,C:\Users\Priyanka\OneDrive\Desktop\Smart_Screenshot_Search_Engine\Interior_Design\IMG-20260813-WA1727.jpg
IMG-20260813-WA1728.jpg,Interior_Design,C:\Users\Priyanka\OneDrive\Desktop\Smart_Screenshot_Search_Engine\Interior_Design\IMG-20260813-WA1728.jpg
IMG-20260813-WA1729.jpg,Interior_Design,C:\Users\Priyanka\OneDrive\Desktop\Smart_Screenshot_Search_Engine\Interior_Design\IMG-20260813-WA1729.jpg
IMG-20260813-WA1730.jpg,Interior_Design,C:\Users\Priyanka\OneDrive\Desktop\Smart_Screenshot_Search_Engine\Interior_Design\IMG-20260813-WA1730.jpg
IMG-20260813-WA1731.jpg,Interior_Design,C:\Users\Priyanka\OneDrive\Desktop\Smart_Screenshot_Search_Engine\Interior_Design\IMG-20260813-WA1731.jpg
IMG-20260813-WA1732.jpg,Interior_Design,C:\Users\Priyanka\OneDrive\Desktop\Smart_Screenshot_Search_Engine\Interior_Design\IMG-20260813-WA1732.jpg
IMG-20260813-WA1733.jpg,Interior_Design,C:\Users\Priyanka\OneDrive\Desktop\Smart_Screenshot_Search_Engine\Interior_Design\IMG-20260813-WA1733.jpg
IMG-20260813-WA1734.jpg,Interior_Design,C:\Users\Priyanka\OneDrive\Desktop\Smart_Screenshot_Search_Engine\Interior_Design\IMG-20260813-WA1734.jpg
IMG-20260813-WA1735.jpg,Interior_Design,C:\Users\Priyanka\OneDrive\Desktop\Smart_Screenshot_Search_Engine\Interior_Design\IMG-20260813-WA1735.jpg
IMG-20260813-WA1736.jpg,Interior_Design,C:\Users\Priyanka\OneDrive\Desktop\Smart_Screenshot_Search_Engine\Interior_Design\IMG-20260813-WA1736.jpg
IMG-20260813-WA1737.jpg,Interior_Design,C:\Users\Priyanka\OneDrive\Desktop\Smart_Screenshot_Search_Engine\Interior_Design\IMG-20260813-WA1737.jpg
IMG-20260813-WA1738.jpg,Interior_Design,C:\Users\Priyanka\OneDrive\Desktop\Smart_Screenshot_Search_Engine\Interior_Design\IMG-20260813-WA1738.jpg
IMG-20260813-WA1739.jpg,Interior_Design,C:\Users\Priyanka\OneDrive\Desktop\Smart_Screenshot_Search_Engine\Interior_Design\IMG-20260813-WA1739.jpg
IMG-20260813-WA1740.jpg,Interior_Design,C:\Users\Priyanka\OneDrive\Desktop\Smart_Screenshot_Search_Engine\Interior_Design\IMG-20260813-WA1740.jpg
IMG-20260813-WA1741.jpg,Interior_Design,C:\Users\Priyanka\OneDrive\Desktop\Smart_Screenshot_Search_Engine\Interior_Design\IMG-20260813-WA1741.jpg
IMG-20260813-WA1742.jpg,Interior_Design,C:\Users\Priyanka\OneDrive\Desktop\Smart_Screenshot_Search_Engine\Interior_Design\IMG-20260813-WA1742.jpg
IMG-20260813-WA1743.jpg,Interior_Design,C:\Users\Priyanka\OneDrive\Desktop\Smart_Screenshot_Search_Engine\Interior_Design\IMG-20260813-WA1743.jpg
IMG-20260813-WA1744.jpg,Interior_Design,C:\Users\Priyanka\OneDrive\Desktop\Smart_Screenshot_Search_Engine\Interior_Design\IMG-20260813-WA1744.jpg
IMG-20260813-WA1745.jpg,Interior_Design,C:\Users\Priyanka\OneDrive\Desktop\Smart_Screenshot_Search_Engine\Interior_Design\IMG-20260813-WA1745.jpg
IMG-20260813-WA1746.jpg,Interior_Design,C:\Users\Priyanka\OneDrive\Desktop\Smart_Screenshot_Search_Engine\Interior_Design\IMG-20260813-WA1746.jpg
IMG-20260813-WA1747.jpg,Interior_Design,C:\Users\Priyanka\OneDrive\Desktop\Smart_Screenshot_Search_Engine\Interior_Design\IMG-20260813-WA1747.jpg
IMG-20260813-WA1748.jpg,Interior_Design,C:\Users\Priyanka\OneDrive\Desktop\Smart_Screenshot_Search_Engine\Interior_Design\IMG-20260813-WA1748.jpg
IMG-20260813-WA1749.jpg,Interior_Design,C:\Users\Priyanka\OneDrive\Desktop\Smart_Screenshot_Search_Engine\Interior_Design\IMG-20260813-WA1749.jpg
IMG-20260813-WA1750.jpg,Interior_Design,C:\Users\Priyanka\OneDrive\Desktop\Smart_Screenshot_Search_Engine\Interior_Design\IMG-20260813-WA1750.jpg
IMG-20260813-WA1751.jpg,Interior_Design,C:\Users\Priyanka\OneDrive\Desktop\Smart_Screenshot_Search_Engine\Interior_Design\IMG-20260813-WA1751.jpg
IMG-20260813-WA1752.jpg,Interior_Design,C:\Users\Priyanka\OneDrive\Desktop\Smart_Screenshot_Search_Engine\Interior_Design\IMG-20260813-WA1752.jpg
IMG-20260813-WA1753.jpg,Interior_Design,C:\Users\Priyanka\OneDrive\Desktop\Smart_Screenshot_Search_Engine\Interior_Design\IMG-20260813-WA1753.jpg
IMG-20260813-WA1754.jpg,Interior_Design,C:\Users\Priyanka\OneDrive\Desktop\Smart_Screenshot_Search_Engine\Interior_Design\IMG-20260813-WA1754.jpg
IMG-20260813-WA1755.jpg,Interior_Design,C:\Users\Priyanka\OneDrive\Desktop\Smart_Screenshot_Search_Engine\Interior_Design\IMG-20260813-WA1755.jpg
IMG-20260813-WA1756.jpg,Interior_Design,C:\Users\Priyanka\OneDrive\Desktop\Smart_Screenshot_Search_Engine\Interior_Design\IMG-20260813-WA1756.jpg
IMG-20260813-WA1757.jpg,Interior_Design,C:\Users\Priyanka\OneDrive\Desktop\Smart_Screenshot_Search_Engine\Interior_Design\IMG-20260813-WA1757.jpg
IMG-20260813-WA1758.jpg,Interior_Design,C:\Users\Priyanka\OneDrive\Desktop\Smart_Screenshot_Search_Engine\Interior_Design\IMG-20260813-WA1758.jpg
IMG-20260813-WA1759.jpg,Interior_Design,C:\Users\Priyanka\OneDrive\Desktop\Smart_Screenshot_Search_Engine\Interior_Design\IMG-20260813-WA1759.jpg
IMG-20260813-WA1760.jpg,Interior_Design,C:\Users\Priyanka\OneDrive\Desktop\Smart_Screenshot_Search_Engine\Interior_Design\IMG-20260813-WA1760.jpg
IMG-20260813-WA1761.jpg,Interior_Design,C:\Users\Priyanka\OneDrive\Desktop\Smart_Screenshot_Search_Engine\Interior_Design\IMG-20260813-WA1761.jpg
IMG-20260813-WA1762.jpg,Interior_Design,C:\Users\Priyanka\OneDrive\Desktop\Smart_Screenshot_Search_Engine\Interior_Design\IMG-20260813-WA1762.jpg
IMG-20260813-WA1763.jpg,Interior_Design,C:\Users\Priyanka\OneDrive\Desktop\Smart_Screenshot_Search_Engine\Interior_Design\IMG-20260813-WA1763.jpg
IMG-20260813-WA1764.jpg,Interior_Design,C:\Users\Priyanka\OneDrive\Desktop\Smart_Screenshot_Search_Engine\Interior_Design\IMG-20260813-WA1764.jpg
IMG-20260813-WA1765.jpg,Interior_Design,C:\Users\Priyanka\OneDrive\Desktop\Smart_Screenshot_Search_Engine\Interior_Design\IMG-20260813-WA1765.jpg
IMG-20260813-WA1766.jpg,Interior_Design,C:\Users\Priyanka\OneDrive\Desktop\Smart_Screenshot_Search_Engine\Interior_Design\IMG-20260813-WA1766.jpg
IMG-20260813-WA1767.jpg,Interior_Design,C:\Users\Priyanka\OneDrive\Desktop\Smart_Screenshot_Search_Engine\Interior_Design\IMG-20260813-WA1767.jpg
IMG-20260813-WA1768.jpg,Interior_Design,C:\Users\Priyanka\OneDrive\Desktop\Smart_Screenshot_Search_Engine\Interior_Design\IMG-20260813-WA1768.jpg
IMG-20260813-WA1769.jpg,Interior_Design,C:\Users\Priyanka\OneDrive\Desktop\Smart_Screenshot_Search_Engine\Interior_Design\IMG-20260813-WA1769.jpg
IMG-20260813-WA1770.jpg,Interior_Design,C:\Users\Priyanka\OneDrive\Desktop\Smart_Screenshot_Search_Engine\Interior_Design\IMG-20260813-WA1770.jpg
IMG-20260813-WA1771.jpg,Interior_Design,C:\Users\Priyanka\OneDrive\Desktop\Smart_Screenshot_Search_Engine\Interior_Design\IMG-20260813-WA1771.jpg
IMG-20260813-WA1772.jpg,Interior_Design,C:\Users\Priyanka\OneDrive\Desktop\Smart_Screenshot_Search_Engine\Interior_Design\IMG-20260813-WA1772.jpg
IMG-20260813-WA1773.jpg,Interior_Design,C:\Users\Priyanka\OneDrive\Desktop\Smart_Screenshot_Search_Engine\Interior_Design\IMG-20260813-WA1773.jpg
IMG-20260813-WA1774.jpg,Interior_Design,C:\Users\Priyanka\OneDrive\Desktop\Smart_Screenshot_Search_Engine\Interior_Design\IMG-20260813-WA1774.jpg
IMG-20260813-WA1775.jpg,Interior_Design,C:\Users\Priyanka\OneDrive\Desktop\Smart_Screenshot_Search_Engine\Interior_Design\IMG-20260813-WA1775.jpg
IMG-20260813-WA1776.jpg,Interior_Design,C:\Users\Priyanka\OneDrive\Desktop\Smart_Screenshot_Search_Engine\Interior_Design\IMG-20260813-WA1776.jpg
IMG-20260813-WA1777.jpg,Interior_Design,C:\Users\Priyanka\OneDrive\Desktop\Smart_Screenshot_Search_Engine\Interior_Design\IMG-20260813-WA1777.jpg
IMG-20260813-WA1778.jpg,Interior_Design,C:\Users\Priyanka\OneDrive\Desktop\Smart_Screenshot_Search_Engine\Interior_Design\IMG-20260813-WA1778.jpg
IMG-20260813-WA1779.jpg,Interior_Design,C:\Users\Priyanka\OneDrive\Desktop\Smart_Screenshot_Search_Engine\Interior_Design\IMG-20260813-WA1779.jpg
IMG-20260813-WA1780.jpg,Interior_Design,C:\Users\Priyanka\OneDrive\Desktop\Smart_Screenshot_Search_Engine\Interior_Design\IMG-20260813-WA1780.jpg
IMG-20260813-WA1781.jpg,Interior_Design,C:\Users\Priyanka\OneDrive\Desktop\Smart_Screenshot_Search_Engine\Interior_Design\IMG-20260813-WA1781.jpg
IMG-20260813-WA1782.jpg,Interior_Design,C:\Users\Priyanka\OneDrive\Desktop\Smart_Screenshot_Search_Engine\Interior_Design\IMG-20260813-WA1782.jpg
IMG-20260813-WA1783.jpg,Interior_Design,C:\Users\Priyanka\OneDrive\Desktop\Smart_Screenshot_Search_Engine\Interior_Design\IMG-20260813-WA1783.jpg
IMG-20260813-WA1784.jpg,Interior_Design,C:\Users\Priyanka\OneDrive\Desktop\Smart_Screenshot_Search_Engine\Interior_Design\IMG-20260813-WA1784.jpg
IMG-20260813-WA1785.jpg,Interior_Design,C:\Users\Priyanka\OneDrive\Desktop\Smart_Screenshot_Search_Engine\Interior_Design\IMG-20260813-WA1785.jpg
IMG-20260813-WA1786.jpg,Interior_Design,C:\Users\Priyanka\OneDrive\Desktop\Smart_Screenshot_Search_Engine\Interior_Design\IMG-20260813-WA1786.jpg
IMG-20260813-WA1787.jpg,Interior_Design,C:\Users\Priyanka\OneDrive\Desktop\Smart_Screenshot_Search_Engine\Interior_Design\IMG-20260813-WA1787.jpg
IMG-20260813-WA1788.jpg,Interior_Design,C:\Users\Priyanka\OneDrive\Desktop\Smart_Screenshot_Search_Engine\Interior_Design\IMG-20260813-WA1788.jpg
IMG-20260813-WA1789.jpg,Interior_Design,C:\Users\Priyanka\OneDrive\Desktop\Smart_Screenshot_Search_Engine\Interior_Design\IMG-20260813-WA1789.jpg
IMG-20260813-WA1790.jpg,Interior_Design,C:\Users\Priyanka\OneDrive\Desktop\Smart_Screenshot_Search_Engine\Interior_Design\IMG-20260813-WA1790.jpg
IMG-20260813-WA1791.jpg,Interior_Design,C:\Users\Priyanka\OneDrive\Desktop\Smart_Screenshot_Search_Engine\Interior_Design\IMG-20260813-WA1791.jpg
IMG-20260813-WA1792.jpg,Interior_Design,C:\Users\Priyanka\OneDrive\Desktop\Smart_Screenshot_Search_Engine\Interior_Design\IMG-20260813-WA1792.jpg
IMG-20260813-WA1793.jpg,Interior_Design,C:\Users\Priyanka\OneDrive\Desktop\Smart_Screenshot_Search_Engine\Interior_Design\IMG-20260813-WA1793.jpg
IMG-20260813-WA1794.jpg,Interior_Design,C:\Users\Priyanka\OneDrive\Desktop\Smart_Screenshot_Search_Engine\Interior_Design\IMG-20260813-WA1794.jpg
IMG-20260813-WA1795.jpg,Interior_Design,C:\Users\Priyanka\OneDrive\Desktop\Smart_Screenshot_Search_Engine\Interior_Design\IMG-20260813-WA1795.jpg
IMG-20260813-WA1796.jpg,Interior_Design,C:\Users\Priyanka\OneDrive\Desktop\Smart_Screenshot_Search_Engine\Interior_Design\IMG-20260813-WA1796.jpg
IMG-20260813-WA1797.jpg,Interior_Design,C:\Users\Priyanka\OneDrive\Desktop\Smart_Screenshot_Search_Engine\Interior_Design\IMG-20260813-WA1797.jpg
IMG-20260813-WA1798.jpg,Interior_Design,C:\Users\Priyanka\OneDrive\Desktop\Smart_Screenshot_Search_Engine\Interior_Design\IMG-20260813-WA1798.jpg
IMG-20260813-WA1799.jpg,Interior_Design,C:\Users\Priyanka\OneDrive\Desktop\Smart_Screenshot_Search_Engine\Interior_Design\IMG-20260813-WA1799.jpg
IMG-20260813-WA1800.jpg,Interior_Design,C:\Users\Priyanka\OneDrive\Desktop\Smart_Screenshot_Search_Engine\Interior_Design\IMG-20260813-WA1800.jpg
IMG-20260813-WA1801.jpg,Interior_Design,C:\Users\Priyanka\OneDrive\Desktop\Smart_Screenshot_Search_Engine\Interior_Design\IMG-20260813-WA1801.jpg
IMG-20260813-WA1802.jpg,Interior_Design,C:\Users\Priyanka\OneDrive\Desktop\Smart_Screenshot_Search_Engine\Interior_Design\IMG-20260813-WA1802.jpg
IMG-20260813-WA1803.jpg,Interior_Design,C:\Users\Priyanka\OneDrive\Desktop\Smart_Screenshot_Search_Engine\Interior_Design\IMG-20260813-WA1803.jpg
IMG-20260813-WA1804.jpg,Interior_Design,C:\Users\Priyanka\OneDrive\Desktop\Smart_Screenshot_Search_Engine\Interior_Design\IMG-20260813-WA1804.jpg
IMG-20260813-WA1805.jpg,Interior_Design,C:\Users\Priyanka\OneDrive\Desktop\Smart_Screenshot_Search_Engine\Interior_Design\IMG-20260813-WA1805.jpg
IMG-20260813-WA1806.jpg,Interior_Design,C:\Users\Priyanka\OneDrive\Desktop\Smart_Screenshot_Search_Engine\Interior_Design\IMG-20260813-WA1806.jpg
IMG-20260813-WA1807.jpg,Interior_Design,C:\Users\Priyanka\OneDrive\Desktop\Smart_Screenshot_Search_Engine\Interior_Design\IMG-20260813-WA1807.jpg
IMG-20260813-WA1808.jpg,Interior_Design,C:\Users\Priyanka\OneDrive\Desktop\Smart_Screenshot_Search_Engine\Interior_Design\IMG-20260813-WA1808.jpg
IMG-20260813-WA1809.jpg,Interior_Design,C:\Users\Priyanka\OneDrive\Desktop\Smart_Screenshot_Search_Engine\Interior_Design\IMG-20260813-WA1809.jpg
IMG-20260813-WA1810.jpg,Interior_Design,C:\Users\Priyanka\OneDrive\Desktop\Smart_Screenshot_Search_Engine\Interior_Design\IMG-20260813-WA1810.jpg
IMG-20260813-WA1811.jpg,Interior_Design,C:\Users\Priyanka\OneDrive\Desktop\Smart_Screenshot_Search_Engine\Interior_Design\IMG-20260813-WA1811.jpg
IMG-20260813-WA1812.jpg,Interior_Design,C:\Users\Priyanka\OneDrive\Desktop\Smart_Screenshot_Search_Engine\Interior_Design\IMG-20260813-WA1812.jpg
IMG-20260813-WA1813.jpg,Interior_Design,C:\Users\Priyanka\OneDrive\Desktop\Smart_Screenshot_Search_Engine\Interior_Design\IMG-20260813-WA1813.jpg
IMG-20260813-WA1814.jpg,Interior_Design,C:\Users\Priyanka\OneDrive\Desktop\Smart_Screenshot_Search_Engine\Interior_Design\IMG-20260813-WA1814.jpg
IMG-20260813-WA1815.jpg,Interior_Design,C:\Users\Priyanka\OneDrive\Desktop\Smart_Screenshot_Search_Engine\Interior_Design\IMG-20260813-WA1815.jpg
IMG-20260813-WA1816.jpg,Interior_Design,C:\Users\Priyanka\OneDrive\Desktop\Smart_Screenshot_Search_Engine\Interior_Design\IMG-20260813-WA1816.jpg
IMG-20260813-WA1817.jpg,Interior_Design,C:\Users\Priyanka\OneDrive\Desktop\Smart_Screenshot_Search_Engine\Interior_Design\IMG-20260813-WA1817.jpg
IMG-20260813-WA1818.jpg,Interior_Design,C:\Users\Priyanka\OneDrive\Desktop\Smart_Screenshot_Search_Engine\Interior_Design\IMG-20260813-WA1818.jpg
IMG-20260813-WA1819.jpg,Interior_Design,C:\Users\Priyanka\OneDrive\Desktop\Smart_Screenshot_Search_Engine\Interior_Design\IMG-20260813-WA1819.jpg
IMG-20260813-WA1820.jpg,Interior_Design,C:\Users\Priyanka\OneDrive\Desktop\Smart_Screenshot_Search_Engine\Interior_Design\IMG-20260813-WA1820.jpg
IMG-20260813-WA1821.jpg,Interior_Design,C:\Users\Priyanka\OneDrive\Desktop\Smart_Screenshot_Search_Engine\Interior_Design\IMG-20260813-WA1821.jpg
IMG-20260813-WA1822.jpg,Interior_Design,C:\Users\Priyanka\OneDrive\Desktop\Smart_Screenshot_Search_Engine\Interior_Design\IMG-20260813-WA1822.jpg
IMG-20260813-WA1823.jpg,Interior_Design,C:\Users\Priyanka\OneDrive\Desktop\Smart_Screenshot_Search_Engine\Interior_Design\IMG-20260813-WA1823.jpg
IMG-20260813-WA1824.jpg,Interior_Design,C:\Users\Priyanka\OneDrive\Desktop\Smart_Screenshot_Search_Engine\Interior_Design\IMG-20260813-WA1824.jpg
IMG-20260813-WA1825.jpg,Interior_Design,C:\Users\Priyanka\OneDrive\Desktop\Smart_Screenshot_Search_Engine\Interior_Design\IMG-20260813-WA1825.jpg
IMG-20260813-WA1826.jpg,Interior_Design,C:\Users\Priyanka\OneDrive\Desktop\Smart_Screenshot_Search_Engine\Interior_Design\IMG-20260813-WA1826.jpg
IMG-20260813-WA1827.jpg,Interior_Design,C:\Users\Priyanka\OneDrive\Desktop\Smart_Screenshot_Search_Engine\Interior_Design\IMG-20260813-WA1827.jpg
IMG-20260813-WA1828.jpg,Interior_Design,C:\Users\Priyanka\OneDrive\Desktop\Smart_Screenshot_Search_Engine\Interior_Design\IMG-20260813-WA1828.jpg
IMG-20260813-WA1829.jpg,Interior_Design,C:\Users\Priyanka\OneDrive\Desktop\Smart_Screenshot_Search_Engine\Interior_Design\IMG-20260813-WA1829.jpg
IMG-20260813-WA1830.jpg,Interior_Design,C:\Users\Priyanka\OneDrive\Desktop\Smart_Screenshot_Search_Engine\Interior_Design\IMG-20260813-WA1830.jpg
IMG-20260813-WA1831.jpg,Interior_Design,C:\Users\Priyanka\OneDrive\Desktop\Smart_Screenshot_Search_Engine\Interior_Design\IMG-20260813-WA1831.jpg
IMG-20260813-WA1832.jpg,Interior_Design,C:\Users\Priyanka\OneDrive\Desktop\Smart_Screenshot_Search_Engine\Interior_Design\IMG-20260813-WA1832.jpg
IMG-20260813-WA1833.jpg,Interior_Design,C:\Users\Priyanka\OneDrive\Desktop\Smart_Screenshot_Search_Engine\Interior_Design\IMG-20260813-WA1833.jpg
IMG-20260813-WA1834.jpg,Interior_Design,C:\Users\Priyanka\OneDrive\Desktop\Smart_Screenshot_Search_Engine\Interior_Design\IMG-20260813-WA1834.jpg
IMG-20260813-WA1835.jpg,Interior_Design,C:\Users\Priyanka\OneDrive\Desktop\Smart_Screenshot_Search_Engine\Interior_Design\IMG-20260813-WA1835.jpg
IMG-20260813-WA1836.jpg,Interior_Design,C:\Users\Priyanka\OneDrive\Desktop\Smart_Screenshot_Search_Engine\Interior_Design\IMG-20260813-WA1836.jpg
IMG-20260813-WA1837.jpg,Interior_Design,C:\Users\Priyanka\OneDrive\Desktop\Smart_Screenshot_Search_Engine\Interior_Design\IMG-20260813-WA1837.jpg
IMG-20260813-WA1838.jpg,Interior_Design,C:\Users\Priyanka\OneDrive\Desktop\Smart_Screenshot_Search_Engine\Interior_Design\IMG-20260813-WA1838.jpg
IMG-20260813-WA1839.jpg,Interior_Design,C:\Users\Priyanka\OneDrive\Desktop\Smart_Screenshot_Search_Engine\Interior_Design\IMG-20260813-WA1839.jpg
IMG-20260813-WA1840.jpg,Interior_Design,C:\Users\Priyanka\OneDrive\Desktop\Smart_Screenshot_Search_Engine\Interior_Design\IMG-20260813-WA1840.jpg
IMG-20260813-WA1841.jpg,Interior_Design,C:\Users\Priyanka\OneDrive\Desktop\Smart_Screenshot_Search_Engine\Interior_Design\IMG-20260813-WA1841.jpg
IMG-20260813-WA1842.jpg,Interior_Design,C:\Users\Priyanka\OneDrive\Desktop\Smart_Screenshot_Search_Engine\Interior_Design\IMG-20260813-WA1842.jpg
IMG-20260813-WA1843.jpg,Interior_Design,C:\Users\Priyanka\OneDrive\Desktop\Smart_Screenshot_Search_Engine\Interior_Design\IMG-20260813-WA1843.jpg
IMG-20260813-WA1844.jpg,Interior_Design,C:\Users\Priyanka\OneDrive\Desktop\Smart_Screenshot_Search_Engine\Interior_Design\IMG-20260813-WA1844.jpg
IMG-20260813-WA1845.jpg,Interior_Design,C:\Users\Priyanka\OneDrive\Desktop\Smart_Screenshot_Search_Engine\Interior_Design\IMG-20260813-WA1845.jpg
IMG-20260813-WA1846.jpg,Interior_Design,C:\Users\Priyanka\OneDrive\Desktop\Smart_Screenshot_Search_Engine\Interior_Design\IMG-20260813-WA1846.jpg
IMG-20260813-WA1847.jpg,Interior_Design,C:\Users\Priyanka\OneDrive\Desktop\Smart_Screenshot_Search_Engine\Interior_Design\IMG-20260813-WA1847.jpg
IMG-20260813-WA1848.jpg,Interior_Design,C:\Users\Priyanka\OneDrive\Desktop\Smart_Screenshot_Search_Engine\Interior_Design\IMG-20260813-WA1848.jpg
IMG-20260813-WA1849.jpg,Interior_Design,C:\Users\Priyanka\OneDrive\Desktop\Smart_Screenshot_Search_Engine\Interior_Design\IMG-20260813-WA1849.jpg
IMG-20260813-WA1850.jpg,Interior_Design,C:\Users\Priyanka\OneDrive\Desktop\Smart_Screenshot_Search_Engine\Interior_Design\IMG-20260813-WA1850.jpg
IMG-20260813-WA1851.jpg,Interior_Design,C:\Users\Priyanka\OneDrive\Desktop\Smart_Screenshot_Search_Engine\Interior_Design\IMG-20260813-WA1851.jpg
IMG-20260813-WA1852.jpg,Interior_Design,C:\Users\Priyanka\OneDrive\Desktop\Smart_Screenshot_Search_Engine\Interior_Design\IMG-20260813-WA1852.jpg
IMG-20260813-WA1853.jpg,Interior_Design,C:\Users\Priyanka\OneDrive\Desktop\Smart_Screenshot_Search_Engine\Interior_Design\IMG-20260813-WA1853.jpg
IMG-20260813-WA1854.jpg,Interior_Design,C:\Users\Priyanka\OneDrive\Desktop\Smart_Screenshot_Search_Engine\Interior_Design\IMG-20260813-WA1854.jpg
IMG-20260813-WA1855.jpg,Interior_Design,C:\Users\Priyanka\OneDrive\Desktop\Smart_Screenshot_Search_Engine\Interior_Design\IMG-20260813-WA1855.jpg
IMG-20260813-WA1857.jpg,Interior_Design,C:\Users\Priyanka\OneDrive\Desktop\Smart_Screenshot_Search_Engine\Interior_Design\IMG-20260813-WA1857.jpg
IMG-20260813-WA1858.jpg,Interior_Design,C:\Users\Priyanka\OneDrive\Desktop\Smart_Screenshot_Search_Engine\Interior_Design\IMG-20260813-WA1858.jpg
IMG-20260813-WA1859.jpg,Interior_Design,C:\Users\Priyanka\OneDrive\Desktop\Smart_Screenshot_Search_Engine\Interior_Design\IMG-20260813-WA1859.jpg
IMG-20260813-WA1860.jpg,Interior_Design,C:\Users\Priyanka\OneDrive\Desktop\Smart_Screenshot_Search_Engine\Interior_Design\IMG-20260813-WA1860.jpg
IMG-20260813-WA1862.jpg,Interior_Design,C:\Users\Priyanka\OneDrive\Desktop\Smart_Screenshot_Search_Engine\Interior_Design\IMG-20260813-WA1862.jpg
IMG-20260813-WA1863.jpg,Interior_Design,C:\Users\Priyanka\OneDrive\Desktop\Smart_Screenshot_Search_Engine\Interior_Design\IMG-20260813-WA1863.jpg
IMG-20260813-WA1864.jpg,Interior_Design,C:\Users\Priyanka\OneDrive\Desktop\Smart_Screenshot_Search_Engine\Interior_Design\IMG-20260813-WA1864.jpg
IMG-20260813-WA1865.jpg,Interior_Design,C:\Users\Priyanka\OneDrive\Desktop\Smart_Screenshot_Search_Engine\Interior_Design\IMG-20260813-WA1865.jpg
IMG-20260813-WA1866.jpg,Interior_Design,C:\Users\Priyanka\OneDrive\Desktop\Smart_Screenshot_Search_Engine\Interior_Design\IMG-20260813-WA1866.jpg
IMG-20260813-WA1867.jpg,Interior_Design,C:\Users\Priyanka\OneDrive\Desktop\Smart_Screenshot_Search_Engine\Interior_Design\IMG-20260813-WA1867.jpg
IMG-20260813-WA1868.jpg,Interior_Design,C:\Users\Priyanka\OneDrive\Desktop\Smart_Screenshot_Search_Engine\Interior_Design\IMG-20260813-WA1868.jpg
IMG-20260813-WA1869.jpg,Interior_Design,C:\Users\Priyanka\OneDrive\Desktop\Smart_Screenshot_Search_Engine\Interior_Design\IMG-20260813-WA1869.jpg
IMG-20260813-WA1870.jpg,Interior_Design,C:\Users\Priyanka\OneDrive\Desktop\Smart_Screenshot_Search_Engine\Interior_Design\IMG-20260813-WA1870.jpg
IMG-20260813-WA1872.jpg,Interior_Design,C:\Users\Priyanka\OneDrive\Desktop\Smart_Screenshot_Search_Engine\Interior_Design\IMG-20260813-WA1872.jpg
IMG-20260813-WA1873.jpg,Interior_Design,C:\Users\Priyanka\OneDrive\Desktop\Smart_Screenshot_Search_Engine\Interior_Design\IMG-20260813-WA1873.jpg
IMG-20260813-WA1874.jpg,Interior_Design,C:\Users\Priyanka\OneDrive\Desktop\Smart_Screenshot_Search_Engine\Interior_Design\IMG-20260813-WA1874.jpg
IMG-20260813-WA1875.jpg,Interior_Design,C:\Users\Priyanka\OneDrive\Desktop\Smart_Screenshot_Search_Engine\Interior_Design\IMG-20260813-WA1875.jpg
IMG-20260813-WA1876.jpg,Interior_Design,C:\Users\Priyanka\OneDrive\Desktop\Smart_Screenshot_Search_Engine\Interior_Design\IMG-20260813-WA1876.jpg
IMG-20260813-WA1877.jpg,Interior_Design,C:\Users\Priyanka\OneDrive\Desktop\Smart_Screenshot_Search_Engine\Interior_Design\IMG-20260813-WA1877.jpg
IMG-20260813-WA1878.jpg,Interior_Design,C:\Users\Priyanka\OneDrive\Desktop\Smart_Screenshot_Search_Engine\Interior_Design\IMG-20260813-WA1878.jpg
IMG-20260813-WA1879.jpg,Interior_Design,C:\Users\Priyanka\OneDrive\Desktop\Smart_Screenshot_Search_Engine\Interior_Design\IMG-20260813-WA1879.jpg
IMG-20260813-WA1880.jpg,Interior_Design,C:\Users\Priyanka\OneDrive\Desktop\Smart_Screenshot_Search_Engine\Interior_Design\IMG-20260813-WA1880.jpg
IMG-20260813-WA1881.jpg,Interior_Design,C:\Users\Priyanka\OneDrive\Desktop\Smart_Screenshot_Search_Engine\Interior_Design\IMG-20260813-WA1881.jpg
IMG-20260813-WA1882.jpg,Interior_Design,C:\Users\Priyanka\OneDrive\Desktop\Smart_Screenshot_Search_Engine\Interior_Design\IMG-20260813-WA1882.jpg
IMG-20260813-WA1883.jpg,Interior_Design,C:\Users\Priyanka\OneDrive\Desktop\Smart_Screenshot_Search_Engine\Interior_Design\IMG-20260813-WA1883.jpg
IMG-20260813-WA1884.jpg,Interior_Design,C:\Users\Priyanka\OneDrive\Desktop\Smart_Screenshot_Search_Engine\Interior_Design\IMG-20260813-WA1884.jpg
IMG-20260813-WA1885.jpg,Interior_Design,C:\Users\Priyanka\OneDrive\Desktop\Smart_Screenshot_Search_Engine\Interior_Design\IMG-20260813-WA1885.jpg
IMG-20260813-WA1886.jpg,Interior_Design,C:\Users\Priyanka\OneDrive\Desktop\Smart_Screenshot_Search_Engine\Interior_Design\IMG-20260813-WA1886.jpg
IMG-20260813-WA1887.jpg,Interior_Design,C:\Users\Priyanka\OneDrive\Desktop\Smart_Screenshot_Search_Engine\Interior_Design\IMG-20260813-WA1887.jpg
IMG-20260813-WA1888.jpg,Interior_Design,C:\Users\Priyanka\OneDrive\Desktop\Smart_Screenshot_Search_Engine\Interior_Design\IMG-20260813-WA1888.jpg
IMG-20260813-WA1889.jpg,Interior_Design,C:\Users\Priyanka\OneDrive\Desktop\Smart_Screenshot_Search_Engine\Interior_Design\IMG-20260813-WA1889.jpg
IMG-20260813-WA1890.jpg,Interior_Design,C:\Users\Priyanka\OneDrive\Desktop\Smart_Screenshot_Search_Engine\Interior_Design\IMG-20260813-WA1890.jpg
IMG-20260813-WA1891.jpg,Interior_Design,C:\Users\Priyanka\OneDrive\Desktop\Smart_Screenshot_Search_Engine\Interior_Design\IMG-20260813-WA1891.jpg
IMG-20260813-WA1892.jpg,Interior_Design,C:\Users\Priyanka\OneDrive\Desktop\Smart_Screenshot_Search_Engine\Interior_Design\IMG-20260813-WA1892.jpg
IMG-20260813-WA1893.jpg,Interior_Design,C:\Users\Priyanka\OneDrive\Desktop\Smart_Screenshot_Search_Engine\Interior_Design\IMG-20260813-WA1893.jpg
IMG-20260813-WA1894.jpg,Interior_Design,C:\Users\Priyanka\OneDrive\Desktop\Smart_Screenshot_Search_Engine\Interior_Design\IMG-20260813-WA1894.jpg
IMG-20260813-WA1895.jpg,Interior_Design,C:\Users\Priyanka\OneDrive\Desktop\Smart_Screenshot_Search_Engine\Interior_Design\IMG-20260813-WA1895.jpg
IMG-20260813-WA1896.jpg,Interior_Design,C:\Users\Priyanka\OneDrive\Desktop\Smart_Screenshot_Search_Engine\Interior_Design\IMG-20260813-WA1896.jpg
IMG-20260813-WA1897.jpg,Interior_Design,C:\Users\Priyanka\OneDrive\Desktop\Smart_Screenshot_Search_Engine\Interior_Design\IMG-20260813-WA1897.jpg
IMG-20260813-WA1898.jpg,Interior_Design,C:\Users\Priyanka\OneDrive\Desktop\Smart_Screenshot_Search_Engine\Interior_Design\IMG-20260813-WA1898.jpg
IMG-20260813-WA1899.jpg,Interior_Design,C:\Users\Priyanka\OneDrive\Desktop\Smart_Screenshot_Search_Engine\Interior_Design\IMG-20260813-WA1899.jpg
IMG-20260813-WA1900.jpg,Interior_Design,C:\Users\Priyanka\OneDrive\Desktop\Smart_Screenshot_Search_Engine\Interior_Design\IMG-20260813-WA1900.jpg
IMG-20260813-WA1901.jpg,Interior_Design,C:\Users\Priyanka\OneDrive\Desktop\Smart_Screenshot_Search_Engine\Interior_Design\IMG-20260813-WA1901.jpg
IMG-20260813-WA1902.jpg,Interior_Design,C:\Users\Priyanka\OneDrive\Desktop\Smart_Screenshot_Search_Engine\Interior_Design\IMG-20260813-WA1902.jpg
IMG-20260813-WA1903.jpg,Interior_Design,C:\Users\Priyanka\OneDrive\Desktop\Smart_Screenshot_Search_Engine\Interior_Design\IMG-20260813-WA1903.jpg
IMG-20260813-WA1904.jpg,Interior_Design,C:\Users\Priyanka\OneDrive\Desktop\Smart_Screenshot_Search_Engine\Interior_Design\IMG-20260813-WA1904.jpg
IMG-20260813-WA1905.jpg,Interior_Design,C:\Users\Priyanka\OneDrive\Desktop\Smart_Screenshot_Search_Engine\Interior_Design\IMG-20260813-WA1905.jpg
IMG-20260813-WA1906.jpg,Interior_Design,C:\Users\Priyanka\OneDrive\Desktop\Smart_Screenshot_Search_Engine\Interior_Design\IMG-20260813-WA1906.jpg
IMG-20260813-WA1907.jpg,Interior_Design,C:\Users\Priyanka\OneDrive\Desktop\Smart_Screenshot_Search_Engine\Interior_Design\IMG-20260813-WA1907.jpg
IMG-20260813-WA1908.jpg,Interior_Design,C:\Users\Priyanka\OneDrive\Desktop\Smart_Screenshot_Search_Engine\Interior_Design\IMG-20260813-WA1908.jpg
IMG-20260813-WA1909.jpg,Interior_Design,C:\Users\Priyanka\OneDrive\Desktop\Smart_Screenshot_Search_Engine\Interior_Design\IMG-20260813-WA1909.jpg
IMG-20260813-WA1910.jpg,Interior_Design,C:\Users\Priyanka\OneDrive\Desktop\Smart_Screenshot_Search_Engine\Interior_Design\IMG-20260813-WA1910.jpg
IMG-20260813-WA1911.jpg,Interior_Design,C:\Users\Priyanka\OneDrive\Desktop\Smart_Screenshot_Search_Engine\Interior_Design\IMG-20260813-WA1911.jpg
IMG-20260813-WA1912.jpg,Interior_Design,C:\Users\Priyanka\OneDrive\Desktop\Smart_Screenshot_Search_Engine\Interior_Design\IMG-20260813-WA1912.jpg
IMG-20260813-WA1913.jpg,Interior_Design,C:\Users\Priyanka\OneDrive\Desktop\Smart_Screenshot_Search_Engine\Interior_Design\IMG-20260813-WA1913.jpg
IMG-20260813-WA1914.jpg,Interior_Design,C:\Users\Priyanka\OneDrive\Desktop\Smart_Screenshot_Search_Engine\Interior_Design\IMG-20260813-WA1914.jpg
IMG-20260813-WA1915.jpg,Interior_Design,C:\Users\Priyanka\OneDrive\Desktop\Smart_Screenshot_Search_Engine\Interior_Design\IMG-20260813-WA1915.jpg
IMG-20260813-WA1916.jpg,Interior_Design,C:\Users\Priyanka\OneDrive\Desktop\Smart_Screenshot_Search_Engine\Interior_Design\IMG-20260813-WA1916.jpg
IMG-20260813-WA1917.jpg,Interior_Design,C:\Users\Priyanka\OneDrive\Desktop\Smart_Screenshot_Search_Engine\Interior_Design\IMG-20260813-WA1917.jpg
IMG-20260813-WA1918.jpg,Interior_Design,C:\Users\Priyanka\OneDrive\Desktop\Smart_Screenshot_Search_Engine\Interior_Design\IMG-20260813-WA1918.jpg
IMG-20260813-WA1919.jpg,Interior_Design,C:\Users\Priyanka\OneDrive\Desktop\Smart_Screenshot_Search_Engine\Interior_Design\IMG-20260813-WA1919.jpg
IMG-20260813-WA1920.jpg,Interior_Design,C:\Users\Priyanka\OneDrive\Desktop\Smart_Screenshot_Search_Engine\Interior_Design\IMG-20260813-WA1920.jpg
IMG-20260813-WA1921.jpg,Interior_Design,C:\Users\Priyanka\OneDrive\Desktop\Smart_Screenshot_Search_Engine\Interior_Design\IMG-20260813-WA1921.jpg
IMG-20260813-WA1922.jpg,Interior_Design,C:\Users\Priyanka\OneDrive\Desktop\Smart_Screenshot_Search_Engine\Interior_Design\IMG-20260813-WA1922.jpg
IMG-20260813-WA1923.jpg,Interior_Design,C:\Users\Priyanka\OneDrive\Desktop\Smart_Screenshot_Search_Engine\Interior_Design\IMG-20260813-WA1923.jpg
IMG-20260813-WA1924.jpg,Interior_Design,C:\Users\Priyanka\OneDrive\Desktop\Smart_Screenshot_Search_Engine\Interior_Design\IMG-20260813-WA1924.jpg
IMG-20260813-WA1925.jpg,Interior_Design,C:\Users\Priyanka\OneDrive\Desktop\Smart_Screenshot_Search_Engine\Interior_Design\IMG-20260813-WA1925.jpg
IMG-20260813-WA1926.jpg,Interior_Design,C:\Users\Priyanka\OneDrive\Desktop\Smart_Screenshot_Search_Engine\Interior_Design\IMG-20260813-WA1926.jpg
IMG-20260813-WA1927.jpg,Interior_Design,C:\Users\Priyanka\OneDrive\Desktop\Smart_Screenshot_Search_Engine\Interior_Design\IMG-20260813-WA1927.jpg
IMG-20260813-WA1928.jpg,Interior_Design,C:\Users\Priyanka\OneDrive\Desktop\Smart_Screenshot_Search_Engine\Interior_Design\IMG-20260813-WA1928.jpg
IMG-20260813-WA1929.jpg,Interior_Design,C:\Users\Priyanka\OneDrive\Desktop\Smart_Screenshot_Search_Engine\Interior_Design\IMG-20260813-WA1929.jpg
IMG-20260813-WA1930.jpg,Interior_Design,C:\Users\Priyanka\OneDrive\Desktop\Smart_Screenshot_Search_Engine\Interior_Design\IMG-20260813-WA1930.jpg
Screenshot_2026-08-13-17-08-49-01_8b1cfbb769bd52fc36fa25a4fcc64305.jpg,Interior_Design,C:\Users\Priyanka\OneDrive\Desktop\Smart_Screenshot_Search_Engine\Interior_Design\Screenshot_2026-08-13-17-08-49-01_8b1cfbb769bd52fc36fa25a4fcc64305.jpg
Screenshot_2026-08-13-17-08-58-02_8b1cfbb769bd52fc36fa25a4fcc64305.jpg,Interior_Design,C:\Users\Priyanka\OneDrive\Desktop\Smart_Screenshot_Search_Engine\Interior_Design\Screenshot_2026-08-13-17-08-58-02_8b1cfbb769bd52fc36fa25a4fcc64305.jpg
Screenshot_2026-08-13-17-09-04-36_8b1cfbb769bd52fc36fa25a4fcc64305.jpg,Interior_Design,C:\Users\Priyanka\OneDrive\Desktop\Smart_Screenshot_Search_Engine\Interior_Design\Screenshot_2026-08-13-17-09-04-36_8b1cfbb769bd52fc36fa25a4fcc64305.jpg
Screenshot_2026-08-13-17-09-15-06_8b1cfbb769bd52fc36fa25a4fcc64305.jpg,Interior_Design,C:\Users\Priyanka\OneDrive\Desktop\Smart_Screenshot_Search_Engine\Interior_Design\Screenshot_2026-08-13-17-09-15-06_8b1cfbb769bd52fc36fa25a4fcc64305.jpg
Screenshot_2026-08-13-17-09-50-33_8b1cfbb769bd52fc36fa25a4fcc64305.jpg,Interior_Design,C:\Users\Priyanka\OneDrive\Desktop\Smart_Screenshot_Search_Engine\Interior_Design\Screenshot_2026-08-13-17-09-50-33_8b1cfbb769bd52fc36fa25a4fcc64305.jpg
IMG-20260813-WA0472.jpg,Products_Shopping,C:\Users\Priyanka\OneDrive\Desktop\Smart_Screenshot_Search_Engine\Products_Shopping\IMG-20260813-WA0472.jpg
IMG-20260813-WA0483.jpg,Products_Shopping,C:\Users\Priyanka\OneDrive\Desktop\Smart_Screenshot_Search_Engine\Products_Shopping\IMG-20260813-WA0483.jpg
IMG-20260813-WA0484.jpg,Products_Shopping,C:\Users\Priyanka\OneDrive\Desktop\Smart_Screenshot_Search_Engine\Products_Shopping\IMG-20260813-WA0484.jpg
IMG-20260813-WA0485.jpg,Products_Shopping,C:\Users\Priyanka\OneDrive\Desktop\Smart_Screenshot_Search_Engine\Products_Shopping\IMG-20260813-WA0485.jpg
IMG-20260813-WA0506.jpg,Products_Shopping,C:\Users\Priyanka\OneDrive\Desktop\Smart_Screenshot_Search_Engine\Products_Shopping\IMG-20260813-WA0506.jpg
IMG-20260813-WA0615.jpg,Products_Shopping,C:\Users\Priyanka\OneDrive\Desktop\Smart_Screenshot_Search_Engine\Products_Shopping\IMG-20260813-WA0615.jpg
IMG-20260813-WA0641.jpg,Products_Shopping,C:\Users\Priyanka\OneDrive\Desktop\Smart_Screenshot_Search_Engine\Products_Shopping\IMG-20260813-WA0641.jpg
IMG-20260813-WA0649.jpg,Products_Shopping,C:\Users\Priyanka\OneDrive\Desktop\Smart_Screenshot_Search_Engine\Products_Shopping\IMG-20260813-WA0649.jpg
IMG-20260813-WA0657.jpg,Products_Shopping,C:\Users\Priyanka\OneDrive\Desktop\Smart_Screenshot_Search_Engine\Products_Shopping\IMG-20260813-WA0657.jpg
IMG-20260813-WA0659.jpg,Products_Shopping,C:\Users\Priyanka\OneDrive\Desktop\Smart_Screenshot_Search_Engine\Products_Shopping\IMG-20260813-WA0659.jpg
IMG-20260813-WA0662.jpg,Products_Shopping,C:\Users\Priyanka\OneDrive\Desktop\Smart_Screenshot_Search_Engine\Products_Shopping\IMG-20260813-WA0662.jpg
IMG-20260813-WA0663.jpg,Products_Shopping,C:\Users\Priyanka\OneDrive\Desktop\Smart_Screenshot_Search_Engine\Products_Shopping\IMG-20260813-WA0663.jpg
IMG-20260813-WA0664.jpg,Products_Shopping,C:\Users\Priyanka\OneDrive\Desktop\Smart_Screenshot_Search_Engine\Products_Shopping\IMG-20260813-WA0664.jpg
IMG-20260813-WA0665.jpg,Products_Shopping,C:\Users\Priyanka\OneDrive\Desktop\Smart_Screenshot_Search_Engine\Products_Shopping\IMG-20260813-WA0665.jpg
IMG-20260813-WA0666.jpg,Products_Shopping,C:\Users\Priyanka\OneDrive\Desktop\Smart_Screenshot_Search_Engine\Products_Shopping\IMG-20260813-WA0666.jpg
IMG-20260813-WA0667.jpg,Products_Shopping,C:\Users\Priyanka\OneDrive\Desktop\Smart_Screenshot_Search_Engine\Products_Shopping\IMG-20260813-WA0667.jpg
IMG-20260813-WA0668.jpg,Products_Shopping,C:\Users\Priyanka\OneDrive\Desktop\Smart_Screenshot_Search_Engine\Products_Shopping\IMG-20260813-WA0668.jpg
IMG-20260813-WA0669.jpg,Products_Shopping,C:\Users\Priyanka\OneDrive\Desktop\Smart_Screenshot_Search_Engine\Products_Shopping\IMG-20260813-WA0669.jpg
IMG-20260813-WA0670.jpg,Products_Shopping,C:\Users\Priyanka\OneDrive\Desktop\Smart_Screenshot_Search_Engine\Products_Shopping\IMG-20260813-WA0670.jpg
IMG-20260813-WA0672.jpg,Products_Shopping,C:\Users\Priyanka\OneDrive\Desktop\Smart_Screenshot_Search_Engine\Products_Shopping\IMG-20260813-WA0672.jpg
IMG-20260813-WA0680.jpg,Products_Shopping,C:\Users\Priyanka\OneDrive\Desktop\Smart_Screenshot_Search_Engine\Products_Shopping\IMG-20260813-WA0680.jpg
IMG-20260813-WA0682.jpg,Products_Shopping,C:\Users\Priyanka\OneDrive\Desktop\Smart_Screenshot_Search_Engine\Products_Shopping\IMG-20260813-WA0682.jpg
IMG-20260813-WA0686.jpg,Products_Shopping,C:\Users\Priyanka\OneDrive\Desktop\Smart_Screenshot_Search_Engine\Products_Shopping\IMG-20260813-WA0686.jpg
IMG-20260813-WA0710.jpg,Products_Shopping,C:\Users\Priyanka\OneDrive\Desktop\Smart_Screenshot_Search_Engine\Products_Shopping\IMG-20260813-WA0710.jpg
IMG-20260813-WA0720.jpg,Products_Shopping,C:\Users\Priyanka\OneDrive\Desktop\Smart_Screenshot_Search_Engine\Products_Shopping\IMG-20260813-WA0720.jpg
IMG-20260813-WA0722.jpg,Products_Shopping,C:\Users\Priyanka\OneDrive\Desktop\Smart_Screenshot_Search_Engine\Products_Shopping\IMG-20260813-WA0722.jpg
IMG-20260813-WA0728.jpg,Products_Shopping,C:\Users\Priyanka\OneDrive\Desktop\Smart_Screenshot_Search_Engine\Products_Shopping\IMG-20260813-WA0728.jpg
IMG-20260813-WA0740.jpg,Products_Shopping,C:\Users\Priyanka\OneDrive\Desktop\Smart_Screenshot_Search_Engine\Products_Shopping\IMG-20260813-WA0740.jpg
IMG-20260813-WA0742.jpg,Products_Shopping,C:\Users\Priyanka\OneDrive\Desktop\Smart_Screenshot_Search_Engine\Products_Shopping\IMG-20260813-WA0742.jpg
IMG-20260813-WA0744.jpg,Products_Shopping,C:\Users\Priyanka\OneDrive\Desktop\Smart_Screenshot_Search_Engine\Products_Shopping\IMG-20260813-WA0744.jpg
IMG-20260813-WA0745.jpg,Products_Shopping,C:\Users\Priyanka\OneDrive\Desktop\Smart_Screenshot_Search_Engine\Products_Shopping\IMG-20260813-WA0745.jpg
IMG-20260813-WA0746.jpg,Products_Shopping,C:\Users\Priyanka\OneDrive\Desktop\Smart_Screenshot_Search_Engine\Products_Shopping\IMG-20260813-WA0746.jpg
IMG-20260813-WA0747.jpg,Products_Shopping,C:\Users\Priyanka\OneDrive\Desktop\Smart_Screenshot_Search_Engine\Products_Shopping\IMG-20260813-WA0747.jpg
IMG-20260813-WA0748.jpg,Products_Shopping,C:\Users\Priyanka\OneDrive\Desktop\Smart_Screenshot_Search_Engine\Products_Shopping\IMG-20260813-WA0748.jpg
IMG-20260813-WA0749.jpg,Products_Shopping,C:\Users\Priyanka\OneDrive\Desktop\Smart_Screenshot_Search_Engine\Products_Shopping\IMG-20260813-WA0749.jpg
IMG-20260813-WA0753.jpg,Products_Shopping,C:\Users\Priyanka\OneDrive\Desktop\Smart_Screenshot_Search_Engine\Products_Shopping\IMG-20260813-WA0753.jpg
IMG-20260813-WA0767.jpg,Products_Shopping,C:\Users\Priyanka\OneDrive\Desktop\Smart_Screenshot_Search_Engine\Products_Shopping\IMG-20260813-WA0767.jpg
IMG-20260813-WA0774.jpg,Products_Shopping,C:\Users\Priyanka\OneDrive\Desktop\Smart_Screenshot_Search_Engine\Products_Shopping\IMG-20260813-WA0774.jpg
IMG-20260813-WA0777.jpg,Products_Shopping,C:\Users\Priyanka\OneDrive\Desktop\Smart_Screenshot_Search_Engine\Products_Shopping\IMG-20260813-WA0777.jpg
IMG-20260813-WA0782.jpg,Products_Shopping,C:\Users\Priyanka\OneDrive\Desktop\Smart_Screenshot_Search_Engine\Products_Shopping\IMG-20260813-WA0782.jpg
IMG-20260813-WA0784.jpg,Products_Shopping,C:\Users\Priyanka\OneDrive\Desktop\Smart_Screenshot_Search_Engine\Products_Shopping\IMG-20260813-WA0784.jpg
IMG-20260813-WA0796.jpg,Products_Shopping,C:\Users\Priyanka\OneDrive\Desktop\Smart_Screenshot_Search_Engine\Products_Shopping\IMG-20260813-WA0796.jpg
IMG-20260813-WA0797.jpg,Products_Shopping,C:\Users\Priyanka\OneDrive\Desktop\Smart_Screenshot_Search_Engine\Products_Shopping\IMG-20260813-WA0797.jpg
IMG-20260813-WA0811.jpg,Products_Shopping,C:\Users\Priyanka\OneDrive\Desktop\Smart_Screenshot_Search_Engine\Products_Shopping\IMG-20260813-WA0811.jpg
IMG-20260813-WA0813.jpg,Products_Shopping,C:\Users\Priyanka\OneDrive\Desktop\Smart_Screenshot_Search_Engine\Products_Shopping\IMG-20260813-WA0813.jpg
IMG-20260813-WA0818.jpg,Products_Shopping,C:\Users\Priyanka\OneDrive\Desktop\Smart_Screenshot_Search_Engine\Products_Shopping\IMG-20260813-WA0818.jpg
IMG-20260813-WA0823.jpg,Products_Shopping,C:\Users\Priyanka\OneDrive\Desktop\Smart_Screenshot_Search_Engine\Products_Shopping\IMG-20260813-WA0823.jpg
IMG-20260813-WA0827.jpg,Products_Shopping,C:\Users\Priyanka\OneDrive\Desktop\Smart_Screenshot_Search_Engine\Products_Shopping\IMG-20260813-WA0827.jpg
IMG-20260813-WA0830.jpg,Products_Shopping,C:\Users\Priyanka\OneDrive\Desktop\Smart_Screenshot_Search_Engine\Products_Shopping\IMG-20260813-WA0830.jpg
IMG-20260813-WA0833.jpg,Products_Shopping,C:\Users\Priyanka\OneDrive\Desktop\Smart_Screenshot_Search_Engine\Products_Shopping\IMG-20260813-WA0833.jpg
IMG-20260813-WA0837.jpg,Products_Shopping,C:\Users\Priyanka\OneDrive\Desktop\Smart_Screenshot_Search_Engine\Products_Shopping\IMG-20260813-WA0837.jpg
IMG-20260813-WA0838.jpg,Products_Shopping,C:\Users\Priyanka\OneDrive\Desktop\Smart_Screenshot_Search_Engine\Products_Shopping\IMG-20260813-WA0838.jpg
IMG-20260813-WA0839.jpg,Products_Shopping,C:\Users\Priyanka\OneDrive\Desktop\Smart_Screenshot_Search_Engine\Products_Shopping\IMG-20260813-WA0839.jpg
IMG-20260813-WA0840.jpg,Products_Shopping,C:\Users\Priyanka\OneDrive\Desktop\Smart_Screenshot_Search_Engine\Products_Shopping\IMG-20260813-WA0840.jpg
IMG-20260813-WA0841.jpg,Products_Shopping,C:\Users\Priyanka\OneDrive\Desktop\Smart_Screenshot_Search_Engine\Products_Shopping\IMG-20260813-WA0841.jpg
IMG-20260813-WA0842.jpg,Products_Shopping,C:\Users\Priyanka\OneDrive\Desktop\Smart_Screenshot_Search_Engine\Products_Shopping\IMG-20260813-WA0842.jpg
IMG-20260813-WA0843.jpg,Products_Shopping,C:\Users\Priyanka\OneDrive\Desktop\Smart_Screenshot_Search_Engine\Products_Shopping\IMG-20260813-WA0843.jpg
IMG-20260813-WA0844.jpg,Products_Shopping,C:\Users\Priyanka\OneDrive\Desktop\Smart_Screenshot_Search_Engine\Products_Shopping\IMG-20260813-WA0844.jpg
IMG-20260813-WA0845.jpg,Products_Shopping,C:\Users\Priyanka\OneDrive\Desktop\Smart_Screenshot_Search_Engine\Products_Shopping\IMG-20260813-WA0845.jpg
IMG-20260813-WA0846.jpg,Products_Shopping,C:\Users\Priyanka\OneDrive\Desktop\Smart_Screenshot_Search_Engine\Products_Shopping\IMG-20260813-WA0846.jpg
IMG-20260813-WA0847.jpg,Products_Shopping,C:\Users\Priyanka\OneDrive\Desktop\Smart_Screenshot_Search_Engine\Products_Shopping\IMG-20260813-WA0847.jpg
IMG-20260813-WA0848.jpg,Products_Shopping,C:\Users\Priyanka\OneDrive\Desktop\Smart_Screenshot_Search_Engine\Products_Shopping\IMG-20260813-WA0848.jpg
IMG-20260813-WA0849.jpg,Products_Shopping,C:\Users\Priyanka\OneDrive\Desktop\Smart_Screenshot_Search_Engine\Products_Shopping\IMG-20260813-WA0849.jpg
IMG-20260813-WA0850.jpg,Products_Shopping,C:\Users\Priyanka\OneDrive\Desktop\Smart_Screenshot_Search_Engine\Products_Shopping\IMG-20260813-WA0850.jpg
IMG-20260813-WA0851.jpg,Products_Shopping,C:\Users\Priyanka\OneDrive\Desktop\Smart_Screenshot_Search_Engine\Products_Shopping\IMG-20260813-WA0851.jpg
IMG-20260813-WA0852.jpg,Products_Shopping,C:\Users\Priyanka\OneDrive\Desktop\Smart_Screenshot_Search_Engine\Products_Shopping\IMG-20260813-WA0852.jpg
IMG-20260813-WA0853.jpg,Products_Shopping,C:\Users\Priyanka\OneDrive\Desktop\Smart_Screenshot_Search_Engine\Products_Shopping\IMG-20260813-WA0853.jpg
IMG-20260813-WA0854.jpg,Products_Shopping,C:\Users\Priyanka\OneDrive\Desktop\Smart_Screenshot_Search_Engine\Products_Shopping\IMG-20260813-WA0854.jpg
IMG-20260813-WA0855.jpg,Products_Shopping,C:\Users\Priyanka\OneDrive\Desktop\Smart_Screenshot_Search_Engine\Products_Shopping\IMG-20260813-WA0855.jpg
IMG-20260813-WA0856.jpg,Products_Shopping,C:\Users\Priyanka\OneDrive\Desktop\Smart_Screenshot_Search_Engine\Products_Shopping\IMG-20260813-WA0856.jpg
IMG-20260813-WA0857.jpg,Products_Shopping,C:\Users\Priyanka\OneDrive\Desktop\Smart_Screenshot_Search_Engine\Products_Shopping\IMG-20260813-WA0857.jpg
IMG-20260813-WA0858.jpg,Products_Shopping,C:\Users\Priyanka\OneDrive\Desktop\Smart_Screenshot_Search_Engine\Products_Shopping\IMG-20260813-WA0858.jpg
IMG-20260813-WA0859.jpg,Products_Shopping,C:\Users\Priyanka\OneDrive\Desktop\Smart_Screenshot_Search_Engine\Products_Shopping\IMG-20260813-WA0859.jpg
IMG-20260813-WA0888.jpg,Products_Shopping,C:\Users\Priyanka\OneDrive\Desktop\Smart_Screenshot_Search_Engine\Products_Shopping\IMG-20260813-WA0888.jpg
IMG-20260813-WA0889.jpg,Products_Shopping,C:\Users\Priyanka\OneDrive\Desktop\Smart_Screenshot_Search_Engine\Products_Shopping\IMG-20260813-WA0889.jpg
IMG-20260813-WA0890.jpg,Products_Shopping,C:\Users\Priyanka\OneDrive\Desktop\Smart_Screenshot_Search_Engine\Products_Shopping\IMG-20260813-WA0890.jpg
IMG-20260813-WA0891.jpg,Products_Shopping,C:\Users\Priyanka\OneDrive\Desktop\Smart_Screenshot_Search_Engine\Products_Shopping\IMG-20260813-WA0891.jpg
IMG-20260813-WA0892.jpg,Products_Shopping,C:\Users\Priyanka\OneDrive\Desktop\Smart_Screenshot_Search_Engine\Products_Shopping\IMG-20260813-WA0892.jpg
IMG-20260813-WA0893.jpg,Products_Shopping,C:\Users\Priyanka\OneDrive\Desktop\Smart_Screenshot_Search_Engine\Products_Shopping\IMG-20260813-WA0893.jpg
IMG-20260813-WA0894.jpg,Products_Shopping,C:\Users\Priyanka\OneDrive\Desktop\Smart_Screenshot_Search_Engine\Products_Shopping\IMG-20260813-WA0894.jpg
IMG-20260813-WA0895.jpg,Products_Shopping,C:\Users\Priyanka\OneDrive\Desktop\Smart_Screenshot_Search_Engine\Products_Shopping\IMG-20260813-WA0895.jpg
IMG-20260813-WA0896.jpg,Products_Shopping,C:\Users\Priyanka\OneDrive\Desktop\Smart_Screenshot_Search_Engine\Products_Shopping\IMG-20260813-WA0896.jpg
IMG-20260813-WA0897.jpg,Products_Shopping,C:\Users\Priyanka\OneDrive\Desktop\Smart_Screenshot_Search_Engine\Products_Shopping\IMG-20260813-WA0897.jpg
IMG-20260813-WA0898.jpg,Products_Shopping,C:\Users\Priyanka\OneDrive\Desktop\Smart_Screenshot_Search_Engine\Products_Shopping\IMG-20260813-WA0898.jpg
IMG-20260813-WA0899.jpg,Products_Shopping,C:\Users\Priyanka\OneDrive\Desktop\Smart_Screenshot_Search_Engine\Products_Shopping\IMG-20260813-WA0899.jpg
IMG-20260813-WA0900.jpg,Products_Shopping,C:\Users\Priyanka\OneDrive\Desktop\Smart_Screenshot_Search_Engine\Products_Shopping\IMG-20260813-WA0900.jpg
IMG-20260813-WA0901.jpg,Products_Shopping,C:\Users\Priyanka\OneDrive\Desktop\Smart_Screenshot_Search_Engine\Products_Shopping\IMG-20260813-WA0901.jpg
IMG-20260813-WA0902.jpg,Products_Shopping,C:\Users\Priyanka\OneDrive\Desktop\Smart_Screenshot_Search_Engine\Products_Shopping\IMG-20260813-WA0902.jpg
IMG-20260813-WA0903.jpg,Products_Shopping,C:\Users\Priyanka\OneDrive\Desktop\Smart_Screenshot_Search_Engine\Products_Shopping\IMG-20260813-WA0903.jpg
IMG-20260813-WA0904.jpg,Products_Shopping,C:\Users\Priyanka\OneDrive\Desktop\Smart_Screenshot_Search_Engine\Products_Shopping\IMG-20260813-WA0904.jpg
IMG-20260813-WA0905.jpg,Products_Shopping,C:\Users\Priyanka\OneDrive\Desktop\Smart_Screenshot_Search_Engine\Products_Shopping\IMG-20260813-WA0905.jpg
IMG-20260813-WA0906.jpg,Products_Shopping,C:\Users\Priyanka\OneDrive\Desktop\Smart_Screenshot_Search_Engine\Products_Shopping\IMG-20260813-WA0906.jpg
IMG-20260813-WA0907.jpg,Products_Shopping,C:\Users\Priyanka\OneDrive\Desktop\Smart_Screenshot_Search_Engine\Products_Shopping\IMG-20260813-WA0907.jpg
IMG-20260813-WA0908.jpg,Products_Shopping,C:\Users\Priyanka\OneDrive\Desktop\Smart_Screenshot_Search_Engine\Products_Shopping\IMG-20260813-WA0908.jpg
IMG-20260813-WA0909.jpg,Products_Shopping,C:\Users\Priyanka\OneDrive\Desktop\Smart_Screenshot_Search_Engine\Products_Shopping\IMG-20260813-WA0909.jpg
IMG-20260813-WA0910.jpg,Products_Shopping,C:\Users\Priyanka\OneDrive\Desktop\Smart_Screenshot_Search_Engine\Products_Shopping\IMG-20260813-WA0910.jpg
IMG-20260813-WA0911.jpg,Products_Shopping,C:\Users\Priyanka\OneDrive\Desktop\Smart_Screenshot_Search_Engine\Products_Shopping\IMG-20260813-WA0911.jpg
IMG-20260813-WA0912.jpg,Products_Shopping,C:\Users\Priyanka\OneDrive\Desktop\Smart_Screenshot_Search_Engine\Products_Shopping\IMG-20260813-WA0912.jpg
IMG-20260813-WA0913.jpg,Products_Shopping,C:\Users\Priyanka\OneDrive\Desktop\Smart_Screenshot_Search_Engine\Products_Shopping\IMG-20260813-WA0913.jpg
IMG-20260813-WA0914.jpg,Products_Shopping,C:\Users\Priyanka\OneDrive\Desktop\Smart_Screenshot_Search_Engine\Products_Shopping\IMG-20260813-WA0914.jpg
IMG-20260813-WA0915.jpg,Products_Shopping,C:\Users\Priyanka\OneDrive\Desktop\Smart_Screenshot_Search_Engine\Products_Shopping\IMG-20260813-WA0915.jpg
IMG-20260813-WA0916.jpg,Products_Shopping,C:\Users\Priyanka\OneDrive\Desktop\Smart_Screenshot_Search_Engine\Products_Shopping\IMG-20260813-WA0916.jpg
IMG-20260813-WA0917.jpg,Products_Shopping,C:\Users\Priyanka\OneDrive\Desktop\Smart_Screenshot_Search_Engine\Products_Shopping\IMG-20260813-WA0917.jpg
IMG-20260813-WA0918.jpg,Products_Shopping,C:\Users\Priyanka\OneDrive\Desktop\Smart_Screenshot_Search_Engine\Products_Shopping\IMG-20260813-WA0918.jpg
IMG-20260813-WA0919.jpg,Products_Shopping,C:\Users\Priyanka\OneDrive\Desktop\Smart_Screenshot_Search_Engine\Products_Shopping\IMG-20260813-WA0919.jpg
IMG-20260813-WA0920.jpg,Products_Shopping,C:\Users\Priyanka\OneDrive\Desktop\Smart_Screenshot_Search_Engine\Products_Shopping\IMG-20260813-WA0920.jpg
IMG-20260813-WA0921.jpg,Products_Shopping,C:\Users\Priyanka\OneDrive\Desktop\Smart_Screenshot_Search_Engine\Products_Shopping\IMG-20260813-WA0921.jpg
IMG-20260813-WA0922.jpg,Products_Shopping,C:\Users\Priyanka\OneDrive\Desktop\Smart_Screenshot_Search_Engine\Products_Shopping\IMG-20260813-WA0922.jpg
IMG-20260813-WA0923.jpg,Products_Shopping,C:\Users\Priyanka\OneDrive\Desktop\Smart_Screenshot_Search_Engine\Products_Shopping\IMG-20260813-WA0923.jpg
IMG-20260813-WA0924.jpg,Products_Shopping,C:\Users\Priyanka\OneDrive\Desktop\Smart_Screenshot_Search_Engine\Products_Shopping\IMG-20260813-WA0924.jpg
IMG-20260813-WA0925.jpg,Products_Shopping,C:\Users\Priyanka\OneDrive\Desktop\Smart_Screenshot_Search_Engine\Products_Shopping\IMG-20260813-WA0925.jpg
IMG-20260813-WA0926.jpg,Products_Shopping,C:\Users\Priyanka\OneDrive\Desktop\Smart_Screenshot_Search_Engine\Products_Shopping\IMG-20260813-WA0926.jpg
IMG-20260813-WA0927.jpg,Products_Shopping,C:\Users\Priyanka\OneDrive\Desktop\Smart_Screenshot_Search_Engine\Products_Shopping\IMG-20260813-WA0927.jpg
IMG-20260813-WA0928.jpg,Products_Shopping,C:\Users\Priyanka\OneDrive\Desktop\Smart_Screenshot_Search_Engine\Products_Shopping\IMG-20260813-WA0928.jpg
IMG-20260813-WA0929.jpg,Products_Shopping,C:\Users\Priyanka\OneDrive\Desktop\Smart_Screenshot_Search_Engine\Products_Shopping\IMG-20260813-WA0929.jpg
IMG-20260813-WA0930.jpg,Products_Shopping,C:\Users\Priyanka\OneDrive\Desktop\Smart_Screenshot_Search_Engine\Products_Shopping\IMG-20260813-WA0930.jpg
IMG-20260813-WA0931.jpg,Products_Shopping,C:\Users\Priyanka\OneDrive\Desktop\Smart_Screenshot_Search_Engine\Products_Shopping\IMG-20260813-WA0931.jpg
IMG-20260813-WA0932.jpg,Products_Shopping,C:\Users\Priyanka\OneDrive\Desktop\Smart_Screenshot_Search_Engine\Products_Shopping\IMG-20260813-WA0932.jpg
IMG-20260813-WA0933.jpg,Products_Shopping,C:\Users\Priyanka\OneDrive\Desktop\Smart_Screenshot_Search_Engine\Products_Shopping\IMG-20260813-WA0933.jpg
IMG-20260813-WA0934.jpg,Products_Shopping,C:\Users\Priyanka\OneDrive\Desktop\Smart_Screenshot_Search_Engine\Products_Shopping\IMG-20260813-WA0934.jpg
IMG-20260813-WA0935.jpg,Products_Shopping,C:\Users\Priyanka\OneDrive\Desktop\Smart_Screenshot_Search_Engine\Products_Shopping\IMG-20260813-WA0935.jpg
IMG-20260813-WA0936.jpg,Products_Shopping,C:\Users\Priyanka\OneDrive\Desktop\Smart_Screenshot_Search_Engine\Products_Shopping\IMG-20260813-WA0936.jpg
IMG-20260813-WA0937.jpg,Products_Shopping,C:\Users\Priyanka\OneDrive\Desktop\Smart_Screenshot_Search_Engine\Products_Shopping\IMG-20260813-WA0937.jpg
IMG-20260813-WA0938.jpg,Products_Shopping,C:\Users\Priyanka\OneDrive\Desktop\Smart_Screenshot_Search_Engine\Products_Shopping\IMG-20260813-WA0938.jpg
IMG-20260813-WA0939.jpg,Products_Shopping,C:\Users\Priyanka\OneDrive\Desktop\Smart_Screenshot_Search_Engine\Products_Shopping\IMG-20260813-WA0939.jpg
IMG-20260813-WA0940.jpg,Products_Shopping,C:\Users\Priyanka\OneDrive\Desktop\Smart_Screenshot_Search_Engine\Products_Shopping\IMG-20260813-WA0940.jpg
IMG-20260813-WA0941.jpg,Products_Shopping,C:\Users\Priyanka\OneDrive\Desktop\Smart_Screenshot_Search_Engine\Products_Shopping\IMG-20260813-WA0941.jpg
IMG-20260813-WA0942.jpg,Products_Shopping,C:\Users\Priyanka\OneDrive\Desktop\Smart_Screenshot_Search_Engine\Products_Shopping\IMG-20260813-WA0942.jpg
IMG-20260813-WA0943.jpg,Products_Shopping,C:\Users\Priyanka\OneDrive\Desktop\Smart_Screenshot_Search_Engine\Products_Shopping\IMG-20260813-WA0943.jpg
IMG-20260813-WA0944.jpg,Products_Shopping,C:\Users\Priyanka\OneDrive\Desktop\Smart_Screenshot_Search_Engine\Products_Shopping\IMG-20260813-WA0944.jpg
IMG-20260813-WA0945.jpg,Products_Shopping,C:\Users\Priyanka\OneDrive\Desktop\Smart_Screenshot_Search_Engine\Products_Shopping\IMG-20260813-WA0945.jpg
IMG-20260813-WA0946.jpg,Products_Shopping,C:\Users\Priyanka\OneDrive\Desktop\Smart_Screenshot_Search_Engine\Products_Shopping\IMG-20260813-WA0946.jpg
IMG-20260813-WA0947.jpg,Products_Shopping,C:\Users\Priyanka\OneDrive\Desktop\Smart_Screenshot_Search_Engine\Products_Shopping\IMG-20260813-WA0947.jpg
IMG-20260813-WA0948.jpg,Products_Shopping,C:\Users\Priyanka\OneDrive\Desktop\Smart_Screenshot_Search_Engine\Products_Shopping\IMG-20260813-WA0948.jpg
IMG-20260813-WA0949.jpg,Products_Shopping,C:\Users\Priyanka\OneDrive\Desktop\Smart_Screenshot_Search_Engine\Products_Shopping\IMG-20260813-WA0949.jpg
IMG-20260813-WA0950.jpg,Products_Shopping,C:\Users\Priyanka\OneDrive\Desktop\Smart_Screenshot_Search_Engine\Products_Shopping\IMG-20260813-WA0950.jpg
IMG-20260813-WA0951.jpg,Products_Shopping,C:\Users\Priyanka\OneDrive\Desktop\Smart_Screenshot_Search_Engine\Products_Shopping\IMG-20260813-WA0951.jpg
IMG-20260813-WA0952.jpg,Products_Shopping,C:\Users\Priyanka\OneDrive\Desktop\Smart_Screenshot_Search_Engine\Products_Shopping\IMG-20260813-WA0952.jpg
IMG-20260813-WA0953.jpg,Products_Shopping,C:\Users\Priyanka\OneDrive\Desktop\Smart_Screenshot_Search_Engine\Products_Shopping\IMG-20260813-WA0953.jpg
IMG-20260813-WA0954.jpg,Products_Shopping,C:\Users\Priyanka\OneDrive\Desktop\Smart_Screenshot_Search_Engine\Products_Shopping\IMG-20260813-WA0954.jpg
IMG-20260813-WA0955.jpg,Products_Shopping,C:\Users\Priyanka\OneDrive\Desktop\Smart_Screenshot_Search_Engine\Products_Shopping\IMG-20260813-WA0955.jpg
IMG-20260813-WA0956.jpg,Products_Shopping,C:\Users\Priyanka\OneDrive\Desktop\Smart_Screenshot_Search_Engine\Products_Shopping\IMG-20260813-WA0956.jpg
IMG-20260813-WA0957.jpg,Products_Shopping,C:\Users\Priyanka\OneDrive\Desktop\Smart_Screenshot_Search_Engine\Products_Shopping\IMG-20260813-WA0957.jpg
IMG-20260813-WA0958.jpg,Products_Shopping,C:\Users\Priyanka\OneDrive\Desktop\Smart_Screenshot_Search_Engine\Products_Shopping\IMG-20260813-WA0958.jpg
IMG-20260813-WA0959.jpg,Products_Shopping,C:\Users\Priyanka\OneDrive\Desktop\Smart_Screenshot_Search_Engine\Products_Shopping\IMG-20260813-WA0959.jpg
IMG-20260813-WA0960.jpg,Products_Shopping,C:\Users\Priyanka\OneDrive\Desktop\Smart_Screenshot_Search_Engine\Products_Shopping\IMG-20260813-WA0960.jpg
IMG-20260813-WA0961.jpg,Products_Shopping,C:\Users\Priyanka\OneDrive\Desktop\Smart_Screenshot_Search_Engine\Products_Shopping\IMG-20260813-WA0961.jpg
IMG-20260813-WA0962.jpg,Products_Shopping,C:\Users\Priyanka\OneDrive\Desktop\Smart_Screenshot_Search_Engine\Products_Shopping\IMG-20260813-WA0962.jpg
IMG-20260813-WA0963.jpg,Products_Shopping,C:\Users\Priyanka\OneDrive\Desktop\Smart_Screenshot_Search_Engine\Products_Shopping\IMG-20260813-WA0963.jpg
IMG-20260813-WA0964.jpg,Products_Shopping,C:\Users\Priyanka\OneDrive\Desktop\Smart_Screenshot_Search_Engine\Products_Shopping\IMG-20260813-WA0964.jpg
IMG-20260813-WA0965.jpg,Products_Shopping,C:\Users\Priyanka\OneDrive\Desktop\Smart_Screenshot_Search_Engine\Products_Shopping\IMG-20260813-WA0965.jpg
IMG-20260813-WA0966.jpg,Products_Shopping,C:\Users\Priyanka\OneDrive\Desktop\Smart_Screenshot_Search_Engine\Products_Shopping\IMG-20260813-WA0966.jpg
IMG-20260813-WA0967.jpg,Products_Shopping,C:\Users\Priyanka\OneDrive\Desktop\Smart_Screenshot_Search_Engine\Products_Shopping\IMG-20260813-WA0967.jpg
IMG-20260813-WA0968.jpg,Products_Shopping,C:\Users\Priyanka\OneDrive\Desktop\Smart_Screenshot_Search_Engine\Products_Shopping\IMG-20260813-WA0968.jpg
IMG-20260813-WA0969.jpg,Products_Shopping,C:\Users\Priyanka\OneDrive\Desktop\Smart_Screenshot_Search_Engine\Products_Shopping\IMG-20260813-WA0969.jpg
IMG-20260813-WA0970.jpg,Products_Shopping,C:\Users\Priyanka\OneDrive\Desktop\Smart_Screenshot_Search_Engine\Products_Shopping\IMG-20260813-WA0970.jpg
IMG-20260813-WA0971.jpg,Products_Shopping,C:\Users\Priyanka\OneDrive\Desktop\Smart_Screenshot_Search_Engine\Products_Shopping\IMG-20260813-WA0971.jpg
IMG-20260813-WA0972.jpg,Products_Shopping,C:\Users\Priyanka\OneDrive\Desktop\Smart_Screenshot_Search_Engine\Products_Shopping\IMG-20260813-WA0972.jpg
IMG-20260813-WA0973.jpg,Products_Shopping,C:\Users\Priyanka\OneDrive\Desktop\Smart_Screenshot_Search_Engine\Products_Shopping\IMG-20260813-WA0973.jpg
IMG-20260813-WA0974.jpg,Products_Shopping,C:\Users\Priyanka\OneDrive\Desktop\Smart_Screenshot_Search_Engine\Products_Shopping\IMG-20260813-WA0974.jpg
IMG-20260813-WA0975.jpg,Products_Shopping,C:\Users\Priyanka\OneDrive\Desktop\Smart_Screenshot_Search_Engine\Products_Shopping\IMG-20260813-WA0975.jpg
IMG-20260813-WA0976.jpg,Products_Shopping,C:\Users\Priyanka\OneDrive\Desktop\Smart_Screenshot_Search_Engine\Products_Shopping\IMG-20260813-WA0976.jpg
IMG-20260813-WA0977.jpg,Products_Shopping,C:\Users\Priyanka\OneDrive\Desktop\Smart_Screenshot_Search_Engine\Products_Shopping\IMG-20260813-WA0977.jpg
IMG-20260813-WA0978.jpg,Products_Shopping,C:\Users\Priyanka\OneDrive\Desktop\Smart_Screenshot_Search_Engine\Products_Shopping\IMG-20260813-WA0978.jpg
IMG-20260813-WA0979.jpg,Products_Shopping,C:\Users\Priyanka\OneDrive\Desktop\Smart_Screenshot_Search_Engine\Products_Shopping\IMG-20260813-WA0979.jpg
IMG-20260813-WA0980.jpg,Products_Shopping,C:\Users\Priyanka\OneDrive\Desktop\Smart_Screenshot_Search_Engine\Products_Shopping\IMG-20260813-WA0980.jpg
IMG-20260813-WA0981.jpg,Products_Shopping,C:\Users\Priyanka\OneDrive\Desktop\Smart_Screenshot_Search_Engine\Products_Shopping\IMG-20260813-WA0981.jpg
IMG-20260813-WA0982.jpg,Products_Shopping,C:\Users\Priyanka\OneDrive\Desktop\Smart_Screenshot_Search_Engine\Products_Shopping\IMG-20260813-WA0982.jpg
IMG-20260813-WA0983.jpg,Products_Shopping,C:\Users\Priyanka\OneDrive\Desktop\Smart_Screenshot_Search_Engine\Products_Shopping\IMG-20260813-WA0983.jpg
IMG-20260813-WA0984.jpg,Products_Shopping,C:\Users\Priyanka\OneDrive\Desktop\Smart_Screenshot_Search_Engine\Products_Shopping\IMG-20260813-WA0984.jpg
IMG-20260813-WA0985.jpg,Products_Shopping,C:\Users\Priyanka\OneDrive\Desktop\Smart_Screenshot_Search_Engine\Products_Shopping\IMG-20260813-WA0985.jpg
IMG-20260813-WA0986.jpg,Products_Shopping,C:\Users\Priyanka\OneDrive\Desktop\Smart_Screenshot_Search_Engine\Products_Shopping\IMG-20260813-WA0986.jpg
IMG-20260813-WA0987.jpg,Products_Shopping,C:\Users\Priyanka\OneDrive\Desktop\Smart_Screenshot_Search_Engine\Products_Shopping\IMG-20260813-WA0987.jpg
IMG-20260813-WA0988.jpg,Products_Shopping,C:\Users\Priyanka\OneDrive\Desktop\Smart_Screenshot_Search_Engine\Products_Shopping\IMG-20260813-WA0988.jpg
IMG-20260813-WA0989.jpg,Products_Shopping,C:\Users\Priyanka\OneDrive\Desktop\Smart_Screenshot_Search_Engine\Products_Shopping\IMG-20260813-WA0989.jpg
IMG-20260813-WA0990.jpg,Products_Shopping,C:\Users\Priyanka\OneDrive\Desktop\Smart_Screenshot_Search_Engine\Products_Shopping\IMG-20260813-WA0990.jpg
IMG-20260813-WA0991.jpg,Products_Shopping,C:\Users\Priyanka\OneDrive\Desktop\Smart_Screenshot_Search_Engine\Products_Shopping\IMG-20260813-WA0991.jpg
IMG-20260813-WA0992.jpg,Products_Shopping,C:\Users\Priyanka\OneDrive\Desktop\Smart_Screenshot_Search_Engine\Products_Shopping\IMG-20260813-WA0992.jpg
IMG-20260813-WA0993.jpg,Products_Shopping,C:\Users\Priyanka\OneDrive\Desktop\Smart_Screenshot_Search_Engine\Products_Shopping\IMG-20260813-WA0993.jpg
IMG-20260813-WA0994.jpg,Products_Shopping,C:\Users\Priyanka\OneDrive\Desktop\Smart_Screenshot_Search_Engine\Products_Shopping\IMG-20260813-WA0994.jpg
IMG-20260813-WA0995.jpg,Products_Shopping,C:\Users\Priyanka\OneDrive\Desktop\Smart_Screenshot_Search_Engine\Products_Shopping\IMG-20260813-WA0995.jpg
IMG-20260813-WA0996.jpg,Products_Shopping,C:\Users\Priyanka\OneDrive\Desktop\Smart_Screenshot_Search_Engine\Products_Shopping\IMG-20260813-WA0996.jpg
IMG-20260813-WA0997.jpg,Products_Shopping,C:\Users\Priyanka\OneDrive\Desktop\Smart_Screenshot_Search_Engine\Products_Shopping\IMG-20260813-WA0997.jpg
IMG-20260813-WA0998.jpg,Products_Shopping,C:\Users\Priyanka\OneDrive\Desktop\Smart_Screenshot_Search_Engine\Products_Shopping\IMG-20260813-WA0998.jpg
IMG-20260813-WA0999.jpg,Products_Shopping,C:\Users\Priyanka\OneDrive\Desktop\Smart_Screenshot_Search_Engine\Products_Shopping\IMG-20260813-WA0999.jpg
IMG-20260813-WA1000.jpg,Products_Shopping,C:\Users\Priyanka\OneDrive\Desktop\Smart_Screenshot_Search_Engine\Products_Shopping\IMG-20260813-WA1000.jpg
IMG-20260813-WA1001.jpg,Products_Shopping,C:\Users\Priyanka\OneDrive\Desktop\Smart_Screenshot_Search_Engine\Products_Shopping\IMG-20260813-WA1001.jpg
IMG-20260813-WA1002.jpg,Products_Shopping,C:\Users\Priyanka\OneDrive\Desktop\Smart_Screenshot_Search_Engine\Products_Shopping\IMG-20260813-WA1002.jpg
IMG-20260813-WA1003.jpg,Products_Shopping,C:\Users\Priyanka\OneDrive\Desktop\Smart_Screenshot_Search_Engine\Products_Shopping\IMG-20260813-WA1003.jpg
IMG-20260813-WA1004.jpg,Products_Shopping,C:\Users\Priyanka\OneDrive\Desktop\Smart_Screenshot_Search_Engine\Products_Shopping\IMG-20260813-WA1004.jpg
IMG-20260813-WA1005.jpg,Products_Shopping,C:\Users\Priyanka\OneDrive\Desktop\Smart_Screenshot_Search_Engine\Products_Shopping\IMG-20260813-WA1005.jpg
IMG-20260813-WA1006.jpg,Products_Shopping,C:\Users\Priyanka\OneDrive\Desktop\Smart_Screenshot_Search_Engine\Products_Shopping\IMG-20260813-WA1006.jpg
IMG-20260813-WA1007.jpg,Products_Shopping,C:\Users\Priyanka\OneDrive\Desktop\Smart_Screenshot_Search_Engine\Products_Shopping\IMG-20260813-WA1007.jpg
IMG-20260813-WA1008.jpg,Products_Shopping,C:\Users\Priyanka\OneDrive\Desktop\Smart_Screenshot_Search_Engine\Products_Shopping\IMG-20260813-WA1008.jpg
IMG-20260813-WA1009.jpg,Products_Shopping,C:\Users\Priyanka\OneDrive\Desktop\Smart_Screenshot_Search_Engine\Products_Shopping\IMG-20260813-WA1009.jpg
IMG-20260813-WA1010.jpg,Products_Shopping,C:\Users\Priyanka\OneDrive\Desktop\Smart_Screenshot_Search_Engine\Products_Shopping\IMG-20260813-WA1010.jpg
IMG-20260813-WA1011.jpg,Products_Shopping,C:\Users\Priyanka\OneDrive\Desktop\Smart_Screenshot_Search_Engine\Products_Shopping\IMG-20260813-WA1011.jpg
IMG-20260813-WA1012.jpg,Products_Shopping,C:\Users\Priyanka\OneDrive\Desktop\Smart_Screenshot_Search_Engine\Products_Shopping\IMG-20260813-WA1012.jpg
IMG-20260813-WA1013.jpg,Products_Shopping,C:\Users\Priyanka\OneDrive\Desktop\Smart_Screenshot_Search_Engine\Products_Shopping\IMG-20260813-WA1013.jpg
IMG-20260813-WA1014.jpg,Products_Shopping,C:\Users\Priyanka\OneDrive\Desktop\Smart_Screenshot_Search_Engine\Products_Shopping\IMG-20260813-WA1014.jpg
IMG-20260813-WA1015.jpg,Products_Shopping,C:\Users\Priyanka\OneDrive\Desktop\Smart_Screenshot_Search_Engine\Products_Shopping\IMG-20260813-WA1015.jpg
IMG-20260813-WA1016.jpg,Products_Shopping,C:\Users\Priyanka\OneDrive\Desktop\Smart_Screenshot_Search_Engine\Products_Shopping\IMG-20260813-WA1016.jpg
IMG-20260813-WA1017.jpg,Products_Shopping,C:\Users\Priyanka\OneDrive\Desktop\Smart_Screenshot_Search_Engine\Products_Shopping\IMG-20260813-WA1017.jpg
IMG-20260813-WA1018.jpg,Products_Shopping,C:\Users\Priyanka\OneDrive\Desktop\Smart_Screenshot_Search_Engine\Products_Shopping\IMG-20260813-WA1018.jpg
IMG-20260813-WA1019.jpg,Products_Shopping,C:\Users\Priyanka\OneDrive\Desktop\Smart_Screenshot_Search_Engine\Products_Shopping\IMG-20260813-WA1019.jpg
IMG-20260813-WA1020.jpg,Products_Shopping,C:\Users\Priyanka\OneDrive\Desktop\Smart_Screenshot_Search_Engine\Products_Shopping\IMG-20260813-WA1020.jpg
IMG-20260813-WA1021.jpg,Products_Shopping,C:\Users\Priyanka\OneDrive\Desktop\Smart_Screenshot_Search_Engine\Products_Shopping\IMG-20260813-WA1021.jpg
IMG-20260813-WA1022.jpg,Products_Shopping,C:\Users\Priyanka\OneDrive\Desktop\Smart_Screenshot_Search_Engine\Products_Shopping\IMG-20260813-WA1022.jpg
IMG-20260813-WA1023.jpg,Products_Shopping,C:\Users\Priyanka\OneDrive\Desktop\Smart_Screenshot_Search_Engine\Products_Shopping\IMG-20260813-WA1023.jpg
IMG-20260813-WA1024.jpg,Products_Shopping,C:\Users\Priyanka\OneDrive\Desktop\Smart_Screenshot_Search_Engine\Products_Shopping\IMG-20260813-WA1024.jpg
IMG-20260813-WA1025.jpg,Products_Shopping,C:\Users\Priyanka\OneDrive\Desktop\Smart_Screenshot_Search_Engine\Products_Shopping\IMG-20260813-WA1025.jpg
IMG-20260813-WA1026.jpg,Products_Shopping,C:\Users\Priyanka\OneDrive\Desktop\Smart_Screenshot_Search_Engine\Products_Shopping\IMG-20260813-WA1026.jpg
IMG-20260813-WA1027.jpg,Products_Shopping,C:\Users\Priyanka\OneDrive\Desktop\Smart_Screenshot_Search_Engine\Products_Shopping\IMG-20260813-WA1027.jpg
IMG-20260813-WA1028.jpg,Products_Shopping,C:\Users\Priyanka\OneDrive\Desktop\Smart_Screenshot_Search_Engine\Products_Shopping\IMG-20260813-WA1028.jpg
IMG-20260813-WA1029.jpg,Products_Shopping,C:\Users\Priyanka\OneDrive\Desktop\Smart_Screenshot_Search_Engine\Products_Shopping\IMG-20260813-WA1029.jpg
IMG-20260813-WA1030.jpg,Products_Shopping,C:\Users\Priyanka\OneDrive\Desktop\Smart_Screenshot_Search_Engine\Products_Shopping\IMG-20260813-WA1030.jpg
IMG-20260813-WA1031.jpg,Products_Shopping,C:\Users\Priyanka\OneDrive\Desktop\Smart_Screenshot_Search_Engine\Products_Shopping\IMG-20260813-WA1031.jpg
IMG-20260813-WA1032.jpg,Products_Shopping,C:\Users\Priyanka\OneDrive\Desktop\Smart_Screenshot_Search_Engine\Products_Shopping\IMG-20260813-WA1032.jpg
IMG-20260813-WA1033.jpg,Products_Shopping,C:\Users\Priyanka\OneDrive\Desktop\Smart_Screenshot_Search_Engine\Products_Shopping\IMG-20260813-WA1033.jpg
IMG-20260813-WA1034.jpg,Products_Shopping,C:\Users\Priyanka\OneDrive\Desktop\Smart_Screenshot_Search_Engine\Products_Shopping\IMG-20260813-WA1034.jpg
IMG-20260813-WA1035.jpg,Products_Shopping,C:\Users\Priyanka\OneDrive\Desktop\Smart_Screenshot_Search_Engine\Products_Shopping\IMG-20260813-WA1035.jpg
IMG-20260813-WA1036.jpg,Products_Shopping,C:\Users\Priyanka\OneDrive\Desktop\Smart_Screenshot_Search_Engine\Products_Shopping\IMG-20260813-WA1036.jpg
IMG-20260813-WA1037.jpg,Products_Shopping,C:\Users\Priyanka\OneDrive\Desktop\Smart_Screenshot_Search_Engine\Products_Shopping\IMG-20260813-WA1037.jpg
IMG-20260813-WA1038.jpg,Products_Shopping,C:\Users\Priyanka\OneDrive\Desktop\Smart_Screenshot_Search_Engine\Products_Shopping\IMG-20260813-WA1038.jpg
IMG-20260813-WA1039.jpg,Products_Shopping,C:\Users\Priyanka\OneDrive\Desktop\Smart_Screenshot_Search_Engine\Products_Shopping\IMG-20260813-WA1039.jpg
IMG-20260813-WA1040.jpg,Products_Shopping,C:\Users\Priyanka\OneDrive\Desktop\Smart_Screenshot_Search_Engine\Products_Shopping\IMG-20260813-WA1040.jpg
IMG-20260813-WA1041.jpg,Products_Shopping,C:\Users\Priyanka\OneDrive\Desktop\Smart_Screenshot_Search_Engine\Products_Shopping\IMG-20260813-WA1041.jpg
IMG-20260813-WA1042.jpg,Products_Shopping,C:\Users\Priyanka\OneDrive\Desktop\Smart_Screenshot_Search_Engine\Products_Shopping\IMG-20260813-WA1042.jpg
IMG-20260813-WA1043.jpg,Products_Shopping,C:\Users\Priyanka\OneDrive\Desktop\Smart_Screenshot_Search_Engine\Products_Shopping\IMG-20260813-WA1043.jpg
IMG-20260813-WA1044.jpg,Products_Shopping,C:\Users\Priyanka\OneDrive\Desktop\Smart_Screenshot_Search_Engine\Products_Shopping\IMG-20260813-WA1044.jpg
IMG-20260813-WA1045.jpg,Products_Shopping,C:\Users\Priyanka\OneDrive\Desktop\Smart_Screenshot_Search_Engine\Products_Shopping\IMG-20260813-WA1045.jpg
IMG-20260813-WA1046.jpg,Products_Shopping,C:\Users\Priyanka\OneDrive\Desktop\Smart_Screenshot_Search_Engine\Products_Shopping\IMG-20260813-WA1046.jpg
IMG-20260813-WA1047.jpg,Products_Shopping,C:\Users\Priyanka\OneDrive\Desktop\Smart_Screenshot_Search_Engine\Products_Shopping\IMG-20260813-WA1047.jpg
IMG-20260813-WA1048.jpg,Products_Shopping,C:\Users\Priyanka\OneDrive\Desktop\Smart_Screenshot_Search_Engine\Products_Shopping\IMG-20260813-WA1048.jpg
IMG-20260813-WA1049.jpg,Products_Shopping,C:\Users\Priyanka\OneDrive\Desktop\Smart_Screenshot_Search_Engine\Products_Shopping\IMG-20260813-WA1049.jpg
IMG-20260813-WA1050.jpg,Products_Shopping,C:\Users\Priyanka\OneDrive\Desktop\Smart_Screenshot_Search_Engine\Products_Shopping\IMG-20260813-WA1050.jpg
IMG-20260813-WA1051.jpg,Products_Shopping,C:\Users\Priyanka\OneDrive\Desktop\Smart_Screenshot_Search_Engine\Products_Shopping\IMG-20260813-WA1051.jpg
IMG-20260813-WA1052.jpg,Products_Shopping,C:\Users\Priyanka\OneDrive\Desktop\Smart_Screenshot_Search_Engine\Products_Shopping\IMG-20260813-WA1052.jpg
IMG-20260813-WA1053.jpg,Products_Shopping,C:\Users\Priyanka\OneDrive\Desktop\Smart_Screenshot_Search_Engine\Products_Shopping\IMG-20260813-WA1053.jpg
IMG-20260813-WA1054.jpg,Products_Shopping,C:\Users\Priyanka\OneDrive\Desktop\Smart_Screenshot_Search_Engine\Products_Shopping\IMG-20260813-WA1054.jpg
IMG-20260813-WA1055.jpg,Products_Shopping,C:\Users\Priyanka\OneDrive\Desktop\Smart_Screenshot_Search_Engine\Products_Shopping\IMG-20260813-WA1055.jpg
IMG-20260813-WA1056.jpg,Products_Shopping,C:\Users\Priyanka\OneDrive\Desktop\Smart_Screenshot_Search_Engine\Products_Shopping\IMG-20260813-WA1056.jpg
IMG-20260813-WA1057.jpg,Products_Shopping,C:\Users\Priyanka\OneDrive\Desktop\Smart_Screenshot_Search_Engine\Products_Shopping\IMG-20260813-WA1057.jpg
IMG-20260813-WA1058.jpg,Products_Shopping,C:\Users\Priyanka\OneDrive\Desktop\Smart_Screenshot_Search_Engine\Products_Shopping\IMG-20260813-WA1058.jpg
IMG-20260813-WA1059.jpg,Products_Shopping,C:\Users\Priyanka\OneDrive\Desktop\Smart_Screenshot_Search_Engine\Products_Shopping\IMG-20260813-WA1059.jpg
IMG-20260813-WA1060.jpg,Products_Shopping,C:\Users\Priyanka\OneDrive\Desktop\Smart_Screenshot_Search_Engine\Products_Shopping\IMG-20260813-WA1060.jpg
IMG-20260813-WA1061.jpg,Products_Shopping,C:\Users\Priyanka\OneDrive\Desktop\Smart_Screenshot_Search_Engine\Products_Shopping\IMG-20260813-WA1061.jpg
IMG-20260813-WA1062.jpg,Products_Shopping,C:\Users\Priyanka\OneDrive\Desktop\Smart_Screenshot_Search_Engine\Products_Shopping\IMG-20260813-WA1062.jpg
IMG-20260813-WA1063.jpg,Products_Shopping,C:\Users\Priyanka\OneDrive\Desktop\Smart_Screenshot_Search_Engine\Products_Shopping\IMG-20260813-WA1063.jpg
IMG-20260813-WA1064.jpg,Products_Shopping,C:\Users\Priyanka\OneDrive\Desktop\Smart_Screenshot_Search_Engine\Products_Shopping\IMG-20260813-WA1064.jpg
IMG-20260813-WA1065.jpg,Products_Shopping,C:\Users\Priyanka\OneDrive\Desktop\Smart_Screenshot_Search_Engine\Products_Shopping\IMG-20260813-WA1065.jpg
IMG-20260813-WA1066.jpg,Products_Shopping,C:\Users\Priyanka\OneDrive\Desktop\Smart_Screenshot_Search_Engine\Products_Shopping\IMG-20260813-WA1066.jpg
IMG-20260813-WA1067.jpg,Products_Shopping,C:\Users\Priyanka\OneDrive\Desktop\Smart_Screenshot_Search_Engine\Products_Shopping\IMG-20260813-WA1067.jpg
IMG-20260813-WA1068.jpg,Products_Shopping,C:\Users\Priyanka\OneDrive\Desktop\Smart_Screenshot_Search_Engine\Products_Shopping\IMG-20260813-WA1068.jpg
IMG-20260813-WA1069.jpg,Products_Shopping,C:\Users\Priyanka\OneDrive\Desktop\Smart_Screenshot_Search_Engine\Products_Shopping\IMG-20260813-WA1069.jpg
IMG-20260813-WA1070.jpg,Products_Shopping,C:\Users\Priyanka\OneDrive\Desktop\Smart_Screenshot_Search_Engine\Products_Shopping\IMG-20260813-WA1070.jpg
IMG-20260813-WA1071.jpg,Products_Shopping,C:\Users\Priyanka\OneDrive\Desktop\Smart_Screenshot_Search_Engine\Products_Shopping\IMG-20260813-WA1071.jpg
IMG-20260813-WA1072.jpg,Products_Shopping,C:\Users\Priyanka\OneDrive\Desktop\Smart_Screenshot_Search_Engine\Products_Shopping\IMG-20260813-WA1072.jpg
IMG-20260813-WA1073.jpg,Products_Shopping,C:\Users\Priyanka\OneDrive\Desktop\Smart_Screenshot_Search_Engine\Products_Shopping\IMG-20260813-WA1073.jpg
IMG-20260813-WA1074.jpg,Products_Shopping,C:\Users\Priyanka\OneDrive\Desktop\Smart_Screenshot_Search_Engine\Products_Shopping\IMG-20260813-WA1074.jpg
IMG-20260813-WA1075.jpg,Products_Shopping,C:\Users\Priyanka\OneDrive\Desktop\Smart_Screenshot_Search_Engine\Products_Shopping\IMG-20260813-WA1075.jpg
IMG-20260813-WA1076.jpg,Products_Shopping,C:\Users\Priyanka\OneDrive\Desktop\Smart_Screenshot_Search_Engine\Products_Shopping\IMG-20260813-WA1076.jpg
IMG-20260813-WA1077.jpg,Products_Shopping,C:\Users\Priyanka\OneDrive\Desktop\Smart_Screenshot_Search_Engine\Products_Shopping\IMG-20260813-WA1077.jpg
IMG-20260813-WA1078.jpg,Products_Shopping,C:\Users\Priyanka\OneDrive\Desktop\Smart_Screenshot_Search_Engine\Products_Shopping\IMG-20260813-WA1078.jpg
IMG-20260813-WA1079.jpg,Products_Shopping,C:\Users\Priyanka\OneDrive\Desktop\Smart_Screenshot_Search_Engine\Products_Shopping\IMG-20260813-WA1079.jpg
IMG-20260813-WA1080.jpg,Products_Shopping,C:\Users\Priyanka\OneDrive\Desktop\Smart_Screenshot_Search_Engine\Products_Shopping\IMG-20260813-WA1080.jpg
IMG-20260813-WA1081.jpg,Products_Shopping,C:\Users\Priyanka\OneDrive\Desktop\Smart_Screenshot_Search_Engine\Products_Shopping\IMG-20260813-WA1081.jpg
IMG-20260813-WA1082.jpg,Products_Shopping,C:\Users\Priyanka\OneDrive\Desktop\Smart_Screenshot_Search_Engine\Products_Shopping\IMG-20260813-WA1082.jpg
IMG-20260813-WA1083.jpg,Products_Shopping,C:\Users\Priyanka\OneDrive\Desktop\Smart_Screenshot_Search_Engine\Products_Shopping\IMG-20260813-WA1083.jpg
IMG-20260813-WA1084.jpg,Products_Shopping,C:\Users\Priyanka\OneDrive\Desktop\Smart_Screenshot_Search_Engine\Products_Shopping\IMG-20260813-WA1084.jpg
IMG-20260813-WA1085.jpg,Products_Shopping,C:\Users\Priyanka\OneDrive\Desktop\Smart_Screenshot_Search_Engine\Products_Shopping\IMG-20260813-WA1085.jpg
IMG-20260813-WA1086.jpg,Products_Shopping,C:\Users\Priyanka\OneDrive\Desktop\Smart_Screenshot_Search_Engine\Products_Shopping\IMG-20260813-WA1086.jpg
IMG-20260813-WA1087.jpg,Products_Shopping,C:\Users\Priyanka\OneDrive\Desktop\Smart_Screenshot_Search_Engine\Products_Shopping\IMG-20260813-WA1087.jpg
IMG-20260813-WA1088.jpg,Products_Shopping,C:\Users\Priyanka\OneDrive\Desktop\Smart_Screenshot_Search_Engine\Products_Shopping\IMG-20260813-WA1088.jpg
IMG-20260813-WA1089.jpg,Products_Shopping,C:\Users\Priyanka\OneDrive\Desktop\Smart_Screenshot_Search_Engine\Products_Shopping\IMG-20260813-WA1089.jpg
IMG-20260813-WA1090.jpg,Products_Shopping,C:\Users\Priyanka\OneDrive\Desktop\Smart_Screenshot_Search_Engine\Products_Shopping\IMG-20260813-WA1090.jpg
IMG-20260813-WA1091.jpg,Products_Shopping,C:\Users\Priyanka\OneDrive\Desktop\Smart_Screenshot_Search_Engine\Products_Shopping\IMG-20260813-WA1091.jpg
IMG-20260813-WA1092.jpg,Products_Shopping,C:\Users\Priyanka\OneDrive\Desktop\Smart_Screenshot_Search_Engine\Products_Shopping\IMG-20260813-WA1092.jpg
IMG-20260813-WA1093.jpg,Products_Shopping,C:\Users\Priyanka\OneDrive\Desktop\Smart_Screenshot_Search_Engine\Products_Shopping\IMG-20260813-WA1093.jpg
IMG-20260813-WA1094.jpg,Products_Shopping,C:\Users\Priyanka\OneDrive\Desktop\Smart_Screenshot_Search_Engine\Products_Shopping\IMG-20260813-WA1094.jpg
IMG-20260813-WA1095.jpg,Products_Shopping,C:\Users\Priyanka\OneDrive\Desktop\Smart_Screenshot_Search_Engine\Products_Shopping\IMG-20260813-WA1095.jpg
IMG-20260813-WA1096.jpg,Products_Shopping,C:\Users\Priyanka\OneDrive\Desktop\Smart_Screenshot_Search_Engine\Products_Shopping\IMG-20260813-WA1096.jpg
IMG-20260813-WA1097.jpg,Products_Shopping,C:\Users\Priyanka\OneDrive\Desktop\Smart_Screenshot_Search_Engine\Products_Shopping\IMG-20260813-WA1097.jpg
IMG-20260813-WA1098.jpg,Products_Shopping,C:\Users\Priyanka\OneDrive\Desktop\Smart_Screenshot_Search_Engine\Products_Shopping\IMG-20260813-WA1098.jpg
IMG-20260813-WA1099.jpg,Products_Shopping,C:\Users\Priyanka\OneDrive\Desktop\Smart_Screenshot_Search_Engine\Products_Shopping\IMG-20260813-WA1099.jpg
IMG-20260813-WA1100.jpg,Products_Shopping,C:\Users\Priyanka\OneDrive\Desktop\Smart_Screenshot_Search_Engine\Products_Shopping\IMG-20260813-WA1100.jpg
IMG-20260813-WA1101.jpg,Products_Shopping,C:\Users\Priyanka\OneDrive\Desktop\Smart_Screenshot_Search_Engine\Products_Shopping\IMG-20260813-WA1101.jpg
IMG-20260813-WA1102.jpg,Products_Shopping,C:\Users\Priyanka\OneDrive\Desktop\Smart_Screenshot_Search_Engine\Products_Shopping\IMG-20260813-WA1102.jpg
IMG-20260813-WA1103.jpg,Products_Shopping,C:\Users\Priyanka\OneDrive\Desktop\Smart_Screenshot_Search_Engine\Products_Shopping\IMG-20260813-WA1103.jpg
IMG-20260813-WA1104.jpg,Products_Shopping,C:\Users\Priyanka\OneDrive\Desktop\Smart_Screenshot_Search_Engine\Products_Shopping\IMG-20260813-WA1104.jpg
IMG-20260813-WA1105.jpg,Products_Shopping,C:\Users\Priyanka\OneDrive\Desktop\Smart_Screenshot_Search_Engine\Products_Shopping\IMG-20260813-WA1105.jpg
IMG-20260813-WA1106.jpg,Products_Shopping,C:\Users\Priyanka\OneDrive\Desktop\Smart_Screenshot_Search_Engine\Products_Shopping\IMG-20260813-WA1106.jpg
IMG-20260813-WA1107.jpg,Products_Shopping,C:\Users\Priyanka\OneDrive\Desktop\Smart_Screenshot_Search_Engine\Products_Shopping\IMG-20260813-WA1107.jpg
IMG-20260813-WA1108.jpg,Products_Shopping,C:\Users\Priyanka\OneDrive\Desktop\Smart_Screenshot_Search_Engine\Products_Shopping\IMG-20260813-WA1108.jpg
IMG-20260813-WA1109.jpg,Products_Shopping,C:\Users\Priyanka\OneDrive\Desktop\Smart_Screenshot_Search_Engine\Products_Shopping\IMG-20260813-WA1109.jpg
IMG-20260813-WA1110.jpg,Products_Shopping,C:\Users\Priyanka\OneDrive\Desktop\Smart_Screenshot_Search_Engine\Products_Shopping\IMG-20260813-WA1110.jpg
IMG-20260813-WA1111.jpg,Products_Shopping,C:\Users\Priyanka\OneDrive\Desktop\Smart_Screenshot_Search_Engine\Products_Shopping\IMG-20260813-WA1111.jpg
IMG-20260813-WA1112.jpg,Products_Shopping,C:\Users\Priyanka\OneDrive\Desktop\Smart_Screenshot_Search_Engine\Products_Shopping\IMG-20260813-WA1112.jpg
IMG-20260813-WA1113.jpg,Products_Shopping,C:\Users\Priyanka\OneDrive\Desktop\Smart_Screenshot_Search_Engine\Products_Shopping\IMG-20260813-WA1113.jpg
IMG-20260813-WA1114.jpg,Products_Shopping,C:\Users\Priyanka\OneDrive\Desktop\Smart_Screenshot_Search_Engine\Products_Shopping\IMG-20260813-WA1114.jpg
IMG-20260813-WA1115.jpg,Products_Shopping,C:\Users\Priyanka\OneDrive\Desktop\Smart_Screenshot_Search_Engine\Products_Shopping\IMG-20260813-WA1115.jpg
IMG-20260813-WA1116.jpg,Products_Shopping,C:\Users\Priyanka\OneDrive\Desktop\Smart_Screenshot_Search_Engine\Products_Shopping\IMG-20260813-WA1116.jpg
IMG-20260813-WA1117.jpg,Products_Shopping,C:\Users\Priyanka\OneDrive\Desktop\Smart_Screenshot_Search_Engine\Products_Shopping\IMG-20260813-WA1117.jpg
IMG-20260813-WA1118.jpg,Products_Shopping,C:\Users\Priyanka\OneDrive\Desktop\Smart_Screenshot_Search_Engine\Products_Shopping\IMG-20260813-WA1118.jpg
IMG-20260813-WA1119.jpg,Products_Shopping,C:\Users\Priyanka\OneDrive\Desktop\Smart_Screenshot_Search_Engine\Products_Shopping\IMG-20260813-WA1119.jpg
IMG-20260813-WA1120.jpg,Products_Shopping,C:\Users\Priyanka\OneDrive\Desktop\Smart_Screenshot_Search_Engine\Products_Shopping\IMG-20260813-WA1120.jpg
IMG-20260813-WA1121.jpg,Products_Shopping,C:\Users\Priyanka\OneDrive\Desktop\Smart_Screenshot_Search_Engine\Products_Shopping\IMG-20260813-WA1121.jpg
IMG-20260813-WA1122.jpg,Products_Shopping,C:\Users\Priyanka\OneDrive\Desktop\Smart_Screenshot_Search_Engine\Products_Shopping\IMG-20260813-WA1122.jpg
IMG-20260813-WA1123.jpg,Products_Shopping,C:\Users\Priyanka\OneDrive\Desktop\Smart_Screenshot_Search_Engine\Products_Shopping\IMG-20260813-WA1123.jpg
IMG-20260813-WA1124.jpg,Products_Shopping,C:\Users\Priyanka\OneDrive\Desktop\Smart_Screenshot_Search_Engine\Products_Shopping\IMG-20260813-WA1124.jpg
IMG-20260813-WA1125.jpg,Products_Shopping,C:\Users\Priyanka\OneDrive\Desktop\Smart_Screenshot_Search_Engine\Products_Shopping\IMG-20260813-WA1125.jpg
IMG-20260813-WA1126.jpg,Products_Shopping,C:\Users\Priyanka\OneDrive\Desktop\Smart_Screenshot_Search_Engine\Products_Shopping\IMG-20260813-WA1126.jpg
IMG-20260813-WA1127.jpg,Products_Shopping,C:\Users\Priyanka\OneDrive\Desktop\Smart_Screenshot_Search_Engine\Products_Shopping\IMG-20260813-WA1127.jpg
IMG-20260813-WA1128.jpg,Products_Shopping,C:\Users\Priyanka\OneDrive\Desktop\Smart_Screenshot_Search_Engine\Products_Shopping\IMG-20260813-WA1128.jpg
IMG-20260813-WA1129.jpg,Products_Shopping,C:\Users\Priyanka\OneDrive\Desktop\Smart_Screenshot_Search_Engine\Products_Shopping\IMG-20260813-WA1129.jpg
IMG-20260813-WA1130.jpg,Products_Shopping,C:\Users\Priyanka\OneDrive\Desktop\Smart_Screenshot_Search_Engine\Products_Shopping\IMG-20260813-WA1130.jpg
IMG-20260813-WA1131.jpg,Products_Shopping,C:\Users\Priyanka\OneDrive\Desktop\Smart_Screenshot_Search_Engine\Products_Shopping\IMG-20260813-WA1131.jpg
IMG-20260813-WA1132.jpg,Products_Shopping,C:\Users\Priyanka\OneDrive\Desktop\Smart_Screenshot_Search_Engine\Products_Shopping\IMG-20260813-WA1132.jpg
IMG-20260813-WA1133.jpg,Products_Shopping,C:\Users\Priyanka\OneDrive\Desktop\Smart_Screenshot_Search_Engine\Products_Shopping\IMG-20260813-WA1133.jpg
IMG-20260813-WA1134.jpg,Products_Shopping,C:\Users\Priyanka\OneDrive\Desktop\Smart_Screenshot_Search_Engine\Products_Shopping\IMG-20260813-WA1134.jpg
IMG-20260813-WA1135.jpg,Products_Shopping,C:\Users\Priyanka\OneDrive\Desktop\Smart_Screenshot_Search_Engine\Products_Shopping\IMG-20260813-WA1135.jpg
IMG-20260813-WA1136.jpg,Products_Shopping,C:\Users\Priyanka\OneDrive\Desktop\Smart_Screenshot_Search_Engine\Products_Shopping\IMG-20260813-WA1136.jpg
IMG-20260813-WA1137.jpg,Products_Shopping,C:\Users\Priyanka\OneDrive\Desktop\Smart_Screenshot_Search_Engine\Products_Shopping\IMG-20260813-WA1137.jpg
IMG-20260813-WA1138.jpg,Products_Shopping,C:\Users\Priyanka\OneDrive\Desktop\Smart_Screenshot_Search_Engine\Products_Shopping\IMG-20260813-WA1138.jpg
IMG-20260813-WA1139.jpg,Products_Shopping,C:\Users\Priyanka\OneDrive\Desktop\Smart_Screenshot_Search_Engine\Products_Shopping\IMG-20260813-WA1139.jpg
IMG-20260813-WA1140.jpg,Products_Shopping,C:\Users\Priyanka\OneDrive\Desktop\Smart_Screenshot_Search_Engine\Products_Shopping\IMG-20260813-WA1140.jpg
IMG-20260813-WA1141.jpg,Products_Shopping,C:\Users\Priyanka\OneDrive\Desktop\Smart_Screenshot_Search_Engine\Products_Shopping\IMG-20260813-WA1141.jpg
IMG-20260813-WA1142.jpg,Products_Shopping,C:\Users\Priyanka\OneDrive\Desktop\Smart_Screenshot_Search_Engine\Products_Shopping\IMG-20260813-WA1142.jpg
IMG-20260813-WA1143.jpg,Products_Shopping,C:\Users\Priyanka\OneDrive\Desktop\Smart_Screenshot_Search_Engine\Products_Shopping\IMG-20260813-WA1143.jpg
IMG-20260813-WA1144.jpg,Products_Shopping,C:\Users\Priyanka\OneDrive\Desktop\Smart_Screenshot_Search_Engine\Products_Shopping\IMG-20260813-WA1144.jpg
IMG-20260813-WA1145.jpg,Products_Shopping,C:\Users\Priyanka\OneDrive\Desktop\Smart_Screenshot_Search_Engine\Products_Shopping\IMG-20260813-WA1145.jpg
IMG-20260813-WA1146.jpg,Products_Shopping,C:\Users\Priyanka\OneDrive\Desktop\Smart_Screenshot_Search_Engine\Products_Shopping\IMG-20260813-WA1146.jpg
IMG-20260813-WA1147.jpg,Products_Shopping,C:\Users\Priyanka\OneDrive\Desktop\Smart_Screenshot_Search_Engine\Products_Shopping\IMG-20260813-WA1147.jpg
IMG-20260813-WA1148.jpg,Products_Shopping,C:\Users\Priyanka\OneDrive\Desktop\Smart_Screenshot_Search_Engine\Products_Shopping\IMG-20260813-WA1148.jpg
IMG-20260813-WA1149.jpg,Products_Shopping,C:\Users\Priyanka\OneDrive\Desktop\Smart_Screenshot_Search_Engine\Products_Shopping\IMG-20260813-WA1149.jpg
IMG-20260813-WA1150.jpg,Products_Shopping,C:\Users\Priyanka\OneDrive\Desktop\Smart_Screenshot_Search_Engine\Products_Shopping\IMG-20260813-WA1150.jpg
IMG-20260813-WA1151.jpg,Products_Shopping,C:\Users\Priyanka\OneDrive\Desktop\Smart_Screenshot_Search_Engine\Products_Shopping\IMG-20260813-WA1151.jpg
IMG-20260813-WA1152.jpg,Products_Shopping,C:\Users\Priyanka\OneDrive\Desktop\Smart_Screenshot_Search_Engine\Products_Shopping\IMG-20260813-WA1152.jpg
IMG-20260813-WA1153.jpg,Products_Shopping,C:\Users\Priyanka\OneDrive\Desktop\Smart_Screenshot_Search_Engine\Products_Shopping\IMG-20260813-WA1153.jpg
IMG-20260813-WA1154.jpg,Products_Shopping,C:\Users\Priyanka\OneDrive\Desktop\Smart_Screenshot_Search_Engine\Products_Shopping\IMG-20260813-WA1154.jpg
IMG-20260813-WA1155.jpg,Products_Shopping,C:\Users\Priyanka\OneDrive\Desktop\Smart_Screenshot_Search_Engine\Products_Shopping\IMG-20260813-WA1155.jpg
IMG-20260813-WA1156.jpg,Products_Shopping,C:\Users\Priyanka\OneDrive\Desktop\Smart_Screenshot_Search_Engine\Products_Shopping\IMG-20260813-WA1156.jpg
IMG-20260813-WA1157.jpg,Products_Shopping,C:\Users\Priyanka\OneDrive\Desktop\Smart_Screenshot_Search_Engine\Products_Shopping\IMG-20260813-WA1157.jpg
IMG-20260813-WA1158.jpg,Products_Shopping,C:\Users\Priyanka\OneDrive\Desktop\Smart_Screenshot_Search_Engine\Products_Shopping\IMG-20260813-WA1158.jpg
IMG-20260813-WA1159.jpg,Products_Shopping,C:\Users\Priyanka\OneDrive\Desktop\Smart_Screenshot_Search_Engine\Products_Shopping\IMG-20260813-WA1159.jpg
IMG-20260813-WA1160.jpg,Products_Shopping,C:\Users\Priyanka\OneDrive\Desktop\Smart_Screenshot_Search_Engine\Products_Shopping\IMG-20260813-WA1160.jpg
IMG-20260813-WA1161.jpg,Products_Shopping,C:\Users\Priyanka\OneDrive\Desktop\Smart_Screenshot_Search_Engine\Products_Shopping\IMG-20260813-WA1161.jpg
IMG-20260813-WA1162.jpg,Products_Shopping,C:\Users\Priyanka\OneDrive\Desktop\Smart_Screenshot_Search_Engine\Products_Shopping\IMG-20260813-WA1162.jpg
IMG-20260813-WA1163.jpg,Products_Shopping,C:\Users\Priyanka\OneDrive\Desktop\Smart_Screenshot_Search_Engine\Products_Shopping\IMG-20260813-WA1163.jpg
IMG-20260813-WA1164.jpg,Products_Shopping,C:\Users\Priyanka\OneDrive\Desktop\Smart_Screenshot_Search_Engine\Products_Shopping\IMG-20260813-WA1164.jpg
IMG-20260813-WA1165.jpg,Products_Shopping,C:\Users\Priyanka\OneDrive\Desktop\Smart_Screenshot_Search_Engine\Products_Shopping\IMG-20260813-WA1165.jpg
IMG-20260813-WA1166.jpg,Products_Shopping,C:\Users\Priyanka\OneDrive\Desktop\Smart_Screenshot_Search_Engine\Products_Shopping\IMG-20260813-WA1166.jpg
IMG-20260813-WA1167.jpg,Products_Shopping,C:\Users\Priyanka\OneDrive\Desktop\Smart_Screenshot_Search_Engine\Products_Shopping\IMG-20260813-WA1167.jpg
IMG-20260813-WA1168.jpg,Products_Shopping,C:\Users\Priyanka\OneDrive\Desktop\Smart_Screenshot_Search_Engine\Products_Shopping\IMG-20260813-WA1168.jpg
IMG-20260813-WA1169.jpg,Products_Shopping,C:\Users\Priyanka\OneDrive\Desktop\Smart_Screenshot_Search_Engine\Products_Shopping\IMG-20260813-WA1169.jpg
IMG-20260813-WA1170.jpg,Products_Shopping,C:\Users\Priyanka\OneDrive\Desktop\Smart_Screenshot_Search_Engine\Products_Shopping\IMG-20260813-WA1170.jpg
IMG-20260813-WA1171.jpg,Products_Shopping,C:\Users\Priyanka\OneDrive\Desktop\Smart_Screenshot_Search_Engine\Products_Shopping\IMG-20260813-WA1171.jpg
IMG-20260813-WA1172.jpg,Products_Shopping,C:\Users\Priyanka\OneDrive\Desktop\Smart_Screenshot_Search_Engine\Products_Shopping\IMG-20260813-WA1172.jpg
IMG-20260813-WA1173.jpg,Products_Shopping,C:\Users\Priyanka\OneDrive\Desktop\Smart_Screenshot_Search_Engine\Products_Shopping\IMG-20260813-WA1173.jpg
IMG-20260813-WA1174.jpg,Products_Shopping,C:\Users\Priyanka\OneDrive\Desktop\Smart_Screenshot_Search_Engine\Products_Shopping\IMG-20260813-WA1174.jpg
IMG-20260813-WA1175.jpg,Products_Shopping,C:\Users\Priyanka\OneDrive\Desktop\Smart_Screenshot_Search_Engine\Products_Shopping\IMG-20260813-WA1175.jpg
IMG-20260813-WA1176.jpg,Products_Shopping,C:\Users\Priyanka\OneDrive\Desktop\Smart_Screenshot_Search_Engine\Products_Shopping\IMG-20260813-WA1176.jpg
IMG-20260813-WA1177.jpg,Products_Shopping,C:\Users\Priyanka\OneDrive\Desktop\Smart_Screenshot_Search_Engine\Products_Shopping\IMG-20260813-WA1177.jpg
IMG-20260813-WA1178.jpg,Products_Shopping,C:\Users\Priyanka\OneDrive\Desktop\Smart_Screenshot_Search_Engine\Products_Shopping\IMG-20260813-WA1178.jpg
IMG-20260813-WA1179.jpg,Products_Shopping,C:\Users\Priyanka\OneDrive\Desktop\Smart_Screenshot_Search_Engine\Products_Shopping\IMG-20260813-WA1179.jpg
IMG-20260813-WA1180.jpg,Products_Shopping,C:\Users\Priyanka\OneDrive\Desktop\Smart_Screenshot_Search_Engine\Products_Shopping\IMG-20260813-WA1180.jpg
IMG-20260813-WA1181.jpg,Products_Shopping,C:\Users\Priyanka\OneDrive\Desktop\Smart_Screenshot_Search_Engine\Products_Shopping\IMG-20260813-WA1181.jpg
IMG-20260813-WA1182.jpg,Products_Shopping,C:\Users\Priyanka\OneDrive\Desktop\Smart_Screenshot_Search_Engine\Products_Shopping\IMG-20260813-WA1182.jpg
IMG-20260813-WA1183.jpg,Products_Shopping,C:\Users\Priyanka\OneDrive\Desktop\Smart_Screenshot_Search_Engine\Products_Shopping\IMG-20260813-WA1183.jpg
IMG-20260813-WA1184.jpg,Products_Shopping,C:\Users\Priyanka\OneDrive\Desktop\Smart_Screenshot_Search_Engine\Products_Shopping\IMG-20260813-WA1184.jpg
IMG-20260813-WA1185.jpg,Products_Shopping,C:\Users\Priyanka\OneDrive\Desktop\Smart_Screenshot_Search_Engine\Products_Shopping\IMG-20260813-WA1185.jpg
IMG-20260813-WA1186.jpg,Products_Shopping,C:\Users\Priyanka\OneDrive\Desktop\Smart_Screenshot_Search_Engine\Products_Shopping\IMG-20260813-WA1186.jpg
IMG-20260813-WA1187.jpg,Products_Shopping,C:\Users\Priyanka\OneDrive\Desktop\Smart_Screenshot_Search_Engine\Products_Shopping\IMG-20260813-WA1187.jpg
IMG-20260813-WA1188.jpg,Products_Shopping,C:\Users\Priyanka\OneDrive\Desktop\Smart_Screenshot_Search_Engine\Products_Shopping\IMG-20260813-WA1188.jpg
IMG-20260813-WA1189.jpg,Products_Shopping,C:\Users\Priyanka\OneDrive\Desktop\Smart_Screenshot_Search_Engine\Products_Shopping\IMG-20260813-WA1189.jpg
IMG-20260813-WA1190.jpg,Products_Shopping,C:\Users\Priyanka\OneDrive\Desktop\Smart_Screenshot_Search_Engine\Products_Shopping\IMG-20260813-WA1190.jpg
IMG-20260813-WA1191.jpg,Products_Shopping,C:\Users\Priyanka\OneDrive\Desktop\Smart_Screenshot_Search_Engine\Products_Shopping\IMG-20260813-WA1191.jpg
IMG-20260813-WA1192.jpg,Products_Shopping,C:\Users\Priyanka\OneDrive\Desktop\Smart_Screenshot_Search_Engine\Products_Shopping\IMG-20260813-WA1192.jpg
IMG-20260813-WA1193.jpg,Products_Shopping,C:\Users\Priyanka\OneDrive\Desktop\Smart_Screenshot_Search_Engine\Products_Shopping\IMG-20260813-WA1193.jpg
IMG-20260813-WA1194.jpg,Products_Shopping,C:\Users\Priyanka\OneDrive\Desktop\Smart_Screenshot_Search_Engine\Products_Shopping\IMG-20260813-WA1194.jpg
IMG-20260813-WA1195.jpg,Products_Shopping,C:\Users\Priyanka\OneDrive\Desktop\Smart_Screenshot_Search_Engine\Products_Shopping\IMG-20260813-WA1195.jpg
IMG-20260813-WA1196.jpg,Products_Shopping,C:\Users\Priyanka\OneDrive\Desktop\Smart_Screenshot_Search_Engine\Products_Shopping\IMG-20260813-WA1196.jpg
IMG-20260813-WA1197.jpg,Products_Shopping,C:\Users\Priyanka\OneDrive\Desktop\Smart_Screenshot_Search_Engine\Products_Shopping\IMG-20260813-WA1197.jpg
IMG-20260813-WA1198.jpg,Products_Shopping,C:\Users\Priyanka\OneDrive\Desktop\Smart_Screenshot_Search_Engine\Products_Shopping\IMG-20260813-WA1198.jpg
IMG-20260813-WA1199.jpg,Products_Shopping,C:\Users\Priyanka\OneDrive\Desktop\Smart_Screenshot_Search_Engine\Products_Shopping\IMG-20260813-WA1199.jpg
IMG-20260813-WA1200.jpg,Products_Shopping,C:\Users\Priyanka\OneDrive\Desktop\Smart_Screenshot_Search_Engine\Products_Shopping\IMG-20260813-WA1200.jpg
IMG-20260813-WA1201.jpg,Products_Shopping,C:\Users\Priyanka\OneDrive\Desktop\Smart_Screenshot_Search_Engine\Products_Shopping\IMG-20260813-WA1201.jpg
IMG-20260813-WA1202.jpg,Products_Shopping,C:\Users\Priyanka\OneDrive\Desktop\Smart_Screenshot_Search_Engine\Products_Shopping\IMG-20260813-WA1202.jpg
IMG-20260813-WA1203.jpg,Products_Shopping,C:\Users\Priyanka\OneDrive\Desktop\Smart_Screenshot_Search_Engine\Products_Shopping\IMG-20260813-WA1203.jpg
IMG-20260813-WA1204.jpg,Products_Shopping,C:\Users\Priyanka\OneDrive\Desktop\Smart_Screenshot_Search_Engine\Products_Shopping\IMG-20260813-WA1204.jpg
IMG-20260813-WA1205.jpg,Products_Shopping,C:\Users\Priyanka\OneDrive\Desktop\Smart_Screenshot_Search_Engine\Products_Shopping\IMG-20260813-WA1205.jpg
IMG-20260813-WA0184.jpg,Receipts_Bills,C:\Users\Priyanka\OneDrive\Desktop\Smart_Screenshot_Search_Engine\Receipts_Bills\IMG-20260813-WA0184.jpg
IMG-20260813-WA0186.jpg,Receipts_Bills,C:\Users\Priyanka\OneDrive\Desktop\Smart_Screenshot_Search_Engine\Receipts_Bills\IMG-20260813-WA0186.jpg
IMG-20260813-WA0187.jpg,Receipts_Bills,C:\Users\Priyanka\OneDrive\Desktop\Smart_Screenshot_Search_Engine\Receipts_Bills\IMG-20260813-WA0187.jpg
IMG-20260813-WA0188.jpg,Receipts_Bills,C:\Users\Priyanka\OneDrive\Desktop\Smart_Screenshot_Search_Engine\Receipts_Bills\IMG-20260813-WA0188.jpg
IMG-20260813-WA0189.jpg,Receipts_Bills,C:\Users\Priyanka\OneDrive\Desktop\Smart_Screenshot_Search_Engine\Receipts_Bills\IMG-20260813-WA0189.jpg
IMG-20260813-WA0206.jpg,Receipts_Bills,C:\Users\Priyanka\OneDrive\Desktop\Smart_Screenshot_Search_Engine\Receipts_Bills\IMG-20260813-WA0206.jpg
IMG-20260813-WA0207.jpg,Receipts_Bills,C:\Users\Priyanka\OneDrive\Desktop\Smart_Screenshot_Search_Engine\Receipts_Bills\IMG-20260813-WA0207.jpg
IMG-20260813-WA0209.jpg,Receipts_Bills,C:\Users\Priyanka\OneDrive\Desktop\Smart_Screenshot_Search_Engine\Receipts_Bills\IMG-20260813-WA0209.jpg
IMG-20260813-WA0216.jpg,Receipts_Bills,C:\Users\Priyanka\OneDrive\Desktop\Smart_Screenshot_Search_Engine\Receipts_Bills\IMG-20260813-WA0216.jpg
IMG-20260813-WA0226.jpg,Receipts_Bills,C:\Users\Priyanka\OneDrive\Desktop\Smart_Screenshot_Search_Engine\Receipts_Bills\IMG-20260813-WA0226.jpg
IMG-20260813-WA0230.jpg,Receipts_Bills,C:\Users\Priyanka\OneDrive\Desktop\Smart_Screenshot_Search_Engine\Receipts_Bills\IMG-20260813-WA0230.jpg
IMG-20260813-WA0232.jpg,Receipts_Bills,C:\Users\Priyanka\OneDrive\Desktop\Smart_Screenshot_Search_Engine\Receipts_Bills\IMG-20260813-WA0232.jpg
IMG-20260813-WA0236.jpg,Receipts_Bills,C:\Users\Priyanka\OneDrive\Desktop\Smart_Screenshot_Search_Engine\Receipts_Bills\IMG-20260813-WA0236.jpg
IMG-20260813-WA0256.jpg,Receipts_Bills,C:\Users\Priyanka\OneDrive\Desktop\Smart_Screenshot_Search_Engine\Receipts_Bills\IMG-20260813-WA0256.jpg
IMG-20260813-WA0257.jpg,Receipts_Bills,C:\Users\Priyanka\OneDrive\Desktop\Smart_Screenshot_Search_Engine\Receipts_Bills\IMG-20260813-WA0257.jpg
IMG-20260813-WA0259.jpg,Receipts_Bills,C:\Users\Priyanka\OneDrive\Desktop\Smart_Screenshot_Search_Engine\Receipts_Bills\IMG-20260813-WA0259.jpg
IMG-20260813-WA0262.jpg,Receipts_Bills,C:\Users\Priyanka\OneDrive\Desktop\Smart_Screenshot_Search_Engine\Receipts_Bills\IMG-20260813-WA0262.jpg
IMG-20260813-WA0263.jpg,Receipts_Bills,C:\Users\Priyanka\OneDrive\Desktop\Smart_Screenshot_Search_Engine\Receipts_Bills\IMG-20260813-WA0263.jpg
IMG-20260813-WA0264.jpg,Receipts_Bills,C:\Users\Priyanka\OneDrive\Desktop\Smart_Screenshot_Search_Engine\Receipts_Bills\IMG-20260813-WA0264.jpg
IMG-20260813-WA0265.jpg,Receipts_Bills,C:\Users\Priyanka\OneDrive\Desktop\Smart_Screenshot_Search_Engine\Receipts_Bills\IMG-20260813-WA0265.jpg
IMG-20260813-WA0267.jpg,Receipts_Bills,C:\Users\Priyanka\OneDrive\Desktop\Smart_Screenshot_Search_Engine\Receipts_Bills\IMG-20260813-WA0267.jpg
IMG-20260813-WA0269.jpg,Receipts_Bills,C:\Users\Priyanka\OneDrive\Desktop\Smart_Screenshot_Search_Engine\Receipts_Bills\IMG-20260813-WA0269.jpg
IMG-20260813-WA0270.jpg,Receipts_Bills,C:\Users\Priyanka\OneDrive\Desktop\Smart_Screenshot_Search_Engine\Receipts_Bills\IMG-20260813-WA0270.jpg
IMG-20260813-WA0272.jpg,Receipts_Bills,C:\Users\Priyanka\OneDrive\Desktop\Smart_Screenshot_Search_Engine\Receipts_Bills\IMG-20260813-WA0272.jpg
IMG-20260813-WA0281.jpg,Receipts_Bills,C:\Users\Priyanka\OneDrive\Desktop\Smart_Screenshot_Search_Engine\Receipts_Bills\IMG-20260813-WA0281.jpg
IMG-20260813-WA0282.jpg,Receipts_Bills,C:\Users\Priyanka\OneDrive\Desktop\Smart_Screenshot_Search_Engine\Receipts_Bills\IMG-20260813-WA0282.jpg
IMG-20260813-WA0283.jpg,Receipts_Bills,C:\Users\Priyanka\OneDrive\Desktop\Smart_Screenshot_Search_Engine\Receipts_Bills\IMG-20260813-WA0283.jpg
IMG-20260813-WA0284.jpg,Receipts_Bills,C:\Users\Priyanka\OneDrive\Desktop\Smart_Screenshot_Search_Engine\Receipts_Bills\IMG-20260813-WA0284.jpg
IMG-20260813-WA0285.jpg,Receipts_Bills,C:\Users\Priyanka\OneDrive\Desktop\Smart_Screenshot_Search_Engine\Receipts_Bills\IMG-20260813-WA0285.jpg
IMG-20260813-WA0286.jpg,Receipts_Bills,C:\Users\Priyanka\OneDrive\Desktop\Smart_Screenshot_Search_Engine\Receipts_Bills\IMG-20260813-WA0286.jpg
IMG-20260813-WA0287.jpg,Receipts_Bills,C:\Users\Priyanka\OneDrive\Desktop\Smart_Screenshot_Search_Engine\Receipts_Bills\IMG-20260813-WA0287.jpg
IMG-20260813-WA0288.jpg,Receipts_Bills,C:\Users\Priyanka\OneDrive\Desktop\Smart_Screenshot_Search_Engine\Receipts_Bills\IMG-20260813-WA0288.jpg
IMG-20260813-WA0289.jpg,Receipts_Bills,C:\Users\Priyanka\OneDrive\Desktop\Smart_Screenshot_Search_Engine\Receipts_Bills\IMG-20260813-WA0289.jpg
IMG-20260813-WA0290.jpg,Receipts_Bills,C:\Users\Priyanka\OneDrive\Desktop\Smart_Screenshot_Search_Engine\Receipts_Bills\IMG-20260813-WA0290.jpg
IMG-20260813-WA0291.jpg,Receipts_Bills,C:\Users\Priyanka\OneDrive\Desktop\Smart_Screenshot_Search_Engine\Receipts_Bills\IMG-20260813-WA0291.jpg
IMG-20260813-WA0292.jpg,Receipts_Bills,C:\Users\Priyanka\OneDrive\Desktop\Smart_Screenshot_Search_Engine\Receipts_Bills\IMG-20260813-WA0292.jpg
IMG-20260813-WA0293.jpg,Receipts_Bills,C:\Users\Priyanka\OneDrive\Desktop\Smart_Screenshot_Search_Engine\Receipts_Bills\IMG-20260813-WA0293.jpg
IMG-20260813-WA0294.jpg,Receipts_Bills,C:\Users\Priyanka\OneDrive\Desktop\Smart_Screenshot_Search_Engine\Receipts_Bills\IMG-20260813-WA0294.jpg
IMG-20260813-WA0295.jpg,Receipts_Bills,C:\Users\Priyanka\OneDrive\Desktop\Smart_Screenshot_Search_Engine\Receipts_Bills\IMG-20260813-WA0295.jpg
IMG-20260813-WA0296.jpg,Receipts_Bills,C:\Users\Priyanka\OneDrive\Desktop\Smart_Screenshot_Search_Engine\Receipts_Bills\IMG-20260813-WA0296.jpg
IMG-20260813-WA0297.jpg,Receipts_Bills,C:\Users\Priyanka\OneDrive\Desktop\Smart_Screenshot_Search_Engine\Receipts_Bills\IMG-20260813-WA0297.jpg
IMG-20260813-WA0298.jpg,Receipts_Bills,C:\Users\Priyanka\OneDrive\Desktop\Smart_Screenshot_Search_Engine\Receipts_Bills\IMG-20260813-WA0298.jpg
IMG-20260813-WA0299.jpg,Receipts_Bills,C:\Users\Priyanka\OneDrive\Desktop\Smart_Screenshot_Search_Engine\Receipts_Bills\IMG-20260813-WA0299.jpg
IMG-20260813-WA0300.jpg,Receipts_Bills,C:\Users\Priyanka\OneDrive\Desktop\Smart_Screenshot_Search_Engine\Receipts_Bills\IMG-20260813-WA0300.jpg
IMG-20260813-WA0301.jpg,Receipts_Bills,C:\Users\Priyanka\OneDrive\Desktop\Smart_Screenshot_Search_Engine\Receipts_Bills\IMG-20260813-WA0301.jpg
IMG-20260813-WA0302.jpg,Receipts_Bills,C:\Users\Priyanka\OneDrive\Desktop\Smart_Screenshot_Search_Engine\Receipts_Bills\IMG-20260813-WA0302.jpg
IMG-20260813-WA0303.jpg,Receipts_Bills,C:\Users\Priyanka\OneDrive\Desktop\Smart_Screenshot_Search_Engine\Receipts_Bills\IMG-20260813-WA0303.jpg
IMG-20260813-WA0304.jpg,Receipts_Bills,C:\Users\Priyanka\OneDrive\Desktop\Smart_Screenshot_Search_Engine\Receipts_Bills\IMG-20260813-WA0304.jpg
IMG-20260813-WA0305.jpg,Receipts_Bills,C:\Users\Priyanka\OneDrive\Desktop\Smart_Screenshot_Search_Engine\Receipts_Bills\IMG-20260813-WA0305.jpg
IMG-20260813-WA0306.jpg,Receipts_Bills,C:\Users\Priyanka\OneDrive\Desktop\Smart_Screenshot_Search_Engine\Receipts_Bills\IMG-20260813-WA0306.jpg
IMG-20260813-WA0307.jpg,Receipts_Bills,C:\Users\Priyanka\OneDrive\Desktop\Smart_Screenshot_Search_Engine\Receipts_Bills\IMG-20260813-WA0307.jpg
IMG-20260813-WA0308.jpg,Receipts_Bills,C:\Users\Priyanka\OneDrive\Desktop\Smart_Screenshot_Search_Engine\Receipts_Bills\IMG-20260813-WA0308.jpg
IMG-20260813-WA0309.jpg,Receipts_Bills,C:\Users\Priyanka\OneDrive\Desktop\Smart_Screenshot_Search_Engine\Receipts_Bills\IMG-20260813-WA0309.jpg
IMG-20260813-WA0310.jpg,Receipts_Bills,C:\Users\Priyanka\OneDrive\Desktop\Smart_Screenshot_Search_Engine\Receipts_Bills\IMG-20260813-WA0310.jpg
IMG-20260813-WA0311.jpg,Receipts_Bills,C:\Users\Priyanka\OneDrive\Desktop\Smart_Screenshot_Search_Engine\Receipts_Bills\IMG-20260813-WA0311.jpg
IMG-20260813-WA0312.jpg,Receipts_Bills,C:\Users\Priyanka\OneDrive\Desktop\Smart_Screenshot_Search_Engine\Receipts_Bills\IMG-20260813-WA0312.jpg
IMG-20260813-WA0313.jpg,Receipts_Bills,C:\Users\Priyanka\OneDrive\Desktop\Smart_Screenshot_Search_Engine\Receipts_Bills\IMG-20260813-WA0313.jpg
IMG-20260813-WA0314.jpg,Receipts_Bills,C:\Users\Priyanka\OneDrive\Desktop\Smart_Screenshot_Search_Engine\Receipts_Bills\IMG-20260813-WA0314.jpg
IMG-20260813-WA0315.jpg,Receipts_Bills,C:\Users\Priyanka\OneDrive\Desktop\Smart_Screenshot_Search_Engine\Receipts_Bills\IMG-20260813-WA0315.jpg
IMG-20260813-WA0316.jpg,Receipts_Bills,C:\Users\Priyanka\OneDrive\Desktop\Smart_Screenshot_Search_Engine\Receipts_Bills\IMG-20260813-WA0316.jpg
IMG-20260813-WA0317.jpg,Receipts_Bills,C:\Users\Priyanka\OneDrive\Desktop\Smart_Screenshot_Search_Engine\Receipts_Bills\IMG-20260813-WA0317.jpg
IMG-20260813-WA0322.jpg,Receipts_Bills,C:\Users\Priyanka\OneDrive\Desktop\Smart_Screenshot_Search_Engine\Receipts_Bills\IMG-20260813-WA0322.jpg
IMG-20260813-WA0324.jpg,Receipts_Bills,C:\Users\Priyanka\OneDrive\Desktop\Smart_Screenshot_Search_Engine\Receipts_Bills\IMG-20260813-WA0324.jpg
IMG-20260813-WA0325.jpg,Receipts_Bills,C:\Users\Priyanka\OneDrive\Desktop\Smart_Screenshot_Search_Engine\Receipts_Bills\IMG-20260813-WA0325.jpg
IMG-20260813-WA0326.jpg,Receipts_Bills,C:\Users\Priyanka\OneDrive\Desktop\Smart_Screenshot_Search_Engine\Receipts_Bills\IMG-20260813-WA0326.jpg
IMG-20260813-WA0327.jpg,Receipts_Bills,C:\Users\Priyanka\OneDrive\Desktop\Smart_Screenshot_Search_Engine\Receipts_Bills\IMG-20260813-WA0327.jpg
IMG-20260813-WA0331.jpg,Receipts_Bills,C:\Users\Priyanka\OneDrive\Desktop\Smart_Screenshot_Search_Engine\Receipts_Bills\IMG-20260813-WA0331.jpg
IMG-20260813-WA0333.jpg,Receipts_Bills,C:\Users\Priyanka\OneDrive\Desktop\Smart_Screenshot_Search_Engine\Receipts_Bills\IMG-20260813-WA0333.jpg
IMG-20260813-WA0335.jpg,Receipts_Bills,C:\Users\Priyanka\OneDrive\Desktop\Smart_Screenshot_Search_Engine\Receipts_Bills\IMG-20260813-WA0335.jpg
IMG-20260813-WA0336.jpg,Receipts_Bills,C:\Users\Priyanka\OneDrive\Desktop\Smart_Screenshot_Search_Engine\Receipts_Bills\IMG-20260813-WA0336.jpg
IMG-20260813-WA0338.jpg,Receipts_Bills,C:\Users\Priyanka\OneDrive\Desktop\Smart_Screenshot_Search_Engine\Receipts_Bills\IMG-20260813-WA0338.jpg
IMG-20260813-WA0339.jpg,Receipts_Bills,C:\Users\Priyanka\OneDrive\Desktop\Smart_Screenshot_Search_Engine\Receipts_Bills\IMG-20260813-WA0339.jpg
IMG-20260813-WA0340.jpg,Receipts_Bills,C:\Users\Priyanka\OneDrive\Desktop\Smart_Screenshot_Search_Engine\Receipts_Bills\IMG-20260813-WA0340.jpg
IMG-20260813-WA0343.jpg,Receipts_Bills,C:\Users\Priyanka\OneDrive\Desktop\Smart_Screenshot_Search_Engine\Receipts_Bills\IMG-20260813-WA0343.jpg
IMG-20260813-WA0346.jpg,Receipts_Bills,C:\Users\Priyanka\OneDrive\Desktop\Smart_Screenshot_Search_Engine\Receipts_Bills\IMG-20260813-WA0346.jpg
IMG-20260813-WA0347.jpg,Receipts_Bills,C:\Users\Priyanka\OneDrive\Desktop\Smart_Screenshot_Search_Engine\Receipts_Bills\IMG-20260813-WA0347.jpg
IMG-20260813-WA0348.jpg,Receipts_Bills,C:\Users\Priyanka\OneDrive\Desktop\Smart_Screenshot_Search_Engine\Receipts_Bills\IMG-20260813-WA0348.jpg
IMG-20260813-WA0350.jpg,Receipts_Bills,C:\Users\Priyanka\OneDrive\Desktop\Smart_Screenshot_Search_Engine\Receipts_Bills\IMG-20260813-WA0350.jpg
IMG-20260813-WA0351.jpg,Receipts_Bills,C:\Users\Priyanka\OneDrive\Desktop\Smart_Screenshot_Search_Engine\Receipts_Bills\IMG-20260813-WA0351.jpg
IMG-20260813-WA0352.jpg,Receipts_Bills,C:\Users\Priyanka\OneDrive\Desktop\Smart_Screenshot_Search_Engine\Receipts_Bills\IMG-20260813-WA0352.jpg
IMG-20260813-WA0353.jpg,Receipts_Bills,C:\Users\Priyanka\OneDrive\Desktop\Smart_Screenshot_Search_Engine\Receipts_Bills\IMG-20260813-WA0353.jpg
IMG-20260813-WA0355.jpg,Receipts_Bills,C:\Users\Priyanka\OneDrive\Desktop\Smart_Screenshot_Search_Engine\Receipts_Bills\IMG-20260813-WA0355.jpg
IMG-20260813-WA0356.jpg,Receipts_Bills,C:\Users\Priyanka\OneDrive\Desktop\Smart_Screenshot_Search_Engine\Receipts_Bills\IMG-20260813-WA0356.jpg
IMG-20260813-WA0361.jpg,Receipts_Bills,C:\Users\Priyanka\OneDrive\Desktop\Smart_Screenshot_Search_Engine\Receipts_Bills\IMG-20260813-WA0361.jpg
IMG-20260813-WA0363.jpg,Receipts_Bills,C:\Users\Priyanka\OneDrive\Desktop\Smart_Screenshot_Search_Engine\Receipts_Bills\IMG-20260813-WA0363.jpg
IMG-20260813-WA0365.jpg,Receipts_Bills,C:\Users\Priyanka\OneDrive\Desktop\Smart_Screenshot_Search_Engine\Receipts_Bills\IMG-20260813-WA0365.jpg
IMG-20260813-WA0368.jpg,Receipts_Bills,C:\Users\Priyanka\OneDrive\Desktop\Smart_Screenshot_Search_Engine\Receipts_Bills\IMG-20260813-WA0368.jpg
IMG-20260813-WA0371.jpg,Receipts_Bills,C:\Users\Priyanka\OneDrive\Desktop\Smart_Screenshot_Search_Engine\Receipts_Bills\IMG-20260813-WA0371.jpg
IMG-20260813-WA0372.jpg,Receipts_Bills,C:\Users\Priyanka\OneDrive\Desktop\Smart_Screenshot_Search_Engine\Receipts_Bills\IMG-20260813-WA0372.jpg
IMG-20260813-WA0374.jpg,Receipts_Bills,C:\Users\Priyanka\OneDrive\Desktop\Smart_Screenshot_Search_Engine\Receipts_Bills\IMG-20260813-WA0374.jpg
IMG-20260813-WA0375.jpg,Receipts_Bills,C:\Users\Priyanka\OneDrive\Desktop\Smart_Screenshot_Search_Engine\Receipts_Bills\IMG-20260813-WA0375.jpg
IMG-20260813-WA0376.jpg,Receipts_Bills,C:\Users\Priyanka\OneDrive\Desktop\Smart_Screenshot_Search_Engine\Receipts_Bills\IMG-20260813-WA0376.jpg
IMG-20260813-WA0377.jpg,Receipts_Bills,C:\Users\Priyanka\OneDrive\Desktop\Smart_Screenshot_Search_Engine\Receipts_Bills\IMG-20260813-WA0377.jpg
IMG-20260813-WA0378.jpg,Receipts_Bills,C:\Users\Priyanka\OneDrive\Desktop\Smart_Screenshot_Search_Engine\Receipts_Bills\IMG-20260813-WA0378.jpg
IMG-20260813-WA0379.jpg,Receipts_Bills,C:\Users\Priyanka\OneDrive\Desktop\Smart_Screenshot_Search_Engine\Receipts_Bills\IMG-20260813-WA0379.jpg
IMG-20260813-WA0380.jpg,Receipts_Bills,C:\Users\Priyanka\OneDrive\Desktop\Smart_Screenshot_Search_Engine\Receipts_Bills\IMG-20260813-WA0380.jpg
IMG-20260813-WA0381.jpg,Receipts_Bills,C:\Users\Priyanka\OneDrive\Desktop\Smart_Screenshot_Search_Engine\Receipts_Bills\IMG-20260813-WA0381.jpg
IMG-20260813-WA0382.jpg,Receipts_Bills,C:\Users\Priyanka\OneDrive\Desktop\Smart_Screenshot_Search_Engine\Receipts_Bills\IMG-20260813-WA0382.jpg
IMG-20260813-WA0383.jpg,Receipts_Bills,C:\Users\Priyanka\OneDrive\Desktop\Smart_Screenshot_Search_Engine\Receipts_Bills\IMG-20260813-WA0383.jpg
IMG-20260813-WA0384.jpg,Receipts_Bills,C:\Users\Priyanka\OneDrive\Desktop\Smart_Screenshot_Search_Engine\Receipts_Bills\IMG-20260813-WA0384.jpg
IMG-20260813-WA0386.jpg,Receipts_Bills,C:\Users\Priyanka\OneDrive\Desktop\Smart_Screenshot_Search_Engine\Receipts_Bills\IMG-20260813-WA0386.jpg
IMG-20260813-WA0387.jpg,Receipts_Bills,C:\Users\Priyanka\OneDrive\Desktop\Smart_Screenshot_Search_Engine\Receipts_Bills\IMG-20260813-WA0387.jpg
IMG-20260813-WA0388.jpg,Receipts_Bills,C:\Users\Priyanka\OneDrive\Desktop\Smart_Screenshot_Search_Engine\Receipts_Bills\IMG-20260813-WA0388.jpg
IMG-20260813-WA0389.jpg,Receipts_Bills,C:\Users\Priyanka\OneDrive\Desktop\Smart_Screenshot_Search_Engine\Receipts_Bills\IMG-20260813-WA0389.jpg
IMG-20260813-WA0390.jpg,Receipts_Bills,C:\Users\Priyanka\OneDrive\Desktop\Smart_Screenshot_Search_Engine\Receipts_Bills\IMG-20260813-WA0390.jpg
IMG-20260813-WA0391.jpg,Receipts_Bills,C:\Users\Priyanka\OneDrive\Desktop\Smart_Screenshot_Search_Engine\Receipts_Bills\IMG-20260813-WA0391.jpg
IMG-20260813-WA0392.jpg,Receipts_Bills,C:\Users\Priyanka\OneDrive\Desktop\Smart_Screenshot_Search_Engine\Receipts_Bills\IMG-20260813-WA0392.jpg
IMG-20260813-WA0393.jpg,Receipts_Bills,C:\Users\Priyanka\OneDrive\Desktop\Smart_Screenshot_Search_Engine\Receipts_Bills\IMG-20260813-WA0393.jpg
IMG-20260813-WA0394.jpg,Receipts_Bills,C:\Users\Priyanka\OneDrive\Desktop\Smart_Screenshot_Search_Engine\Receipts_Bills\IMG-20260813-WA0394.jpg
IMG-20260813-WA0395.jpg,Receipts_Bills,C:\Users\Priyanka\OneDrive\Desktop\Smart_Screenshot_Search_Engine\Receipts_Bills\IMG-20260813-WA0395.jpg
IMG-20260813-WA0396.jpg,Receipts_Bills,C:\Users\Priyanka\OneDrive\Desktop\Smart_Screenshot_Search_Engine\Receipts_Bills\IMG-20260813-WA0396.jpg
IMG-20260813-WA0397.jpg,Receipts_Bills,C:\Users\Priyanka\OneDrive\Desktop\Smart_Screenshot_Search_Engine\Receipts_Bills\IMG-20260813-WA0397.jpg
IMG-20260813-WA0398.jpg,Receipts_Bills,C:\Users\Priyanka\OneDrive\Desktop\Smart_Screenshot_Search_Engine\Receipts_Bills\IMG-20260813-WA0398.jpg
IMG-20260813-WA0399.jpg,Receipts_Bills,C:\Users\Priyanka\OneDrive\Desktop\Smart_Screenshot_Search_Engine\Receipts_Bills\IMG-20260813-WA0399.jpg
IMG-20260813-WA0400.jpg,Receipts_Bills,C:\Users\Priyanka\OneDrive\Desktop\Smart_Screenshot_Search_Engine\Receipts_Bills\IMG-20260813-WA0400.jpg
IMG-20260813-WA0401.jpg,Receipts_Bills,C:\Users\Priyanka\OneDrive\Desktop\Smart_Screenshot_Search_Engine\Receipts_Bills\IMG-20260813-WA0401.jpg
IMG-20260813-WA0402.jpg,Receipts_Bills,C:\Users\Priyanka\OneDrive\Desktop\Smart_Screenshot_Search_Engine\Receipts_Bills\IMG-20260813-WA0402.jpg
IMG-20260813-WA0403.jpg,Receipts_Bills,C:\Users\Priyanka\OneDrive\Desktop\Smart_Screenshot_Search_Engine\Receipts_Bills\IMG-20260813-WA0403.jpg
IMG-20260813-WA0404.jpg,Receipts_Bills,C:\Users\Priyanka\OneDrive\Desktop\Smart_Screenshot_Search_Engine\Receipts_Bills\IMG-20260813-WA0404.jpg
IMG-20260813-WA0405.jpg,Receipts_Bills,C:\Users\Priyanka\OneDrive\Desktop\Smart_Screenshot_Search_Engine\Receipts_Bills\IMG-20260813-WA0405.jpg
IMG-20260813-WA0406.jpg,Receipts_Bills,C:\Users\Priyanka\OneDrive\Desktop\Smart_Screenshot_Search_Engine\Receipts_Bills\IMG-20260813-WA0406.jpg
IMG-20260813-WA0407.jpg,Receipts_Bills,C:\Users\Priyanka\OneDrive\Desktop\Smart_Screenshot_Search_Engine\Receipts_Bills\IMG-20260813-WA0407.jpg
IMG-20260813-WA0408.jpg,Receipts_Bills,C:\Users\Priyanka\OneDrive\Desktop\Smart_Screenshot_Search_Engine\Receipts_Bills\IMG-20260813-WA0408.jpg
IMG-20260813-WA0409.jpg,Receipts_Bills,C:\Users\Priyanka\OneDrive\Desktop\Smart_Screenshot_Search_Engine\Receipts_Bills\IMG-20260813-WA0409.jpg
IMG-20260813-WA0410.jpg,Receipts_Bills,C:\Users\Priyanka\OneDrive\Desktop\Smart_Screenshot_Search_Engine\Receipts_Bills\IMG-20260813-WA0410.jpg
IMG-20260813-WA0411.jpg,Receipts_Bills,C:\Users\Priyanka\OneDrive\Desktop\Smart_Screenshot_Search_Engine\Receipts_Bills\IMG-20260813-WA0411.jpg
IMG-20260813-WA0412.jpg,Receipts_Bills,C:\Users\Priyanka\OneDrive\Desktop\Smart_Screenshot_Search_Engine\Receipts_Bills\IMG-20260813-WA0412.jpg
IMG-20260813-WA0413.jpg,Receipts_Bills,C:\Users\Priyanka\OneDrive\Desktop\Smart_Screenshot_Search_Engine\Receipts_Bills\IMG-20260813-WA0413.jpg
IMG-20260813-WA0414.jpg,Receipts_Bills,C:\Users\Priyanka\OneDrive\Desktop\Smart_Screenshot_Search_Engine\Receipts_Bills\IMG-20260813-WA0414.jpg
IMG-20260813-WA0415.jpg,Receipts_Bills,C:\Users\Priyanka\OneDrive\Desktop\Smart_Screenshot_Search_Engine\Receipts_Bills\IMG-20260813-WA0415.jpg
IMG-20260813-WA0416.jpg,Receipts_Bills,C:\Users\Priyanka\OneDrive\Desktop\Smart_Screenshot_Search_Engine\Receipts_Bills\IMG-20260813-WA0416.jpg
IMG-20260813-WA0417.jpg,Receipts_Bills,C:\Users\Priyanka\OneDrive\Desktop\Smart_Screenshot_Search_Engine\Receipts_Bills\IMG-20260813-WA0417.jpg
IMG-20260813-WA0418.jpg,Receipts_Bills,C:\Users\Priyanka\OneDrive\Desktop\Smart_Screenshot_Search_Engine\Receipts_Bills\IMG-20260813-WA0418.jpg
IMG-20260813-WA0419.jpg,Receipts_Bills,C:\Users\Priyanka\OneDrive\Desktop\Smart_Screenshot_Search_Engine\Receipts_Bills\IMG-20260813-WA0419.jpg
IMG-20260813-WA0420.jpg,Receipts_Bills,C:\Users\Priyanka\OneDrive\Desktop\Smart_Screenshot_Search_Engine\Receipts_Bills\IMG-20260813-WA0420.jpg
IMG-20260813-WA0421.jpg,Receipts_Bills,C:\Users\Priyanka\OneDrive\Desktop\Smart_Screenshot_Search_Engine\Receipts_Bills\IMG-20260813-WA0421.jpg
IMG-20260813-WA0422.jpg,Receipts_Bills,C:\Users\Priyanka\OneDrive\Desktop\Smart_Screenshot_Search_Engine\Receipts_Bills\IMG-20260813-WA0422.jpg
IMG-20260813-WA0424.jpg,Receipts_Bills,C:\Users\Priyanka\OneDrive\Desktop\Smart_Screenshot_Search_Engine\Receipts_Bills\IMG-20260813-WA0424.jpg
IMG-20260813-WA0425.jpg,Receipts_Bills,C:\Users\Priyanka\OneDrive\Desktop\Smart_Screenshot_Search_Engine\Receipts_Bills\IMG-20260813-WA0425.jpg
IMG-20260813-WA0427.jpg,Receipts_Bills,C:\Users\Priyanka\OneDrive\Desktop\Smart_Screenshot_Search_Engine\Receipts_Bills\IMG-20260813-WA0427.jpg
IMG-20260813-WA0429.jpg,Receipts_Bills,C:\Users\Priyanka\OneDrive\Desktop\Smart_Screenshot_Search_Engine\Receipts_Bills\IMG-20260813-WA0429.jpg
IMG-20260813-WA0430.jpg,Receipts_Bills,C:\Users\Priyanka\OneDrive\Desktop\Smart_Screenshot_Search_Engine\Receipts_Bills\IMG-20260813-WA0430.jpg
IMG-20260813-WA0431.jpg,Receipts_Bills,C:\Users\Priyanka\OneDrive\Desktop\Smart_Screenshot_Search_Engine\Receipts_Bills\IMG-20260813-WA0431.jpg
IMG-20260813-WA0432.jpg,Receipts_Bills,C:\Users\Priyanka\OneDrive\Desktop\Smart_Screenshot_Search_Engine\Receipts_Bills\IMG-20260813-WA0432.jpg
IMG-20260813-WA0433.jpg,Receipts_Bills,C:\Users\Priyanka\OneDrive\Desktop\Smart_Screenshot_Search_Engine\Receipts_Bills\IMG-20260813-WA0433.jpg
IMG-20260813-WA0434.jpg,Receipts_Bills,C:\Users\Priyanka\OneDrive\Desktop\Smart_Screenshot_Search_Engine\Receipts_Bills\IMG-20260813-WA0434.jpg
IMG-20260813-WA0436.jpg,Receipts_Bills,C:\Users\Priyanka\OneDrive\Desktop\Smart_Screenshot_Search_Engine\Receipts_Bills\IMG-20260813-WA0436.jpg
IMG-20260813-WA0437.jpg,Receipts_Bills,C:\Users\Priyanka\OneDrive\Desktop\Smart_Screenshot_Search_Engine\Receipts_Bills\IMG-20260813-WA0437.jpg
IMG-20260813-WA0438.jpg,Receipts_Bills,C:\Users\Priyanka\OneDrive\Desktop\Smart_Screenshot_Search_Engine\Receipts_Bills\IMG-20260813-WA0438.jpg
IMG-20260813-WA0439.jpg,Receipts_Bills,C:\Users\Priyanka\OneDrive\Desktop\Smart_Screenshot_Search_Engine\Receipts_Bills\IMG-20260813-WA0439.jpg
IMG-20260813-WA0440.jpg,Receipts_Bills,C:\Users\Priyanka\OneDrive\Desktop\Smart_Screenshot_Search_Engine\Receipts_Bills\IMG-20260813-WA0440.jpg
IMG-20260813-WA0441.jpg,Receipts_Bills,C:\Users\Priyanka\OneDrive\Desktop\Smart_Screenshot_Search_Engine\Receipts_Bills\IMG-20260813-WA0441.jpg
IMG-20260813-WA0443.jpg,Receipts_Bills,C:\Users\Priyanka\OneDrive\Desktop\Smart_Screenshot_Search_Engine\Receipts_Bills\IMG-20260813-WA0443.jpg
IMG-20260813-WA0446.jpg,Receipts_Bills,C:\Users\Priyanka\OneDrive\Desktop\Smart_Screenshot_Search_Engine\Receipts_Bills\IMG-20260813-WA0446.jpg
IMG-20260813-WA0448.jpg,Receipts_Bills,C:\Users\Priyanka\OneDrive\Desktop\Smart_Screenshot_Search_Engine\Receipts_Bills\IMG-20260813-WA0448.jpg
IMG-20260813-WA0451.jpg,Receipts_Bills,C:\Users\Priyanka\OneDrive\Desktop\Smart_Screenshot_Search_Engine\Receipts_Bills\IMG-20260813-WA0451.jpg
IMG-20260813-WA0453.jpg,Receipts_Bills,C:\Users\Priyanka\OneDrive\Desktop\Smart_Screenshot_Search_Engine\Receipts_Bills\IMG-20260813-WA0453.jpg
IMG-20260813-WA0455.jpg,Receipts_Bills,C:\Users\Priyanka\OneDrive\Desktop\Smart_Screenshot_Search_Engine\Receipts_Bills\IMG-20260813-WA0455.jpg
IMG-20260813-WA0464.jpg,Receipts_Bills,C:\Users\Priyanka\OneDrive\Desktop\Smart_Screenshot_Search_Engine\Receipts_Bills\IMG-20260813-WA0464.jpg
IMG-20260813-WA0466.jpg,Receipts_Bills,C:\Users\Priyanka\OneDrive\Desktop\Smart_Screenshot_Search_Engine\Receipts_Bills\IMG-20260813-WA0466.jpg
IMG-20260813-WA0468.jpg,Receipts_Bills,C:\Users\Priyanka\OneDrive\Desktop\Smart_Screenshot_Search_Engine\Receipts_Bills\IMG-20260813-WA0468.jpg
IMG-20260813-WA0473.jpg,Receipts_Bills,C:\Users\Priyanka\OneDrive\Desktop\Smart_Screenshot_Search_Engine\Receipts_Bills\IMG-20260813-WA0473.jpg
IMG-20260813-WA0476.jpg,Receipts_Bills,C:\Users\Priyanka\OneDrive\Desktop\Smart_Screenshot_Search_Engine\Receipts_Bills\IMG-20260813-WA0476.jpg
IMG-20260813-WA0477.jpg,Receipts_Bills,C:\Users\Priyanka\OneDrive\Desktop\Smart_Screenshot_Search_Engine\Receipts_Bills\IMG-20260813-WA0477.jpg
IMG-20260813-WA0479.jpg,Receipts_Bills,C:\Users\Priyanka\OneDrive\Desktop\Smart_Screenshot_Search_Engine\Receipts_Bills\IMG-20260813-WA0479.jpg
IMG-20260813-WA0480.jpg,Receipts_Bills,C:\Users\Priyanka\OneDrive\Desktop\Smart_Screenshot_Search_Engine\Receipts_Bills\IMG-20260813-WA0480.jpg
IMG-20260813-WA0481.jpg,Receipts_Bills,C:\Users\Priyanka\OneDrive\Desktop\Smart_Screenshot_Search_Engine\Receipts_Bills\IMG-20260813-WA0481.jpg
IMG-20260813-WA0486.jpg,Receipts_Bills,C:\Users\Priyanka\OneDrive\Desktop\Smart_Screenshot_Search_Engine\Receipts_Bills\IMG-20260813-WA0486.jpg
IMG-20260813-WA0489.jpg,Receipts_Bills,C:\Users\Priyanka\OneDrive\Desktop\Smart_Screenshot_Search_Engine\Receipts_Bills\IMG-20260813-WA0489.jpg
IMG-20260813-WA0494.jpg,Receipts_Bills,C:\Users\Priyanka\OneDrive\Desktop\Smart_Screenshot_Search_Engine\Receipts_Bills\IMG-20260813-WA0494.jpg
IMG-20260813-WA0497.jpg,Receipts_Bills,C:\Users\Priyanka\OneDrive\Desktop\Smart_Screenshot_Search_Engine\Receipts_Bills\IMG-20260813-WA0497.jpg
IMG-20260813-WA0500.jpg,Receipts_Bills,C:\Users\Priyanka\OneDrive\Desktop\Smart_Screenshot_Search_Engine\Receipts_Bills\IMG-20260813-WA0500.jpg
IMG-20260813-WA0501.jpg,Receipts_Bills,C:\Users\Priyanka\OneDrive\Desktop\Smart_Screenshot_Search_Engine\Receipts_Bills\IMG-20260813-WA0501.jpg
IMG-20260813-WA0502.jpg,Receipts_Bills,C:\Users\Priyanka\OneDrive\Desktop\Smart_Screenshot_Search_Engine\Receipts_Bills\IMG-20260813-WA0502.jpg
IMG-20260813-WA0503.jpg,Receipts_Bills,C:\Users\Priyanka\OneDrive\Desktop\Smart_Screenshot_Search_Engine\Receipts_Bills\IMG-20260813-WA0503.jpg
IMG-20260813-WA0504.jpg,Receipts_Bills,C:\Users\Priyanka\OneDrive\Desktop\Smart_Screenshot_Search_Engine\Receipts_Bills\IMG-20260813-WA0504.jpg
IMG-20260813-WA0505.jpg,Receipts_Bills,C:\Users\Priyanka\OneDrive\Desktop\Smart_Screenshot_Search_Engine\Receipts_Bills\IMG-20260813-WA0505.jpg
IMG-20260813-WA0507.jpg,Receipts_Bills,C:\Users\Priyanka\OneDrive\Desktop\Smart_Screenshot_Search_Engine\Receipts_Bills\IMG-20260813-WA0507.jpg
IMG-20260813-WA0508.jpg,Receipts_Bills,C:\Users\Priyanka\OneDrive\Desktop\Smart_Screenshot_Search_Engine\Receipts_Bills\IMG-20260813-WA0508.jpg
IMG-20260813-WA0509.jpg,Receipts_Bills,C:\Users\Priyanka\OneDrive\Desktop\Smart_Screenshot_Search_Engine\Receipts_Bills\IMG-20260813-WA0509.jpg
IMG-20260813-WA0511.jpg,Receipts_Bills,C:\Users\Priyanka\OneDrive\Desktop\Smart_Screenshot_Search_Engine\Receipts_Bills\IMG-20260813-WA0511.jpg
IMG-20260813-WA0512.jpg,Receipts_Bills,C:\Users\Priyanka\OneDrive\Desktop\Smart_Screenshot_Search_Engine\Receipts_Bills\IMG-20260813-WA0512.jpg
IMG-20260813-WA0515.jpg,Receipts_Bills,C:\Users\Priyanka\OneDrive\Desktop\Smart_Screenshot_Search_Engine\Receipts_Bills\IMG-20260813-WA0515.jpg
IMG-20260813-WA0517.jpg,Receipts_Bills,C:\Users\Priyanka\OneDrive\Desktop\Smart_Screenshot_Search_Engine\Receipts_Bills\IMG-20260813-WA0517.jpg
IMG-20260813-WA0518.jpg,Receipts_Bills,C:\Users\Priyanka\OneDrive\Desktop\Smart_Screenshot_Search_Engine\Receipts_Bills\IMG-20260813-WA0518.jpg
IMG-20260813-WA0519.jpg,Receipts_Bills,C:\Users\Priyanka\OneDrive\Desktop\Smart_Screenshot_Search_Engine\Receipts_Bills\IMG-20260813-WA0519.jpg
IMG-20260813-WA0520.jpg,Receipts_Bills,C:\Users\Priyanka\OneDrive\Desktop\Smart_Screenshot_Search_Engine\Receipts_Bills\IMG-20260813-WA0520.jpg
IMG-20260813-WA0521.jpg,Receipts_Bills,C:\Users\Priyanka\OneDrive\Desktop\Smart_Screenshot_Search_Engine\Receipts_Bills\IMG-20260813-WA0521.jpg
IMG-20260813-WA0522.jpg,Receipts_Bills,C:\Users\Priyanka\OneDrive\Desktop\Smart_Screenshot_Search_Engine\Receipts_Bills\IMG-20260813-WA0522.jpg
IMG-20260813-WA0523.jpg,Receipts_Bills,C:\Users\Priyanka\OneDrive\Desktop\Smart_Screenshot_Search_Engine\Receipts_Bills\IMG-20260813-WA0523.jpg
IMG-20260813-WA0524.jpg,Receipts_Bills,C:\Users\Priyanka\OneDrive\Desktop\Smart_Screenshot_Search_Engine\Receipts_Bills\IMG-20260813-WA0524.jpg
IMG-20260813-WA0525.jpg,Receipts_Bills,C:\Users\Priyanka\OneDrive\Desktop\Smart_Screenshot_Search_Engine\Receipts_Bills\IMG-20260813-WA0525.jpg
IMG-20260813-WA0526.jpg,Receipts_Bills,C:\Users\Priyanka\OneDrive\Desktop\Smart_Screenshot_Search_Engine\Receipts_Bills\IMG-20260813-WA0526.jpg
IMG-20260813-WA0527.jpg,Receipts_Bills,C:\Users\Priyanka\OneDrive\Desktop\Smart_Screenshot_Search_Engine\Receipts_Bills\IMG-20260813-WA0527.jpg
IMG-20260813-WA0529.jpg,Receipts_Bills,C:\Users\Priyanka\OneDrive\Desktop\Smart_Screenshot_Search_Engine\Receipts_Bills\IMG-20260813-WA0529.jpg
IMG-20260813-WA0530.jpg,Receipts_Bills,C:\Users\Priyanka\OneDrive\Desktop\Smart_Screenshot_Search_Engine\Receipts_Bills\IMG-20260813-WA0530.jpg
IMG-20260813-WA0531.jpg,Receipts_Bills,C:\Users\Priyanka\OneDrive\Desktop\Smart_Screenshot_Search_Engine\Receipts_Bills\IMG-20260813-WA0531.jpg
IMG-20260813-WA0532.jpg,Receipts_Bills,C:\Users\Priyanka\OneDrive\Desktop\Smart_Screenshot_Search_Engine\Receipts_Bills\IMG-20260813-WA0532.jpg
IMG-20260813-WA0533.jpg,Receipts_Bills,C:\Users\Priyanka\OneDrive\Desktop\Smart_Screenshot_Search_Engine\Receipts_Bills\IMG-20260813-WA0533.jpg
IMG-20260813-WA0534.jpg,Receipts_Bills,C:\Users\Priyanka\OneDrive\Desktop\Smart_Screenshot_Search_Engine\Receipts_Bills\IMG-20260813-WA0534.jpg
IMG-20260813-WA0535.jpg,Receipts_Bills,C:\Users\Priyanka\OneDrive\Desktop\Smart_Screenshot_Search_Engine\Receipts_Bills\IMG-20260813-WA0535.jpg
IMG-20260813-WA0536.jpg,Receipts_Bills,C:\Users\Priyanka\OneDrive\Desktop\Smart_Screenshot_Search_Engine\Receipts_Bills\IMG-20260813-WA0536.jpg
IMG-20260813-WA0537.jpg,Receipts_Bills,C:\Users\Priyanka\OneDrive\Desktop\Smart_Screenshot_Search_Engine\Receipts_Bills\IMG-20260813-WA0537.jpg
IMG-20260813-WA0538.jpg,Receipts_Bills,C:\Users\Priyanka\OneDrive\Desktop\Smart_Screenshot_Search_Engine\Receipts_Bills\IMG-20260813-WA0538.jpg
IMG-20260813-WA0539.jpg,Receipts_Bills,C:\Users\Priyanka\OneDrive\Desktop\Smart_Screenshot_Search_Engine\Receipts_Bills\IMG-20260813-WA0539.jpg
IMG-20260813-WA0540.jpg,Receipts_Bills,C:\Users\Priyanka\OneDrive\Desktop\Smart_Screenshot_Search_Engine\Receipts_Bills\IMG-20260813-WA0540.jpg
IMG-20260813-WA0541.jpg,Receipts_Bills,C:\Users\Priyanka\OneDrive\Desktop\Smart_Screenshot_Search_Engine\Receipts_Bills\IMG-20260813-WA0541.jpg
IMG-20260813-WA0542.jpg,Receipts_Bills,C:\Users\Priyanka\OneDrive\Desktop\Smart_Screenshot_Search_Engine\Receipts_Bills\IMG-20260813-WA0542.jpg
IMG-20260813-WA0543.jpg,Receipts_Bills,C:\Users\Priyanka\OneDrive\Desktop\Smart_Screenshot_Search_Engine\Receipts_Bills\IMG-20260813-WA0543.jpg
IMG-20260813-WA0544.jpg,Receipts_Bills,C:\Users\Priyanka\OneDrive\Desktop\Smart_Screenshot_Search_Engine\Receipts_Bills\IMG-20260813-WA0544.jpg
IMG-20260813-WA0545.jpg,Receipts_Bills,C:\Users\Priyanka\OneDrive\Desktop\Smart_Screenshot_Search_Engine\Receipts_Bills\IMG-20260813-WA0545.jpg
IMG-20260813-WA0546.jpg,Receipts_Bills,C:\Users\Priyanka\OneDrive\Desktop\Smart_Screenshot_Search_Engine\Receipts_Bills\IMG-20260813-WA0546.jpg
IMG-20260813-WA0547.jpg,Receipts_Bills,C:\Users\Priyanka\OneDrive\Desktop\Smart_Screenshot_Search_Engine\Receipts_Bills\IMG-20260813-WA0547.jpg
IMG-20260813-WA0548.jpg,Receipts_Bills,C:\Users\Priyanka\OneDrive\Desktop\Smart_Screenshot_Search_Engine\Receipts_Bills\IMG-20260813-WA0548.jpg
IMG-20260813-WA0549.jpg,Receipts_Bills,C:\Users\Priyanka\OneDrive\Desktop\Smart_Screenshot_Search_Engine\Receipts_Bills\IMG-20260813-WA0549.jpg
IMG-20260813-WA0550.jpg,Receipts_Bills,C:\Users\Priyanka\OneDrive\Desktop\Smart_Screenshot_Search_Engine\Receipts_Bills\IMG-20260813-WA0550.jpg
IMG-20260813-WA0551.jpg,Receipts_Bills,C:\Users\Priyanka\OneDrive\Desktop\Smart_Screenshot_Search_Engine\Receipts_Bills\IMG-20260813-WA0551.jpg
IMG-20260813-WA0552.jpg,Receipts_Bills,C:\Users\Priyanka\OneDrive\Desktop\Smart_Screenshot_Search_Engine\Receipts_Bills\IMG-20260813-WA0552.jpg
IMG-20260813-WA0553.jpg,Receipts_Bills,C:\Users\Priyanka\OneDrive\Desktop\Smart_Screenshot_Search_Engine\Receipts_Bills\IMG-20260813-WA0553.jpg
IMG-20260813-WA0554.jpg,Receipts_Bills,C:\Users\Priyanka\OneDrive\Desktop\Smart_Screenshot_Search_Engine\Receipts_Bills\IMG-20260813-WA0554.jpg
IMG-20260813-WA0555.jpg,Receipts_Bills,C:\Users\Priyanka\OneDrive\Desktop\Smart_Screenshot_Search_Engine\Receipts_Bills\IMG-20260813-WA0555.jpg
IMG-20260813-WA0556.jpg,Receipts_Bills,C:\Users\Priyanka\OneDrive\Desktop\Smart_Screenshot_Search_Engine\Receipts_Bills\IMG-20260813-WA0556.jpg
IMG-20260813-WA0557.jpg,Receipts_Bills,C:\Users\Priyanka\OneDrive\Desktop\Smart_Screenshot_Search_Engine\Receipts_Bills\IMG-20260813-WA0557.jpg
IMG-20260813-WA0558.jpg,Receipts_Bills,C:\Users\Priyanka\OneDrive\Desktop\Smart_Screenshot_Search_Engine\Receipts_Bills\IMG-20260813-WA0558.jpg
IMG-20260813-WA0559.jpg,Receipts_Bills,C:\Users\Priyanka\OneDrive\Desktop\Smart_Screenshot_Search_Engine\Receipts_Bills\IMG-20260813-WA0559.jpg
IMG-20260813-WA0560.jpg,Receipts_Bills,C:\Users\Priyanka\OneDrive\Desktop\Smart_Screenshot_Search_Engine\Receipts_Bills\IMG-20260813-WA0560.jpg
IMG-20260813-WA0561.jpg,Receipts_Bills,C:\Users\Priyanka\OneDrive\Desktop\Smart_Screenshot_Search_Engine\Receipts_Bills\IMG-20260813-WA0561.jpg
IMG-20260813-WA0562.jpg,Receipts_Bills,C:\Users\Priyanka\OneDrive\Desktop\Smart_Screenshot_Search_Engine\Receipts_Bills\IMG-20260813-WA0562.jpg
IMG-20260813-WA0563.jpg,Receipts_Bills,C:\Users\Priyanka\OneDrive\Desktop\Smart_Screenshot_Search_Engine\Receipts_Bills\IMG-20260813-WA0563.jpg
IMG-20260813-WA0564.jpg,Receipts_Bills,C:\Users\Priyanka\OneDrive\Desktop\Smart_Screenshot_Search_Engine\Receipts_Bills\IMG-20260813-WA0564.jpg
IMG-20260813-WA0565.jpg,Receipts_Bills,C:\Users\Priyanka\OneDrive\Desktop\Smart_Screenshot_Search_Engine\Receipts_Bills\IMG-20260813-WA0565.jpg
IMG-20260813-WA0566.jpg,Receipts_Bills,C:\Users\Priyanka\OneDrive\Desktop\Smart_Screenshot_Search_Engine\Receipts_Bills\IMG-20260813-WA0566.jpg
IMG-20260813-WA0567.jpg,Receipts_Bills,C:\Users\Priyanka\OneDrive\Desktop\Smart_Screenshot_Search_Engine\Receipts_Bills\IMG-20260813-WA0567.jpg
IMG-20260813-WA0568.jpg,Receipts_Bills,C:\Users\Priyanka\OneDrive\Desktop\Smart_Screenshot_Search_Engine\Receipts_Bills\IMG-20260813-WA0568.jpg
IMG-20260813-WA0569.jpg,Receipts_Bills,C:\Users\Priyanka\OneDrive\Desktop\Smart_Screenshot_Search_Engine\Receipts_Bills\IMG-20260813-WA0569.jpg
IMG-20260813-WA0570.jpg,Receipts_Bills,C:\Users\Priyanka\OneDrive\Desktop\Smart_Screenshot_Search_Engine\Receipts_Bills\IMG-20260813-WA0570.jpg
IMG-20260813-WA0571.jpg,Receipts_Bills,C:\Users\Priyanka\OneDrive\Desktop\Smart_Screenshot_Search_Engine\Receipts_Bills\IMG-20260813-WA0571.jpg
IMG-20260813-WA0572.jpg,Receipts_Bills,C:\Users\Priyanka\OneDrive\Desktop\Smart_Screenshot_Search_Engine\Receipts_Bills\IMG-20260813-WA0572.jpg
IMG-20260813-WA0573.jpg,Receipts_Bills,C:\Users\Priyanka\OneDrive\Desktop\Smart_Screenshot_Search_Engine\Receipts_Bills\IMG-20260813-WA0573.jpg
IMG-20260813-WA0574.jpg,Receipts_Bills,C:\Users\Priyanka\OneDrive\Desktop\Smart_Screenshot_Search_Engine\Receipts_Bills\IMG-20260813-WA0574.jpg
IMG-20260813-WA0575.jpg,Receipts_Bills,C:\Users\Priyanka\OneDrive\Desktop\Smart_Screenshot_Search_Engine\Receipts_Bills\IMG-20260813-WA0575.jpg
IMG-20260813-WA0576.jpg,Receipts_Bills,C:\Users\Priyanka\OneDrive\Desktop\Smart_Screenshot_Search_Engine\Receipts_Bills\IMG-20260813-WA0576.jpg
IMG-20260813-WA0577.jpg,Receipts_Bills,C:\Users\Priyanka\OneDrive\Desktop\Smart_Screenshot_Search_Engine\Receipts_Bills\IMG-20260813-WA0577.jpg
IMG-20260813-WA0578.jpg,Receipts_Bills,C:\Users\Priyanka\OneDrive\Desktop\Smart_Screenshot_Search_Engine\Receipts_Bills\IMG-20260813-WA0578.jpg
IMG-20260813-WA0579.jpg,Receipts_Bills,C:\Users\Priyanka\OneDrive\Desktop\Smart_Screenshot_Search_Engine\Receipts_Bills\IMG-20260813-WA0579.jpg
IMG-20260813-WA0580.jpg,Receipts_Bills,C:\Users\Priyanka\OneDrive\Desktop\Smart_Screenshot_Search_Engine\Receipts_Bills\IMG-20260813-WA0580.jpg
IMG-20260813-WA0581.jpg,Receipts_Bills,C:\Users\Priyanka\OneDrive\Desktop\Smart_Screenshot_Search_Engine\Receipts_Bills\IMG-20260813-WA0581.jpg
IMG-20260813-WA0582.jpg,Receipts_Bills,C:\Users\Priyanka\OneDrive\Desktop\Smart_Screenshot_Search_Engine\Receipts_Bills\IMG-20260813-WA0582.jpg
IMG-20260813-WA0583.jpg,Receipts_Bills,C:\Users\Priyanka\OneDrive\Desktop\Smart_Screenshot_Search_Engine\Receipts_Bills\IMG-20260813-WA0583.jpg
IMG-20260813-WA0584.jpg,Receipts_Bills,C:\Users\Priyanka\OneDrive\Desktop\Smart_Screenshot_Search_Engine\Receipts_Bills\IMG-20260813-WA0584.jpg
IMG-20260813-WA0585.jpg,Receipts_Bills,C:\Users\Priyanka\OneDrive\Desktop\Smart_Screenshot_Search_Engine\Receipts_Bills\IMG-20260813-WA0585.jpg
IMG-20260813-WA0586.jpg,Receipts_Bills,C:\Users\Priyanka\OneDrive\Desktop\Smart_Screenshot_Search_Engine\Receipts_Bills\IMG-20260813-WA0586.jpg
IMG-20260813-WA0587.jpg,Receipts_Bills,C:\Users\Priyanka\OneDrive\Desktop\Smart_Screenshot_Search_Engine\Receipts_Bills\IMG-20260813-WA0587.jpg
IMG-20260813-WA0588.jpg,Receipts_Bills,C:\Users\Priyanka\OneDrive\Desktop\Smart_Screenshot_Search_Engine\Receipts_Bills\IMG-20260813-WA0588.jpg
IMG-20260813-WA0589.jpg,Receipts_Bills,C:\Users\Priyanka\OneDrive\Desktop\Smart_Screenshot_Search_Engine\Receipts_Bills\IMG-20260813-WA0589.jpg
IMG-20260813-WA0590.jpg,Receipts_Bills,C:\Users\Priyanka\OneDrive\Desktop\Smart_Screenshot_Search_Engine\Receipts_Bills\IMG-20260813-WA0590.jpg
IMG-20260813-WA0591.jpg,Receipts_Bills,C:\Users\Priyanka\OneDrive\Desktop\Smart_Screenshot_Search_Engine\Receipts_Bills\IMG-20260813-WA0591.jpg
IMG-20260813-WA0592.jpg,Receipts_Bills,C:\Users\Priyanka\OneDrive\Desktop\Smart_Screenshot_Search_Engine\Receipts_Bills\IMG-20260813-WA0592.jpg
IMG-20260813-WA0593.jpg,Receipts_Bills,C:\Users\Priyanka\OneDrive\Desktop\Smart_Screenshot_Search_Engine\Receipts_Bills\IMG-20260813-WA0593.jpg
IMG-20260813-WA0594.jpg,Receipts_Bills,C:\Users\Priyanka\OneDrive\Desktop\Smart_Screenshot_Search_Engine\Receipts_Bills\IMG-20260813-WA0594.jpg
IMG-20260813-WA0595.jpg,Receipts_Bills,C:\Users\Priyanka\OneDrive\Desktop\Smart_Screenshot_Search_Engine\Receipts_Bills\IMG-20260813-WA0595.jpg
IMG-20260813-WA0596.jpg,Receipts_Bills,C:\Users\Priyanka\OneDrive\Desktop\Smart_Screenshot_Search_Engine\Receipts_Bills\IMG-20260813-WA0596.jpg
IMG-20260813-WA0597.jpg,Receipts_Bills,C:\Users\Priyanka\OneDrive\Desktop\Smart_Screenshot_Search_Engine\Receipts_Bills\IMG-20260813-WA0597.jpg
IMG-20260813-WA0598.jpg,Receipts_Bills,C:\Users\Priyanka\OneDrive\Desktop\Smart_Screenshot_Search_Engine\Receipts_Bills\IMG-20260813-WA0598.jpg
IMG-20260813-WA0599.jpg,Receipts_Bills,C:\Users\Priyanka\OneDrive\Desktop\Smart_Screenshot_Search_Engine\Receipts_Bills\IMG-20260813-WA0599.jpg
IMG-20260813-WA0600.jpg,Receipts_Bills,C:\Users\Priyanka\OneDrive\Desktop\Smart_Screenshot_Search_Engine\Receipts_Bills\IMG-20260813-WA0600.jpg
IMG-20260813-WA0601.jpg,Receipts_Bills,C:\Users\Priyanka\OneDrive\Desktop\Smart_Screenshot_Search_Engine\Receipts_Bills\IMG-20260813-WA0601.jpg
IMG-20260813-WA0602.jpg,Receipts_Bills,C:\Users\Priyanka\OneDrive\Desktop\Smart_Screenshot_Search_Engine\Receipts_Bills\IMG-20260813-WA0602.jpg
IMG-20260813-WA0603.jpg,Receipts_Bills,C:\Users\Priyanka\OneDrive\Desktop\Smart_Screenshot_Search_Engine\Receipts_Bills\IMG-20260813-WA0603.jpg
IMG-20260813-WA0604.jpg,Receipts_Bills,C:\Users\Priyanka\OneDrive\Desktop\Smart_Screenshot_Search_Engine\Receipts_Bills\IMG-20260813-WA0604.jpg
IMG-20260813-WA0605.jpg,Receipts_Bills,C:\Users\Priyanka\OneDrive\Desktop\Smart_Screenshot_Search_Engine\Receipts_Bills\IMG-20260813-WA0605.jpg
IMG-20260813-WA0606.jpg,Receipts_Bills,C:\Users\Priyanka\OneDrive\Desktop\Smart_Screenshot_Search_Engine\Receipts_Bills\IMG-20260813-WA0606.jpg
IMG-20260813-WA0607.jpg,Receipts_Bills,C:\Users\Priyanka\OneDrive\Desktop\Smart_Screenshot_Search_Engine\Receipts_Bills\IMG-20260813-WA0607.jpg
IMG-20260813-WA0608.jpg,Receipts_Bills,C:\Users\Priyanka\OneDrive\Desktop\Smart_Screenshot_Search_Engine\Receipts_Bills\IMG-20260813-WA0608.jpg
IMG-20260813-WA0609.jpg,Receipts_Bills,C:\Users\Priyanka\OneDrive\Desktop\Smart_Screenshot_Search_Engine\Receipts_Bills\IMG-20260813-WA0609.jpg
IMG-20260813-WA0610.jpg,Receipts_Bills,C:\Users\Priyanka\OneDrive\Desktop\Smart_Screenshot_Search_Engine\Receipts_Bills\IMG-20260813-WA0610.jpg
IMG-20260813-WA0611.jpg,Receipts_Bills,C:\Users\Priyanka\OneDrive\Desktop\Smart_Screenshot_Search_Engine\Receipts_Bills\IMG-20260813-WA0611.jpg
IMG-20260813-WA0612.jpg,Receipts_Bills,C:\Users\Priyanka\OneDrive\Desktop\Smart_Screenshot_Search_Engine\Receipts_Bills\IMG-20260813-WA0612.jpg
IMG-20260813-WA0614.jpg,Receipts_Bills,C:\Users\Priyanka\OneDrive\Desktop\Smart_Screenshot_Search_Engine\Receipts_Bills\IMG-20260813-WA0614.jpg
IMG-20260813-WA0616.jpg,Receipts_Bills,C:\Users\Priyanka\OneDrive\Desktop\Smart_Screenshot_Search_Engine\Receipts_Bills\IMG-20260813-WA0616.jpg
IMG-20260813-WA0618.jpg,Receipts_Bills,C:\Users\Priyanka\OneDrive\Desktop\Smart_Screenshot_Search_Engine\Receipts_Bills\IMG-20260813-WA0618.jpg
IMG-20260813-WA0619.jpg,Receipts_Bills,C:\Users\Priyanka\OneDrive\Desktop\Smart_Screenshot_Search_Engine\Receipts_Bills\IMG-20260813-WA0619.jpg
IMG-20260813-WA0634.jpg,Receipts_Bills,C:\Users\Priyanka\OneDrive\Desktop\Smart_Screenshot_Search_Engine\Receipts_Bills\IMG-20260813-WA0634.jpg
IMG-20260813-WA0635.jpg,Receipts_Bills,C:\Users\Priyanka\OneDrive\Desktop\Smart_Screenshot_Search_Engine\Receipts_Bills\IMG-20260813-WA0635.jpg
IMG-20260813-WA0636.jpg,Receipts_Bills,C:\Users\Priyanka\OneDrive\Desktop\Smart_Screenshot_Search_Engine\Receipts_Bills\IMG-20260813-WA0636.jpg
IMG-20260813-WA0637.jpg,Receipts_Bills,C:\Users\Priyanka\OneDrive\Desktop\Smart_Screenshot_Search_Engine\Receipts_Bills\IMG-20260813-WA0637.jpg
IMG-20260813-WA0639.jpg,Receipts_Bills,C:\Users\Priyanka\OneDrive\Desktop\Smart_Screenshot_Search_Engine\Receipts_Bills\IMG-20260813-WA0639.jpg
IMG-20260813-WA0643.jpg,Receipts_Bills,C:\Users\Priyanka\OneDrive\Desktop\Smart_Screenshot_Search_Engine\Receipts_Bills\IMG-20260813-WA0643.jpg
IMG-20260813-WA0644.jpg,Receipts_Bills,C:\Users\Priyanka\OneDrive\Desktop\Smart_Screenshot_Search_Engine\Receipts_Bills\IMG-20260813-WA0644.jpg
IMG-20260813-WA0646.jpg,Receipts_Bills,C:\Users\Priyanka\OneDrive\Desktop\Smart_Screenshot_Search_Engine\Receipts_Bills\IMG-20260813-WA0646.jpg
IMG-20260813-WA0647.jpg,Receipts_Bills,C:\Users\Priyanka\OneDrive\Desktop\Smart_Screenshot_Search_Engine\Receipts_Bills\IMG-20260813-WA0647.jpg
IMG-20260813-WA0651.jpg,Receipts_Bills,C:\Users\Priyanka\OneDrive\Desktop\Smart_Screenshot_Search_Engine\Receipts_Bills\IMG-20260813-WA0651.jpg
IMG-20260813-WA0652.jpg,Receipts_Bills,C:\Users\Priyanka\OneDrive\Desktop\Smart_Screenshot_Search_Engine\Receipts_Bills\IMG-20260813-WA0652.jpg
IMG-20260813-WA0654.jpg,Receipts_Bills,C:\Users\Priyanka\OneDrive\Desktop\Smart_Screenshot_Search_Engine\Receipts_Bills\IMG-20260813-WA0654.jpg
IMG-20260813-WA0655.jpg,Receipts_Bills,C:\Users\Priyanka\OneDrive\Desktop\Smart_Screenshot_Search_Engine\Receipts_Bills\IMG-20260813-WA0655.jpg
IMG-20260813-WA0656.jpg,Receipts_Bills,C:\Users\Priyanka\OneDrive\Desktop\Smart_Screenshot_Search_Engine\Receipts_Bills\IMG-20260813-WA0656.jpg
IMG-20260813-WA0658.jpg,Receipts_Bills,C:\Users\Priyanka\OneDrive\Desktop\Smart_Screenshot_Search_Engine\Receipts_Bills\IMG-20260813-WA0658.jpg
IMG-20260813-WA0660.jpg,Receipts_Bills,C:\Users\Priyanka\OneDrive\Desktop\Smart_Screenshot_Search_Engine\Receipts_Bills\IMG-20260813-WA0660.jpg
IMG-20260813-WA0661.jpg,Receipts_Bills,C:\Users\Priyanka\OneDrive\Desktop\Smart_Screenshot_Search_Engine\Receipts_Bills\IMG-20260813-WA0661.jpg
IMG-20260813-WA0671.jpg,Receipts_Bills,C:\Users\Priyanka\OneDrive\Desktop\Smart_Screenshot_Search_Engine\Receipts_Bills\IMG-20260813-WA0671.jpg
IMG-20260813-WA0673.jpg,Receipts_Bills,C:\Users\Priyanka\OneDrive\Desktop\Smart_Screenshot_Search_Engine\Receipts_Bills\IMG-20260813-WA0673.jpg
IMG-20260813-WA0674.jpg,Receipts_Bills,C:\Users\Priyanka\OneDrive\Desktop\Smart_Screenshot_Search_Engine\Receipts_Bills\IMG-20260813-WA0674.jpg
IMG-20260813-WA0675.jpg,Receipts_Bills,C:\Users\Priyanka\OneDrive\Desktop\Smart_Screenshot_Search_Engine\Receipts_Bills\IMG-20260813-WA0675.jpg
IMG-20260813-WA0676.jpg,Receipts_Bills,C:\Users\Priyanka\OneDrive\Desktop\Smart_Screenshot_Search_Engine\Receipts_Bills\IMG-20260813-WA0676.jpg
IMG-20260813-WA0677.jpg,Receipts_Bills,C:\Users\Priyanka\OneDrive\Desktop\Smart_Screenshot_Search_Engine\Receipts_Bills\IMG-20260813-WA0677.jpg
IMG-20260813-WA0678.jpg,Receipts_Bills,C:\Users\Priyanka\OneDrive\Desktop\Smart_Screenshot_Search_Engine\Receipts_Bills\IMG-20260813-WA0678.jpg
IMG-20260813-WA0679.jpg,Receipts_Bills,C:\Users\Priyanka\OneDrive\Desktop\Smart_Screenshot_Search_Engine\Receipts_Bills\IMG-20260813-WA0679.jpg
IMG-20260813-WA0681.jpg,Receipts_Bills,C:\Users\Priyanka\OneDrive\Desktop\Smart_Screenshot_Search_Engine\Receipts_Bills\IMG-20260813-WA0681.jpg
IMG-20260813-WA0683.jpg,Receipts_Bills,C:\Users\Priyanka\OneDrive\Desktop\Smart_Screenshot_Search_Engine\Receipts_Bills\IMG-20260813-WA0683.jpg
IMG-20260813-WA0684.jpg,Receipts_Bills,C:\Users\Priyanka\OneDrive\Desktop\Smart_Screenshot_Search_Engine\Receipts_Bills\IMG-20260813-WA0684.jpg
IMG-20260813-WA0685.jpg,Receipts_Bills,C:\Users\Priyanka\OneDrive\Desktop\Smart_Screenshot_Search_Engine\Receipts_Bills\IMG-20260813-WA0685.jpg
IMG-20260813-WA0687.jpg,Receipts_Bills,C:\Users\Priyanka\OneDrive\Desktop\Smart_Screenshot_Search_Engine\Receipts_Bills\IMG-20260813-WA0687.jpg
IMG-20260813-WA0688.jpg,Receipts_Bills,C:\Users\Priyanka\OneDrive\Desktop\Smart_Screenshot_Search_Engine\Receipts_Bills\IMG-20260813-WA0688.jpg
IMG-20260813-WA0689.jpg,Receipts_Bills,C:\Users\Priyanka\OneDrive\Desktop\Smart_Screenshot_Search_Engine\Receipts_Bills\IMG-20260813-WA0689.jpg
IMG-20260813-WA0690.jpg,Receipts_Bills,C:\Users\Priyanka\OneDrive\Desktop\Smart_Screenshot_Search_Engine\Receipts_Bills\IMG-20260813-WA0690.jpg
IMG-20260813-WA0691.jpg,Receipts_Bills,C:\Users\Priyanka\OneDrive\Desktop\Smart_Screenshot_Search_Engine\Receipts_Bills\IMG-20260813-WA0691.jpg
IMG-20260813-WA0692.jpg,Receipts_Bills,C:\Users\Priyanka\OneDrive\Desktop\Smart_Screenshot_Search_Engine\Receipts_Bills\IMG-20260813-WA0692.jpg
IMG-20260813-WA0693.jpg,Receipts_Bills,C:\Users\Priyanka\OneDrive\Desktop\Smart_Screenshot_Search_Engine\Receipts_Bills\IMG-20260813-WA0693.jpg
IMG-20260813-WA0694.jpg,Receipts_Bills,C:\Users\Priyanka\OneDrive\Desktop\Smart_Screenshot_Search_Engine\Receipts_Bills\IMG-20260813-WA0694.jpg
IMG-20260813-WA0695.jpg,Receipts_Bills,C:\Users\Priyanka\OneDrive\Desktop\Smart_Screenshot_Search_Engine\Receipts_Bills\IMG-20260813-WA0695.jpg
IMG-20260813-WA0696.jpg,Receipts_Bills,C:\Users\Priyanka\OneDrive\Desktop\Smart_Screenshot_Search_Engine\Receipts_Bills\IMG-20260813-WA0696.jpg
IMG-20260813-WA0697.jpg,Receipts_Bills,C:\Users\Priyanka\OneDrive\Desktop\Smart_Screenshot_Search_Engine\Receipts_Bills\IMG-20260813-WA0697.jpg
IMG-20260813-WA0698.jpg,Receipts_Bills,C:\Users\Priyanka\OneDrive\Desktop\Smart_Screenshot_Search_Engine\Receipts_Bills\IMG-20260813-WA0698.jpg
IMG-20260813-WA0699.jpg,Receipts_Bills,C:\Users\Priyanka\OneDrive\Desktop\Smart_Screenshot_Search_Engine\Receipts_Bills\IMG-20260813-WA0699.jpg
IMG-20260813-WA0700.jpg,Receipts_Bills,C:\Users\Priyanka\OneDrive\Desktop\Smart_Screenshot_Search_Engine\Receipts_Bills\IMG-20260813-WA0700.jpg
IMG-20260813-WA0701.jpg,Receipts_Bills,C:\Users\Priyanka\OneDrive\Desktop\Smart_Screenshot_Search_Engine\Receipts_Bills\IMG-20260813-WA0701.jpg
IMG-20260813-WA0702.jpg,Receipts_Bills,C:\Users\Priyanka\OneDrive\Desktop\Smart_Screenshot_Search_Engine\Receipts_Bills\IMG-20260813-WA0702.jpg
IMG-20260813-WA0703.jpg,Receipts_Bills,C:\Users\Priyanka\OneDrive\Desktop\Smart_Screenshot_Search_Engine\Receipts_Bills\IMG-20260813-WA0703.jpg
IMG-20260813-WA0704.jpg,Receipts_Bills,C:\Users\Priyanka\OneDrive\Desktop\Smart_Screenshot_Search_Engine\Receipts_Bills\IMG-20260813-WA0704.jpg
IMG-20260813-WA0705.jpg,Receipts_Bills,C:\Users\Priyanka\OneDrive\Desktop\Smart_Screenshot_Search_Engine\Receipts_Bills\IMG-20260813-WA0705.jpg
IMG-20260813-WA0706.jpg,Receipts_Bills,C:\Users\Priyanka\OneDrive\Desktop\Smart_Screenshot_Search_Engine\Receipts_Bills\IMG-20260813-WA0706.jpg
IMG-20260813-WA0707.jpg,Receipts_Bills,C:\Users\Priyanka\OneDrive\Desktop\Smart_Screenshot_Search_Engine\Receipts_Bills\IMG-20260813-WA0707.jpg
IMG-20260813-WA0708.jpg,Receipts_Bills,C:\Users\Priyanka\OneDrive\Desktop\Smart_Screenshot_Search_Engine\Receipts_Bills\IMG-20260813-WA0708.jpg
IMG-20260813-WA0709.jpg,Receipts_Bills,C:\Users\Priyanka\OneDrive\Desktop\Smart_Screenshot_Search_Engine\Receipts_Bills\IMG-20260813-WA0709.jpg
IMG-20260813-WA0711.jpg,Receipts_Bills,C:\Users\Priyanka\OneDrive\Desktop\Smart_Screenshot_Search_Engine\Receipts_Bills\IMG-20260813-WA0711.jpg
IMG-20260813-WA0712.jpg,Receipts_Bills,C:\Users\Priyanka\OneDrive\Desktop\Smart_Screenshot_Search_Engine\Receipts_Bills\IMG-20260813-WA0712.jpg
IMG-20260813-WA0713.jpg,Receipts_Bills,C:\Users\Priyanka\OneDrive\Desktop\Smart_Screenshot_Search_Engine\Receipts_Bills\IMG-20260813-WA0713.jpg
IMG-20260813-WA0714.jpg,Receipts_Bills,C:\Users\Priyanka\OneDrive\Desktop\Smart_Screenshot_Search_Engine\Receipts_Bills\IMG-20260813-WA0714.jpg
IMG-20260813-WA0715.jpg,Receipts_Bills,C:\Users\Priyanka\OneDrive\Desktop\Smart_Screenshot_Search_Engine\Receipts_Bills\IMG-20260813-WA0715.jpg
IMG-20260813-WA0716.jpg,Receipts_Bills,C:\Users\Priyanka\OneDrive\Desktop\Smart_Screenshot_Search_Engine\Receipts_Bills\IMG-20260813-WA0716.jpg
IMG-20260813-WA0717.jpg,Receipts_Bills,C:\Users\Priyanka\OneDrive\Desktop\Smart_Screenshot_Search_Engine\Receipts_Bills\IMG-20260813-WA0717.jpg
IMG-20260813-WA0718.jpg,Receipts_Bills,C:\Users\Priyanka\OneDrive\Desktop\Smart_Screenshot_Search_Engine\Receipts_Bills\IMG-20260813-WA0718.jpg
IMG-20260813-WA0719.jpg,Receipts_Bills,C:\Users\Priyanka\OneDrive\Desktop\Smart_Screenshot_Search_Engine\Receipts_Bills\IMG-20260813-WA0719.jpg
IMG-20260813-WA0721.jpg,Receipts_Bills,C:\Users\Priyanka\OneDrive\Desktop\Smart_Screenshot_Search_Engine\Receipts_Bills\IMG-20260813-WA0721.jpg
IMG-20260813-WA0723.jpg,Receipts_Bills,C:\Users\Priyanka\OneDrive\Desktop\Smart_Screenshot_Search_Engine\Receipts_Bills\IMG-20260813-WA0723.jpg
IMG-20260813-WA0724.jpg,Receipts_Bills,C:\Users\Priyanka\OneDrive\Desktop\Smart_Screenshot_Search_Engine\Receipts_Bills\IMG-20260813-WA0724.jpg
IMG-20260813-WA0725.jpg,Receipts_Bills,C:\Users\Priyanka\OneDrive\Desktop\Smart_Screenshot_Search_Engine\Receipts_Bills\IMG-20260813-WA0725.jpg
IMG-20260813-WA0726.jpg,Receipts_Bills,C:\Users\Priyanka\OneDrive\Desktop\Smart_Screenshot_Search_Engine\Receipts_Bills\IMG-20260813-WA0726.jpg
IMG-20260813-WA0727.jpg,Receipts_Bills,C:\Users\Priyanka\OneDrive\Desktop\Smart_Screenshot_Search_Engine\Receipts_Bills\IMG-20260813-WA0727.jpg
IMG-20260813-WA0729.jpg,Receipts_Bills,C:\Users\Priyanka\OneDrive\Desktop\Smart_Screenshot_Search_Engine\Receipts_Bills\IMG-20260813-WA0729.jpg
IMG-20260813-WA0730.jpg,Receipts_Bills,C:\Users\Priyanka\OneDrive\Desktop\Smart_Screenshot_Search_Engine\Receipts_Bills\IMG-20260813-WA0730.jpg
IMG-20260813-WA0731.jpg,Receipts_Bills,C:\Users\Priyanka\OneDrive\Desktop\Smart_Screenshot_Search_Engine\Receipts_Bills\IMG-20260813-WA0731.jpg
IMG-20260813-WA0732.jpg,Receipts_Bills,C:\Users\Priyanka\OneDrive\Desktop\Smart_Screenshot_Search_Engine\Receipts_Bills\IMG-20260813-WA0732.jpg
IMG-20260813-WA0733.jpg,Receipts_Bills,C:\Users\Priyanka\OneDrive\Desktop\Smart_Screenshot_Search_Engine\Receipts_Bills\IMG-20260813-WA0733.jpg
IMG-20260813-WA0734.jpg,Receipts_Bills,C:\Users\Priyanka\OneDrive\Desktop\Smart_Screenshot_Search_Engine\Receipts_Bills\IMG-20260813-WA0734.jpg
IMG-20260813-WA0735.jpg,Receipts_Bills,C:\Users\Priyanka\OneDrive\Desktop\Smart_Screenshot_Search_Engine\Receipts_Bills\IMG-20260813-WA0735.jpg
IMG-20260813-WA0736.jpg,Receipts_Bills,C:\Users\Priyanka\OneDrive\Desktop\Smart_Screenshot_Search_Engine\Receipts_Bills\IMG-20260813-WA0736.jpg
IMG-20260813-WA0737.jpg,Receipts_Bills,C:\Users\Priyanka\OneDrive\Desktop\Smart_Screenshot_Search_Engine\Receipts_Bills\IMG-20260813-WA0737.jpg
IMG-20260813-WA0738.jpg,Receipts_Bills,C:\Users\Priyanka\OneDrive\Desktop\Smart_Screenshot_Search_Engine\Receipts_Bills\IMG-20260813-WA0738.jpg
IMG-20260813-WA0739.jpg,Receipts_Bills,C:\Users\Priyanka\OneDrive\Desktop\Smart_Screenshot_Search_Engine\Receipts_Bills\IMG-20260813-WA0739.jpg
IMG-20260813-WA0741.jpg,Receipts_Bills,C:\Users\Priyanka\OneDrive\Desktop\Smart_Screenshot_Search_Engine\Receipts_Bills\IMG-20260813-WA0741.jpg
IMG-20260813-WA0743.jpg,Receipts_Bills,C:\Users\Priyanka\OneDrive\Desktop\Smart_Screenshot_Search_Engine\Receipts_Bills\IMG-20260813-WA0743.jpg
IMG-20260813-WA0750.jpg,Receipts_Bills,C:\Users\Priyanka\OneDrive\Desktop\Smart_Screenshot_Search_Engine\Receipts_Bills\IMG-20260813-WA0750.jpg
IMG-20260813-WA0751.jpg,Receipts_Bills,C:\Users\Priyanka\OneDrive\Desktop\Smart_Screenshot_Search_Engine\Receipts_Bills\IMG-20260813-WA0751.jpg
IMG-20260813-WA0752.jpg,Receipts_Bills,C:\Users\Priyanka\OneDrive\Desktop\Smart_Screenshot_Search_Engine\Receipts_Bills\IMG-20260813-WA0752.jpg
IMG-20260813-WA0754.jpg,Receipts_Bills,C:\Users\Priyanka\OneDrive\Desktop\Smart_Screenshot_Search_Engine\Receipts_Bills\IMG-20260813-WA0754.jpg
IMG-20260813-WA0755.jpg,Receipts_Bills,C:\Users\Priyanka\OneDrive\Desktop\Smart_Screenshot_Search_Engine\Receipts_Bills\IMG-20260813-WA0755.jpg
IMG-20260813-WA0756.jpg,Receipts_Bills,C:\Users\Priyanka\OneDrive\Desktop\Smart_Screenshot_Search_Engine\Receipts_Bills\IMG-20260813-WA0756.jpg
IMG-20260813-WA0757.jpg,Receipts_Bills,C:\Users\Priyanka\OneDrive\Desktop\Smart_Screenshot_Search_Engine\Receipts_Bills\IMG-20260813-WA0757.jpg
IMG-20260813-WA0758.jpg,Receipts_Bills,C:\Users\Priyanka\OneDrive\Desktop\Smart_Screenshot_Search_Engine\Receipts_Bills\IMG-20260813-WA0758.jpg
IMG-20260813-WA0759.jpg,Receipts_Bills,C:\Users\Priyanka\OneDrive\Desktop\Smart_Screenshot_Search_Engine\Receipts_Bills\IMG-20260813-WA0759.jpg
IMG-20260813-WA0760.jpg,Receipts_Bills,C:\Users\Priyanka\OneDrive\Desktop\Smart_Screenshot_Search_Engine\Receipts_Bills\IMG-20260813-WA0760.jpg
IMG-20260813-WA0761.jpg,Receipts_Bills,C:\Users\Priyanka\OneDrive\Desktop\Smart_Screenshot_Search_Engine\Receipts_Bills\IMG-20260813-WA0761.jpg
IMG-20260813-WA0762.jpg,Receipts_Bills,C:\Users\Priyanka\OneDrive\Desktop\Smart_Screenshot_Search_Engine\Receipts_Bills\IMG-20260813-WA0762.jpg
IMG-20260813-WA0763.jpg,Receipts_Bills,C:\Users\Priyanka\OneDrive\Desktop\Smart_Screenshot_Search_Engine\Receipts_Bills\IMG-20260813-WA0763.jpg
IMG-20260813-WA0764.jpg,Receipts_Bills,C:\Users\Priyanka\OneDrive\Desktop\Smart_Screenshot_Search_Engine\Receipts_Bills\IMG-20260813-WA0764.jpg
IMG-20260813-WA0765.jpg,Receipts_Bills,C:\Users\Priyanka\OneDrive\Desktop\Smart_Screenshot_Search_Engine\Receipts_Bills\IMG-20260813-WA0765.jpg
IMG-20260813-WA0766.jpg,Receipts_Bills,C:\Users\Priyanka\OneDrive\Desktop\Smart_Screenshot_Search_Engine\Receipts_Bills\IMG-20260813-WA0766.jpg
IMG-20260813-WA0768.jpg,Receipts_Bills,C:\Users\Priyanka\OneDrive\Desktop\Smart_Screenshot_Search_Engine\Receipts_Bills\IMG-20260813-WA0768.jpg
IMG-20260813-WA0769.jpg,Receipts_Bills,C:\Users\Priyanka\OneDrive\Desktop\Smart_Screenshot_Search_Engine\Receipts_Bills\IMG-20260813-WA0769.jpg
IMG-20260813-WA0770.jpg,Receipts_Bills,C:\Users\Priyanka\OneDrive\Desktop\Smart_Screenshot_Search_Engine\Receipts_Bills\IMG-20260813-WA0770.jpg
IMG-20260813-WA0771.jpg,Receipts_Bills,C:\Users\Priyanka\OneDrive\Desktop\Smart_Screenshot_Search_Engine\Receipts_Bills\IMG-20260813-WA0771.jpg
IMG-20260813-WA0772.jpg,Receipts_Bills,C:\Users\Priyanka\OneDrive\Desktop\Smart_Screenshot_Search_Engine\Receipts_Bills\IMG-20260813-WA0772.jpg
IMG-20260813-WA0773.jpg,Receipts_Bills,C:\Users\Priyanka\OneDrive\Desktop\Smart_Screenshot_Search_Engine\Receipts_Bills\IMG-20260813-WA0773.jpg
IMG-20260813-WA0775.jpg,Receipts_Bills,C:\Users\Priyanka\OneDrive\Desktop\Smart_Screenshot_Search_Engine\Receipts_Bills\IMG-20260813-WA0775.jpg
IMG-20260813-WA0776.jpg,Receipts_Bills,C:\Users\Priyanka\OneDrive\Desktop\Smart_Screenshot_Search_Engine\Receipts_Bills\IMG-20260813-WA0776.jpg
IMG-20260813-WA0778.jpg,Receipts_Bills,C:\Users\Priyanka\OneDrive\Desktop\Smart_Screenshot_Search_Engine\Receipts_Bills\IMG-20260813-WA0778.jpg
IMG-20260813-WA0779.jpg,Receipts_Bills,C:\Users\Priyanka\OneDrive\Desktop\Smart_Screenshot_Search_Engine\Receipts_Bills\IMG-20260813-WA0779.jpg
IMG-20260813-WA0780.jpg,Receipts_Bills,C:\Users\Priyanka\OneDrive\Desktop\Smart_Screenshot_Search_Engine\Receipts_Bills\IMG-20260813-WA0780.jpg
IMG-20260813-WA0781.jpg,Receipts_Bills,C:\Users\Priyanka\OneDrive\Desktop\Smart_Screenshot_Search_Engine\Receipts_Bills\IMG-20260813-WA0781.jpg
IMG-20260813-WA0783.jpg,Receipts_Bills,C:\Users\Priyanka\OneDrive\Desktop\Smart_Screenshot_Search_Engine\Receipts_Bills\IMG-20260813-WA0783.jpg
IMG-20260813-WA0785.jpg,Receipts_Bills,C:\Users\Priyanka\OneDrive\Desktop\Smart_Screenshot_Search_Engine\Receipts_Bills\IMG-20260813-WA0785.jpg
IMG-20260813-WA0786.jpg,Receipts_Bills,C:\Users\Priyanka\OneDrive\Desktop\Smart_Screenshot_Search_Engine\Receipts_Bills\IMG-20260813-WA0786.jpg
IMG-20260813-WA0787.jpg,Receipts_Bills,C:\Users\Priyanka\OneDrive\Desktop\Smart_Screenshot_Search_Engine\Receipts_Bills\IMG-20260813-WA0787.jpg
IMG-20260813-WA0788.jpg,Receipts_Bills,C:\Users\Priyanka\OneDrive\Desktop\Smart_Screenshot_Search_Engine\Receipts_Bills\IMG-20260813-WA0788.jpg
IMG-20260813-WA0789.jpg,Receipts_Bills,C:\Users\Priyanka\OneDrive\Desktop\Smart_Screenshot_Search_Engine\Receipts_Bills\IMG-20260813-WA0789.jpg
IMG-20260813-WA0790.jpg,Receipts_Bills,C:\Users\Priyanka\OneDrive\Desktop\Smart_Screenshot_Search_Engine\Receipts_Bills\IMG-20260813-WA0790.jpg
IMG-20260813-WA0791.jpg,Receipts_Bills,C:\Users\Priyanka\OneDrive\Desktop\Smart_Screenshot_Search_Engine\Receipts_Bills\IMG-20260813-WA0791.jpg
IMG-20260813-WA0792.jpg,Receipts_Bills,C:\Users\Priyanka\OneDrive\Desktop\Smart_Screenshot_Search_Engine\Receipts_Bills\IMG-20260813-WA0792.jpg
IMG-20260813-WA0793.jpg,Receipts_Bills,C:\Users\Priyanka\OneDrive\Desktop\Smart_Screenshot_Search_Engine\Receipts_Bills\IMG-20260813-WA0793.jpg
IMG-20260813-WA0794.jpg,Receipts_Bills,C:\Users\Priyanka\OneDrive\Desktop\Smart_Screenshot_Search_Engine\Receipts_Bills\IMG-20260813-WA0794.jpg
IMG-20260813-WA0795.jpg,Receipts_Bills,C:\Users\Priyanka\OneDrive\Desktop\Smart_Screenshot_Search_Engine\Receipts_Bills\IMG-20260813-WA0795.jpg
IMG-20260813-WA0798.jpg,Receipts_Bills,C:\Users\Priyanka\OneDrive\Desktop\Smart_Screenshot_Search_Engine\Receipts_Bills\IMG-20260813-WA0798.jpg
IMG-20260813-WA0799.jpg,Receipts_Bills,C:\Users\Priyanka\OneDrive\Desktop\Smart_Screenshot_Search_Engine\Receipts_Bills\IMG-20260813-WA0799.jpg
IMG-20260813-WA0800.jpg,Receipts_Bills,C:\Users\Priyanka\OneDrive\Desktop\Smart_Screenshot_Search_Engine\Receipts_Bills\IMG-20260813-WA0800.jpg
IMG-20260813-WA0801.jpg,Receipts_Bills,C:\Users\Priyanka\OneDrive\Desktop\Smart_Screenshot_Search_Engine\Receipts_Bills\IMG-20260813-WA0801.jpg
IMG-20260813-WA0802.jpg,Receipts_Bills,C:\Users\Priyanka\OneDrive\Desktop\Smart_Screenshot_Search_Engine\Receipts_Bills\IMG-20260813-WA0802.jpg
IMG-20260813-WA0803.jpg,Receipts_Bills,C:\Users\Priyanka\OneDrive\Desktop\Smart_Screenshot_Search_Engine\Receipts_Bills\IMG-20260813-WA0803.jpg
IMG-20260813-WA0804.jpg,Receipts_Bills,C:\Users\Priyanka\OneDrive\Desktop\Smart_Screenshot_Search_Engine\Receipts_Bills\IMG-20260813-WA0804.jpg
IMG-20260813-WA0805.jpg,Receipts_Bills,C:\Users\Priyanka\OneDrive\Desktop\Smart_Screenshot_Search_Engine\Receipts_Bills\IMG-20260813-WA0805.jpg
IMG-20260813-WA0806.jpg,Receipts_Bills,C:\Users\Priyanka\OneDrive\Desktop\Smart_Screenshot_Search_Engine\Receipts_Bills\IMG-20260813-WA0806.jpg
IMG-20260813-WA0807.jpg,Receipts_Bills,C:\Users\Priyanka\OneDrive\Desktop\Smart_Screenshot_Search_Engine\Receipts_Bills\IMG-20260813-WA0807.jpg
IMG-20260813-WA0808.jpg,Receipts_Bills,C:\Users\Priyanka\OneDrive\Desktop\Smart_Screenshot_Search_Engine\Receipts_Bills\IMG-20260813-WA0808.jpg
IMG-20260813-WA0809.jpg,Receipts_Bills,C:\Users\Priyanka\OneDrive\Desktop\Smart_Screenshot_Search_Engine\Receipts_Bills\IMG-20260813-WA0809.jpg
IMG-20260813-WA0810.jpg,Receipts_Bills,C:\Users\Priyanka\OneDrive\Desktop\Smart_Screenshot_Search_Engine\Receipts_Bills\IMG-20260813-WA0810.jpg
IMG-20260813-WA0812.jpg,Receipts_Bills,C:\Users\Priyanka\OneDrive\Desktop\Smart_Screenshot_Search_Engine\Receipts_Bills\IMG-20260813-WA0812.jpg
IMG-20260813-WA0814.jpg,Receipts_Bills,C:\Users\Priyanka\OneDrive\Desktop\Smart_Screenshot_Search_Engine\Receipts_Bills\IMG-20260813-WA0814.jpg
IMG-20260813-WA0815.jpg,Receipts_Bills,C:\Users\Priyanka\OneDrive\Desktop\Smart_Screenshot_Search_Engine\Receipts_Bills\IMG-20260813-WA0815.jpg
IMG-20260813-WA0816.jpg,Receipts_Bills,C:\Users\Priyanka\OneDrive\Desktop\Smart_Screenshot_Search_Engine\Receipts_Bills\IMG-20260813-WA0816.jpg
IMG-20260813-WA0817.jpg,Receipts_Bills,C:\Users\Priyanka\OneDrive\Desktop\Smart_Screenshot_Search_Engine\Receipts_Bills\IMG-20260813-WA0817.jpg
IMG-20260813-WA0819.jpg,Receipts_Bills,C:\Users\Priyanka\OneDrive\Desktop\Smart_Screenshot_Search_Engine\Receipts_Bills\IMG-20260813-WA0819.jpg
IMG-20260813-WA0820.jpg,Receipts_Bills,C:\Users\Priyanka\OneDrive\Desktop\Smart_Screenshot_Search_Engine\Receipts_Bills\IMG-20260813-WA0820.jpg
IMG-20260813-WA0821.jpg,Receipts_Bills,C:\Users\Priyanka\OneDrive\Desktop\Smart_Screenshot_Search_Engine\Receipts_Bills\IMG-20260813-WA0821.jpg
IMG-20260813-WA0826.jpg,Receipts_Bills,C:\Users\Priyanka\OneDrive\Desktop\Smart_Screenshot_Search_Engine\Receipts_Bills\IMG-20260813-WA0826.jpg
IMG-20260813-WA0828.jpg,Receipts_Bills,C:\Users\Priyanka\OneDrive\Desktop\Smart_Screenshot_Search_Engine\Receipts_Bills\IMG-20260813-WA0828.jpg
IMG-20260813-WA0829.jpg,Receipts_Bills,C:\Users\Priyanka\OneDrive\Desktop\Smart_Screenshot_Search_Engine\Receipts_Bills\IMG-20260813-WA0829.jpg
IMG-20260813-WA0831.jpg,Receipts_Bills,C:\Users\Priyanka\OneDrive\Desktop\Smart_Screenshot_Search_Engine\Receipts_Bills\IMG-20260813-WA0831.jpg
IMG-20260813-WA0832.jpg,Receipts_Bills,C:\Users\Priyanka\OneDrive\Desktop\Smart_Screenshot_Search_Engine\Receipts_Bills\IMG-20260813-WA0832.jpg
IMG-20260813-WA0834.jpg,Receipts_Bills,C:\Users\Priyanka\OneDrive\Desktop\Smart_Screenshot_Search_Engine\Receipts_Bills\IMG-20260813-WA0834.jpg
IMG-20260813-WA0835.jpg,Receipts_Bills,C:\Users\Priyanka\OneDrive\Desktop\Smart_Screenshot_Search_Engine\Receipts_Bills\IMG-20260813-WA0835.jpg
IMG-20260813-WA0836.jpg,Receipts_Bills,C:\Users\Priyanka\OneDrive\Desktop\Smart_Screenshot_Search_Engine\Receipts_Bills\IMG-20260813-WA0836.jpg
IMG-20260813-WA0860.jpg,Receipts_Bills,C:\Users\Priyanka\OneDrive\Desktop\Smart_Screenshot_Search_Engine\Receipts_Bills\IMG-20260813-WA0860.jpg
IMG-20260813-WA1269.jpg,Receipts_Bills,C:\Users\Priyanka\OneDrive\Desktop\Smart_Screenshot_Search_Engine\Receipts_Bills\IMG-20260813-WA1269.jpg
Screenshot_2026-08-13-12-19-18-29_8b1cfbb769bd52fc36fa25a4fcc64305.jpg,Recipes,C:\Users\Priyanka\OneDrive\Desktop\Smart_Screenshot_Search_Engine\Recipes\Screenshot_2026-08-13-12-19-18-29_8b1cfbb769bd52fc36fa25a4fcc64305.jpg
Screenshot_2026-08-13-12-20-53-92_8b1cfbb769bd52fc36fa25a4fcc64305.jpg,Recipes,C:\Users\Priyanka\OneDrive\Desktop\Smart_Screenshot_Search_Engine\Recipes\Screenshot_2026-08-13-12-20-53-92_8b1cfbb769bd52fc36fa25a4fcc64305.jpg
Screenshot_2026-08-13-12-22-05-26_8b1cfbb769bd52fc36fa25a4fcc64305.jpg,Recipes,C:\Users\Priyanka\OneDrive\Desktop\Smart_Screenshot_Search_Engine\Recipes\Screenshot_2026-08-13-12-22-05-26_8b1cfbb769bd52fc36fa25a4fcc64305.jpg
Screenshot_2026-08-13-12-22-25-64_8b1cfbb769bd52fc36fa25a4fcc64305.jpg,Recipes,C:\Users\Priyanka\OneDrive\Desktop\Smart_Screenshot_Search_Engine\Recipes\Screenshot_2026-08-13-12-22-25-64_8b1cfbb769bd52fc36fa25a4fcc64305.jpg
Screenshot_2026-08-13-12-22-37-34_8b1cfbb769bd52fc36fa25a4fcc64305.jpg,Recipes,C:\Users\Priyanka\OneDrive\Desktop\Smart_Screenshot_Search_Engine\Recipes\Screenshot_2026-08-13-12-22-37-34_8b1cfbb769bd52fc36fa25a4fcc64305.jpg
Screenshot_2026-08-13-12-23-03-87_8b1cfbb769bd52fc36fa25a4fcc64305.jpg,Recipes,C:\Users\Priyanka\OneDrive\Desktop\Smart_Screenshot_Search_Engine\Recipes\Screenshot_2026-08-13-12-23-03-87_8b1cfbb769bd52fc36fa25a4fcc64305.jpg
Screenshot_2026-08-13-12-23-41-17_8b1cfbb769bd52fc36fa25a4fcc64305.jpg,Recipes,C:\Users\Priyanka\OneDrive\Desktop\Smart_Screenshot_Search_Engine\Recipes\Screenshot_2026-08-13-12-23-41-17_8b1cfbb769bd52fc36fa25a4fcc64305.jpg
Screenshot_2026-08-13-12-23-50-20_8b1cfbb769bd52fc36fa25a4fcc64305.jpg,Recipes,C:\Users\Priyanka\OneDrive\Desktop\Smart_Screenshot_Search_Engine\Recipes\Screenshot_2026-08-13-12-23-50-20_8b1cfbb769bd52fc36fa25a4fcc64305.jpg
Screenshot_2026-08-13-12-24-03-72_8b1cfbb769bd52fc36fa25a4fcc64305.jpg,Recipes,C:\Users\Priyanka\OneDrive\Desktop\Smart_Screenshot_Search_Engine\Recipes\Screenshot_2026-08-13-12-24-03-72_8b1cfbb769bd52fc36fa25a4fcc64305.jpg
Screenshot_2026-08-13-12-24-13-47_8b1cfbb769bd52fc36fa25a4fcc64305.jpg,Recipes,C:\Users\Priyanka\OneDrive\Desktop\Smart_Screenshot_Search_Engine\Recipes\Screenshot_2026-08-13-12-24-13-47_8b1cfbb769bd52fc36fa25a4fcc64305.jpg
Screenshot_2026-08-13-12-24-43-78_8b1cfbb769bd52fc36fa25a4fcc64305.jpg,Recipes,C:\Users\Priyanka\OneDrive\Desktop\Smart_Screenshot_Search_Engine\Recipes\Screenshot_2026-08-13-12-24-43-78_8b1cfbb769bd52fc36fa25a4fcc64305.jpg
Screenshot_2026-08-13-12-24-54-69_8b1cfbb769bd52fc36fa25a4fcc64305.jpg,Recipes,C:\Users\Priyanka\OneDrive\Desktop\Smart_Screenshot_Search_Engine\Recipes\Screenshot_2026-08-13-12-24-54-69_8b1cfbb769bd52fc36fa25a4fcc64305.jpg
Screenshot_2026-08-13-12-25-04-19_8b1cfbb769bd52fc36fa25a4fcc64305.jpg,Recipes,C:\Users\Priyanka\OneDrive\Desktop\Smart_Screenshot_Search_Engine\Recipes\Screenshot_2026-08-13-12-25-04-19_8b1cfbb769bd52fc36fa25a4fcc64305.jpg
Screenshot_2026-08-13-12-25-11-37_8b1cfbb769bd52fc36fa25a4fcc64305.jpg,Recipes,C:\Users\Priyanka\OneDrive\Desktop\Smart_Screenshot_Search_Engine\Recipes\Screenshot_2026-08-13-12-25-11-37_8b1cfbb769bd52fc36fa25a4fcc64305.jpg
Screenshot_2026-08-13-12-25-32-43_8b1cfbb769bd52fc36fa25a4fcc64305.jpg,Recipes,C:\Users\Priyanka\OneDrive\Desktop\Smart_Screenshot_Search_Engine\Recipes\Screenshot_2026-08-13-12-25-32-43_8b1cfbb769bd52fc36fa25a4fcc64305.jpg
Screenshot_2026-08-13-12-25-54-15_8b1cfbb769bd52fc36fa25a4fcc64305.jpg,Recipes,C:\Users\Priyanka\OneDrive\Desktop\Smart_Screenshot_Search_Engine\Recipes\Screenshot_2026-08-13-12-25-54-15_8b1cfbb769bd52fc36fa25a4fcc64305.jpg
Screenshot_2026-08-13-12-26-02-49_8b1cfbb769bd52fc36fa25a4fcc64305.jpg,Recipes,C:\Users\Priyanka\OneDrive\Desktop\Smart_Screenshot_Search_Engine\Recipes\Screenshot_2026-08-13-12-26-02-49_8b1cfbb769bd52fc36fa25a4fcc64305.jpg
Screenshot_2026-08-13-12-26-27-81_8b1cfbb769bd52fc36fa25a4fcc64305.jpg,Recipes,C:\Users\Priyanka\OneDrive\Desktop\Smart_Screenshot_Search_Engine\Recipes\Screenshot_2026-08-13-12-26-27-81_8b1cfbb769bd52fc36fa25a4fcc64305.jpg
Screenshot_2026-08-13-12-27-31-06_8b1cfbb769bd52fc36fa25a4fcc64305.jpg,Recipes,C:\Users\Priyanka\OneDrive\Desktop\Smart_Screenshot_Search_Engine\Recipes\Screenshot_2026-08-13-12-27-31-06_8b1cfbb769bd52fc36fa25a4fcc64305.jpg
Screenshot_2026-08-13-12-27-37-46_8b1cfbb769bd52fc36fa25a4fcc64305.jpg,Recipes,C:\Users\Priyanka\OneDrive\Desktop\Smart_Screenshot_Search_Engine\Recipes\Screenshot_2026-08-13-12-27-37-46_8b1cfbb769bd52fc36fa25a4fcc64305.jpg
Screenshot_2026-08-13-12-27-50-09_8b1cfbb769bd52fc36fa25a4fcc64305.jpg,Recipes,C:\Users\Priyanka\OneDrive\Desktop\Smart_Screenshot_Search_Engine\Recipes\Screenshot_2026-08-13-12-27-50-09_8b1cfbb769bd52fc36fa25a4fcc64305.jpg
Screenshot_2026-08-13-13-30-17-21_8b1cfbb769bd52fc36fa25a4fcc64305.jpg,Recipes,C:\Users\Priyanka\OneDrive\Desktop\Smart_Screenshot_Search_Engine\Recipes\Screenshot_2026-08-13-13-30-17-21_8b1cfbb769bd52fc36fa25a4fcc64305.jpg
Screenshot_2026-08-13-13-30-36-99_8b1cfbb769bd52fc36fa25a4fcc64305.jpg,Recipes,C:\Users\Priyanka\OneDrive\Desktop\Smart_Screenshot_Search_Engine\Recipes\Screenshot_2026-08-13-13-30-36-99_8b1cfbb769bd52fc36fa25a4fcc64305.jpg
Screenshot_2026-08-13-13-31-19-54_8b1cfbb769bd52fc36fa25a4fcc64305.jpg,Recipes,C:\Users\Priyanka\OneDrive\Desktop\Smart_Screenshot_Search_Engine\Recipes\Screenshot_2026-08-13-13-31-19-54_8b1cfbb769bd52fc36fa25a4fcc64305.jpg
Screenshot_2026-08-13-13-31-35-91_8b1cfbb769bd52fc36fa25a4fcc64305.jpg,Recipes,C:\Users\Priyanka\OneDrive\Desktop\Smart_Screenshot_Search_Engine\Recipes\Screenshot_2026-08-13-13-31-35-91_8b1cfbb769bd52fc36fa25a4fcc64305.jpg
Screenshot_2026-08-13-13-32-21-25_8b1cfbb769bd52fc36fa25a4fcc64305.jpg,Recipes,C:\Users\Priyanka\OneDrive\Desktop\Smart_Screenshot_Search_Engine\Recipes\Screenshot_2026-08-13-13-32-21-25_8b1cfbb769bd52fc36fa25a4fcc64305.jpg
Screenshot_2026-08-13-13-32-51-95_8b1cfbb769bd52fc36fa25a4fcc64305.jpg,Recipes,C:\Users\Priyanka\OneDrive\Desktop\Smart_Screenshot_Search_Engine\Recipes\Screenshot_2026-08-13-13-32-51-95_8b1cfbb769bd52fc36fa25a4fcc64305.jpg
Screenshot_2026-08-13-13-33-18-89_8b1cfbb769bd52fc36fa25a4fcc64305.jpg,Recipes,C:\Users\Priyanka\OneDrive\Desktop\Smart_Screenshot_Search_Engine\Recipes\Screenshot_2026-08-13-13-33-18-89_8b1cfbb769bd52fc36fa25a4fcc64305.jpg
Screenshot_2026-08-13-13-33-26-72_8b1cfbb769bd52fc36fa25a4fcc64305.jpg,Recipes,C:\Users\Priyanka\OneDrive\Desktop\Smart_Screenshot_Search_Engine\Recipes\Screenshot_2026-08-13-13-33-26-72_8b1cfbb769bd52fc36fa25a4fcc64305.jpg
Screenshot_2026-08-13-13-33-45-13_8b1cfbb769bd52fc36fa25a4fcc64305.jpg,Recipes,C:\Users\Priyanka\OneDrive\Desktop\Smart_Screenshot_Search_Engine\Recipes\Screenshot_2026-08-13-13-33-45-13_8b1cfbb769bd52fc36fa25a4fcc64305.jpg
Screenshot_2026-08-13-13-35-16-88_8b1cfbb769bd52fc36fa25a4fcc64305.jpg,Recipes,C:\Users\Priyanka\OneDrive\Desktop\Smart_Screenshot_Search_Engine\Recipes\Screenshot_2026-08-13-13-35-16-88_8b1cfbb769bd52fc36fa25a4fcc64305.jpg
Screenshot_2026-08-13-13-35-29-00_8b1cfbb769bd52fc36fa25a4fcc64305.jpg,Recipes,C:\Users\Priyanka\OneDrive\Desktop\Smart_Screenshot_Search_Engine\Recipes\Screenshot_2026-08-13-13-35-29-00_8b1cfbb769bd52fc36fa25a4fcc64305.jpg
Screenshot_2026-08-13-13-35-35-57_8b1cfbb769bd52fc36fa25a4fcc64305.jpg,Recipes,C:\Users\Priyanka\OneDrive\Desktop\Smart_Screenshot_Search_Engine\Recipes\Screenshot_2026-08-13-13-35-35-57_8b1cfbb769bd52fc36fa25a4fcc64305.jpg
Screenshot_2026-08-13-13-35-52-16_8b1cfbb769bd52fc36fa25a4fcc64305.jpg,Recipes,C:\Users\Priyanka\OneDrive\Desktop\Smart_Screenshot_Search_Engine\Recipes\Screenshot_2026-08-13-13-35-52-16_8b1cfbb769bd52fc36fa25a4fcc64305.jpg
Screenshot_2026-08-13-13-36-06-16_8b1cfbb769bd52fc36fa25a4fcc64305.jpg,Recipes,C:\Users\Priyanka\OneDrive\Desktop\Smart_Screenshot_Search_Engine\Recipes\Screenshot_2026-08-13-13-36-06-16_8b1cfbb769bd52fc36fa25a4fcc64305.jpg
Screenshot_2026-08-13-13-36-19-67_8b1cfbb769bd52fc36fa25a4fcc64305.jpg,Recipes,C:\Users\Priyanka\OneDrive\Desktop\Smart_Screenshot_Search_Engine\Recipes\Screenshot_2026-08-13-13-36-19-67_8b1cfbb769bd52fc36fa25a4fcc64305.jpg
Screenshot_2026-08-13-13-37-05-84_8b1cfbb769bd52fc36fa25a4fcc64305.jpg,Recipes,C:\Users\Priyanka\OneDrive\Desktop\Smart_Screenshot_Search_Engine\Recipes\Screenshot_2026-08-13-13-37-05-84_8b1cfbb769bd52fc36fa25a4fcc64305.jpg
Screenshot_2026-08-13-13-37-16-21_8b1cfbb769bd52fc36fa25a4fcc64305.jpg,Recipes,C:\Users\Priyanka\OneDrive\Desktop\Smart_Screenshot_Search_Engine\Recipes\Screenshot_2026-08-13-13-37-16-21_8b1cfbb769bd52fc36fa25a4fcc64305.jpg
Screenshot_2026-08-13-13-37-28-84_8b1cfbb769bd52fc36fa25a4fcc64305.jpg,Recipes,C:\Users\Priyanka\OneDrive\Desktop\Smart_Screenshot_Search_Engine\Recipes\Screenshot_2026-08-13-13-37-28-84_8b1cfbb769bd52fc36fa25a4fcc64305.jpg
Screenshot_2026-08-13-13-38-12-59_8b1cfbb769bd52fc36fa25a4fcc64305.jpg,Recipes,C:\Users\Priyanka\OneDrive\Desktop\Smart_Screenshot_Search_Engine\Recipes\Screenshot_2026-08-13-13-38-12-59_8b1cfbb769bd52fc36fa25a4fcc64305.jpg
Screenshot_2026-08-13-13-39-22-07_8b1cfbb769bd52fc36fa25a4fcc64305.jpg,Recipes,C:\Users\Priyanka\OneDrive\Desktop\Smart_Screenshot_Search_Engine\Recipes\Screenshot_2026-08-13-13-39-22-07_8b1cfbb769bd52fc36fa25a4fcc64305.jpg
Screenshot_2026-08-13-13-39-31-81_8b1cfbb769bd52fc36fa25a4fcc64305.jpg,Recipes,C:\Users\Priyanka\OneDrive\Desktop\Smart_Screenshot_Search_Engine\Recipes\Screenshot_2026-08-13-13-39-31-81_8b1cfbb769bd52fc36fa25a4fcc64305.jpg
Screenshot_2026-08-13-13-39-39-10_8b1cfbb769bd52fc36fa25a4fcc64305.jpg,Recipes,C:\Users\Priyanka\OneDrive\Desktop\Smart_Screenshot_Search_Engine\Recipes\Screenshot_2026-08-13-13-39-39-10_8b1cfbb769bd52fc36fa25a4fcc64305.jpg
Screenshot_2026-08-13-13-39-50-13_8b1cfbb769bd52fc36fa25a4fcc64305.jpg,Recipes,C:\Users\Priyanka\OneDrive\Desktop\Smart_Screenshot_Search_Engine\Recipes\Screenshot_2026-08-13-13-39-50-13_8b1cfbb769bd52fc36fa25a4fcc64305.jpg
Screenshot_2026-08-13-13-39-57-19_8b1cfbb769bd52fc36fa25a4fcc64305.jpg,Recipes,C:\Users\Priyanka\OneDrive\Desktop\Smart_Screenshot_Search_Engine\Recipes\Screenshot_2026-08-13-13-39-57-19_8b1cfbb769bd52fc36fa25a4fcc64305.jpg
Screenshot_2026-08-13-13-40-03-13_8b1cfbb769bd52fc36fa25a4fcc64305.jpg,Recipes,C:\Users\Priyanka\OneDrive\Desktop\Smart_Screenshot_Search_Engine\Recipes\Screenshot_2026-08-13-13-40-03-13_8b1cfbb769bd52fc36fa25a4fcc64305.jpg
Screenshot_2026-08-13-13-40-16-30_8b1cfbb769bd52fc36fa25a4fcc64305.jpg,Recipes,C:\Users\Priyanka\OneDrive\Desktop\Smart_Screenshot_Search_Engine\Recipes\Screenshot_2026-08-13-13-40-16-30_8b1cfbb769bd52fc36fa25a4fcc64305.jpg
Screenshot_2026-08-13-13-40-29-48_8b1cfbb769bd52fc36fa25a4fcc64305.jpg,Recipes,C:\Users\Priyanka\OneDrive\Desktop\Smart_Screenshot_Search_Engine\Recipes\Screenshot_2026-08-13-13-40-29-48_8b1cfbb769bd52fc36fa25a4fcc64305.jpg
Screenshot_2026-08-13-13-40-40-75_8b1cfbb769bd52fc36fa25a4fcc64305.jpg,Recipes,C:\Users\Priyanka\OneDrive\Desktop\Smart_Screenshot_Search_Engine\Recipes\Screenshot_2026-08-13-13-40-40-75_8b1cfbb769bd52fc36fa25a4fcc64305.jpg
Screenshot_2026-08-13-13-40-49-37_8b1cfbb769bd52fc36fa25a4fcc64305.jpg,Recipes,C:\Users\Priyanka\OneDrive\Desktop\Smart_Screenshot_Search_Engine\Recipes\Screenshot_2026-08-13-13-40-49-37_8b1cfbb769bd52fc36fa25a4fcc64305.jpg
Screenshot_2026-08-13-13-41-27-41_8b1cfbb769bd52fc36fa25a4fcc64305.jpg,Recipes,C:\Users\Priyanka\OneDrive\Desktop\Smart_Screenshot_Search_Engine\Recipes\Screenshot_2026-08-13-13-41-27-41_8b1cfbb769bd52fc36fa25a4fcc64305.jpg
Screenshot_2026-08-13-13-41-40-98_8b1cfbb769bd52fc36fa25a4fcc64305.jpg,Recipes,C:\Users\Priyanka\OneDrive\Desktop\Smart_Screenshot_Search_Engine\Recipes\Screenshot_2026-08-13-13-41-40-98_8b1cfbb769bd52fc36fa25a4fcc64305.jpg
Screenshot_2026-08-13-13-42-12-57_8b1cfbb769bd52fc36fa25a4fcc64305.jpg,Recipes,C:\Users\Priyanka\OneDrive\Desktop\Smart_Screenshot_Search_Engine\Recipes\Screenshot_2026-08-13-13-42-12-57_8b1cfbb769bd52fc36fa25a4fcc64305.jpg
Screenshot_2026-08-13-13-42-47-08_8b1cfbb769bd52fc36fa25a4fcc64305.jpg,Recipes,C:\Users\Priyanka\OneDrive\Desktop\Smart_Screenshot_Search_Engine\Recipes\Screenshot_2026-08-13-13-42-47-08_8b1cfbb769bd52fc36fa25a4fcc64305.jpg
Screenshot_2026-08-13-13-42-59-20_8b1cfbb769bd52fc36fa25a4fcc64305.jpg,Recipes,C:\Users\Priyanka\OneDrive\Desktop\Smart_Screenshot_Search_Engine\Recipes\Screenshot_2026-08-13-13-42-59-20_8b1cfbb769bd52fc36fa25a4fcc64305.jpg
Screenshot_2026-08-13-13-43-07-51_8b1cfbb769bd52fc36fa25a4fcc64305.jpg,Recipes,C:\Users\Priyanka\OneDrive\Desktop\Smart_Screenshot_Search_Engine\Recipes\Screenshot_2026-08-13-13-43-07-51_8b1cfbb769bd52fc36fa25a4fcc64305.jpg
Screenshot_2026-08-13-13-43-21-89_8b1cfbb769bd52fc36fa25a4fcc64305.jpg,Recipes,C:\Users\Priyanka\OneDrive\Desktop\Smart_Screenshot_Search_Engine\Recipes\Screenshot_2026-08-13-13-43-21-89_8b1cfbb769bd52fc36fa25a4fcc64305.jpg
Screenshot_2026-08-13-13-43-32-08_8b1cfbb769bd52fc36fa25a4fcc64305.jpg,Recipes,C:\Users\Priyanka\OneDrive\Desktop\Smart_Screenshot_Search_Engine\Recipes\Screenshot_2026-08-13-13-43-32-08_8b1cfbb769bd52fc36fa25a4fcc64305.jpg
Screenshot_2026-08-13-13-43-51-76_8b1cfbb769bd52fc36fa25a4fcc64305.jpg,Recipes,C:\Users\Priyanka\OneDrive\Desktop\Smart_Screenshot_Search_Engine\Recipes\Screenshot_2026-08-13-13-43-51-76_8b1cfbb769bd52fc36fa25a4fcc64305.jpg
Screenshot_2026-08-13-13-44-11-39_8b1cfbb769bd52fc36fa25a4fcc64305.jpg,Recipes,C:\Users\Priyanka\OneDrive\Desktop\Smart_Screenshot_Search_Engine\Recipes\Screenshot_2026-08-13-13-44-11-39_8b1cfbb769bd52fc36fa25a4fcc64305.jpg
Screenshot_2026-08-13-13-44-53-52_8b1cfbb769bd52fc36fa25a4fcc64305.jpg,Recipes,C:\Users\Priyanka\OneDrive\Desktop\Smart_Screenshot_Search_Engine\Recipes\Screenshot_2026-08-13-13-44-53-52_8b1cfbb769bd52fc36fa25a4fcc64305.jpg
Screenshot_2026-08-13-13-45-26-45_8b1cfbb769bd52fc36fa25a4fcc64305.jpg,Recipes,C:\Users\Priyanka\OneDrive\Desktop\Smart_Screenshot_Search_Engine\Recipes\Screenshot_2026-08-13-13-45-26-45_8b1cfbb769bd52fc36fa25a4fcc64305.jpg
Screenshot_2026-08-13-13-45-52-12_8b1cfbb769bd52fc36fa25a4fcc64305.jpg,Recipes,C:\Users\Priyanka\OneDrive\Desktop\Smart_Screenshot_Search_Engine\Recipes\Screenshot_2026-08-13-13-45-52-12_8b1cfbb769bd52fc36fa25a4fcc64305.jpg
Screenshot_2026-08-13-13-45-58-09_8b1cfbb769bd52fc36fa25a4fcc64305.jpg,Recipes,C:\Users\Priyanka\OneDrive\Desktop\Smart_Screenshot_Search_Engine\Recipes\Screenshot_2026-08-13-13-45-58-09_8b1cfbb769bd52fc36fa25a4fcc64305.jpg
Screenshot_2026-08-13-13-46-10-87_8b1cfbb769bd52fc36fa25a4fcc64305.jpg,Recipes,C:\Users\Priyanka\OneDrive\Desktop\Smart_Screenshot_Search_Engine\Recipes\Screenshot_2026-08-13-13-46-10-87_8b1cfbb769bd52fc36fa25a4fcc64305.jpg
Screenshot_2026-08-13-13-46-17-28_8b1cfbb769bd52fc36fa25a4fcc64305.jpg,Recipes,C:\Users\Priyanka\OneDrive\Desktop\Smart_Screenshot_Search_Engine\Recipes\Screenshot_2026-08-13-13-46-17-28_8b1cfbb769bd52fc36fa25a4fcc64305.jpg
Screenshot_2026-08-13-13-46-23-64_8b1cfbb769bd52fc36fa25a4fcc64305.jpg,Recipes,C:\Users\Priyanka\OneDrive\Desktop\Smart_Screenshot_Search_Engine\Recipes\Screenshot_2026-08-13-13-46-23-64_8b1cfbb769bd52fc36fa25a4fcc64305.jpg
Screenshot_2026-08-13-13-46-30-34_8b1cfbb769bd52fc36fa25a4fcc64305.jpg,Recipes,C:\Users\Priyanka\OneDrive\Desktop\Smart_Screenshot_Search_Engine\Recipes\Screenshot_2026-08-13-13-46-30-34_8b1cfbb769bd52fc36fa25a4fcc64305.jpg
Screenshot_2026-08-13-13-46-41-69_8b1cfbb769bd52fc36fa25a4fcc64305.jpg,Recipes,C:\Users\Priyanka\OneDrive\Desktop\Smart_Screenshot_Search_Engine\Recipes\Screenshot_2026-08-13-13-46-41-69_8b1cfbb769bd52fc36fa25a4fcc64305.jpg
Screenshot_2026-08-13-13-46-53-55_8b1cfbb769bd52fc36fa25a4fcc64305.jpg,Recipes,C:\Users\Priyanka\OneDrive\Desktop\Smart_Screenshot_Search_Engine\Recipes\Screenshot_2026-08-13-13-46-53-55_8b1cfbb769bd52fc36fa25a4fcc64305.jpg
Screenshot_2026-08-13-13-48-07-23_8b1cfbb769bd52fc36fa25a4fcc64305.jpg,Recipes,C:\Users\Priyanka\OneDrive\Desktop\Smart_Screenshot_Search_Engine\Recipes\Screenshot_2026-08-13-13-48-07-23_8b1cfbb769bd52fc36fa25a4fcc64305.jpg
Screenshot_2026-08-13-13-48-14-90_8b1cfbb769bd52fc36fa25a4fcc64305.jpg,Recipes,C:\Users\Priyanka\OneDrive\Desktop\Smart_Screenshot_Search_Engine\Recipes\Screenshot_2026-08-13-13-48-14-90_8b1cfbb769bd52fc36fa25a4fcc64305.jpg
Screenshot_2026-08-13-13-48-45-56_8b1cfbb769bd52fc36fa25a4fcc64305.jpg,Recipes,C:\Users\Priyanka\OneDrive\Desktop\Smart_Screenshot_Search_Engine\Recipes\Screenshot_2026-08-13-13-48-45-56_8b1cfbb769bd52fc36fa25a4fcc64305.jpg
Screenshot_2026-08-13-13-48-56-78_8b1cfbb769bd52fc36fa25a4fcc64305.jpg,Recipes,C:\Users\Priyanka\OneDrive\Desktop\Smart_Screenshot_Search_Engine\Recipes\Screenshot_2026-08-13-13-48-56-78_8b1cfbb769bd52fc36fa25a4fcc64305.jpg
Screenshot_2026-08-13-13-49-03-01_8b1cfbb769bd52fc36fa25a4fcc64305.jpg,Recipes,C:\Users\Priyanka\OneDrive\Desktop\Smart_Screenshot_Search_Engine\Recipes\Screenshot_2026-08-13-13-49-03-01_8b1cfbb769bd52fc36fa25a4fcc64305.jpg
Screenshot_2026-08-13-13-49-14-92_8b1cfbb769bd52fc36fa25a4fcc64305.jpg,Recipes,C:\Users\Priyanka\OneDrive\Desktop\Smart_Screenshot_Search_Engine\Recipes\Screenshot_2026-08-13-13-49-14-92_8b1cfbb769bd52fc36fa25a4fcc64305.jpg
Screenshot_2026-08-13-13-49-23-84_8b1cfbb769bd52fc36fa25a4fcc64305.jpg,Recipes,C:\Users\Priyanka\OneDrive\Desktop\Smart_Screenshot_Search_Engine\Recipes\Screenshot_2026-08-13-13-49-23-84_8b1cfbb769bd52fc36fa25a4fcc64305.jpg
Screenshot_2026-08-13-13-49-33-44_8b1cfbb769bd52fc36fa25a4fcc64305.jpg,Recipes,C:\Users\Priyanka\OneDrive\Desktop\Smart_Screenshot_Search_Engine\Recipes\Screenshot_2026-08-13-13-49-33-44_8b1cfbb769bd52fc36fa25a4fcc64305.jpg
Screenshot_2026-08-13-13-49-40-89_8b1cfbb769bd52fc36fa25a4fcc64305.jpg,Recipes,C:\Users\Priyanka\OneDrive\Desktop\Smart_Screenshot_Search_Engine\Recipes\Screenshot_2026-08-13-13-49-40-89_8b1cfbb769bd52fc36fa25a4fcc64305.jpg
Screenshot_2026-08-13-13-49-50-88_8b1cfbb769bd52fc36fa25a4fcc64305.jpg,Recipes,C:\Users\Priyanka\OneDrive\Desktop\Smart_Screenshot_Search_Engine\Recipes\Screenshot_2026-08-13-13-49-50-88_8b1cfbb769bd52fc36fa25a4fcc64305.jpg
Screenshot_2026-08-13-13-59-15-56_40deb401b9ffe8e1df2f1cc5ba480b12.jpg,Recipes,C:\Users\Priyanka\OneDrive\Desktop\Smart_Screenshot_Search_Engine\Recipes\Screenshot_2026-08-13-13-59-15-56_40deb401b9ffe8e1df2f1cc5ba480b12.jpg
Screenshot_2026-08-13-13-59-24-92_40deb401b9ffe8e1df2f1cc5ba480b12.jpg,Recipes,C:\Users\Priyanka\OneDrive\Desktop\Smart_Screenshot_Search_Engine\Recipes\Screenshot_2026-08-13-13-59-24-92_40deb401b9ffe8e1df2f1cc5ba480b12.jpg
Screenshot_2026-08-13-13-59-32-16_40deb401b9ffe8e1df2f1cc5ba480b12.jpg,Recipes,C:\Users\Priyanka\OneDrive\Desktop\Smart_Screenshot_Search_Engine\Recipes\Screenshot_2026-08-13-13-59-32-16_40deb401b9ffe8e1df2f1cc5ba480b12.jpg
Screenshot_2026-08-13-13-59-40-90_40deb401b9ffe8e1df2f1cc5ba480b12.jpg,Recipes,C:\Users\Priyanka\OneDrive\Desktop\Smart_Screenshot_Search_Engine\Recipes\Screenshot_2026-08-13-13-59-40-90_40deb401b9ffe8e1df2f1cc5ba480b12.jpg
Screenshot_2026-08-13-13-59-52-71_40deb401b9ffe8e1df2f1cc5ba480b12.jpg,Recipes,C:\Users\Priyanka\OneDrive\Desktop\Smart_Screenshot_Search_Engine\Recipes\Screenshot_2026-08-13-13-59-52-71_40deb401b9ffe8e1df2f1cc5ba480b12.jpg
Screenshot_2026-08-13-14-01-47-05_40deb401b9ffe8e1df2f1cc5ba480b12.jpg,Recipes,C:\Users\Priyanka\OneDrive\Desktop\Smart_Screenshot_Search_Engine\Recipes\Screenshot_2026-08-13-14-01-47-05_40deb401b9ffe8e1df2f1cc5ba480b12.jpg
Screenshot_2026-08-13-14-02-11-05_40deb401b9ffe8e1df2f1cc5ba480b12.jpg,Recipes,C:\Users\Priyanka\OneDrive\Desktop\Smart_Screenshot_Search_Engine\Recipes\Screenshot_2026-08-13-14-02-11-05_40deb401b9ffe8e1df2f1cc5ba480b12.jpg
Screenshot_2026-08-13-14-03-01-53_40deb401b9ffe8e1df2f1cc5ba480b12.jpg,Recipes,C:\Users\Priyanka\OneDrive\Desktop\Smart_Screenshot_Search_Engine\Recipes\Screenshot_2026-08-13-14-03-01-53_40deb401b9ffe8e1df2f1cc5ba480b12.jpg
Screenshot_2026-08-13-14-03-34-54_40deb401b9ffe8e1df2f1cc5ba480b12.jpg,Recipes,C:\Users\Priyanka\OneDrive\Desktop\Smart_Screenshot_Search_Engine\Recipes\Screenshot_2026-08-13-14-03-34-54_40deb401b9ffe8e1df2f1cc5ba480b12.jpg
Screenshot_2026-08-13-14-04-25-45_40deb401b9ffe8e1df2f1cc5ba480b12.jpg,Recipes,C:\Users\Priyanka\OneDrive\Desktop\Smart_Screenshot_Search_Engine\Recipes\Screenshot_2026-08-13-14-04-25-45_40deb401b9ffe8e1df2f1cc5ba480b12.jpg
Screenshot_2026-08-13-14-05-53-83_40deb401b9ffe8e1df2f1cc5ba480b12.jpg,Recipes,C:\Users\Priyanka\OneDrive\Desktop\Smart_Screenshot_Search_Engine\Recipes\Screenshot_2026-08-13-14-05-53-83_40deb401b9ffe8e1df2f1cc5ba480b12.jpg
Screenshot_2026-08-13-14-06-04-30_40deb401b9ffe8e1df2f1cc5ba480b12.jpg,Recipes,C:\Users\Priyanka\OneDrive\Desktop\Smart_Screenshot_Search_Engine\Recipes\Screenshot_2026-08-13-14-06-04-30_40deb401b9ffe8e1df2f1cc5ba480b12.jpg
Screenshot_2026-08-13-14-06-18-20_40deb401b9ffe8e1df2f1cc5ba480b12.jpg,Recipes,C:\Users\Priyanka\OneDrive\Desktop\Smart_Screenshot_Search_Engine\Recipes\Screenshot_2026-08-13-14-06-18-20_40deb401b9ffe8e1df2f1cc5ba480b12.jpg
Screenshot_2026-08-13-14-06-29-16_40deb401b9ffe8e1df2f1cc5ba480b12.jpg,Recipes,C:\Users\Priyanka\OneDrive\Desktop\Smart_Screenshot_Search_Engine\Recipes\Screenshot_2026-08-13-14-06-29-16_40deb401b9ffe8e1df2f1cc5ba480b12.jpg
Screenshot_2026-08-13-14-06-43-10_40deb401b9ffe8e1df2f1cc5ba480b12.jpg,Recipes,C:\Users\Priyanka\OneDrive\Desktop\Smart_Screenshot_Search_Engine\Recipes\Screenshot_2026-08-13-14-06-43-10_40deb401b9ffe8e1df2f1cc5ba480b12.jpg
Screenshot_2026-08-13-14-07-39-03_40deb401b9ffe8e1df2f1cc5ba480b12.jpg,Recipes,C:\Users\Priyanka\OneDrive\Desktop\Smart_Screenshot_Search_Engine\Recipes\Screenshot_2026-08-13-14-07-39-03_40deb401b9ffe8e1df2f1cc5ba480b12.jpg
Screenshot_2026-08-13-14-08-02-25_40deb401b9ffe8e1df2f1cc5ba480b12.jpg,Recipes,C:\Users\Priyanka\OneDrive\Desktop\Smart_Screenshot_Search_Engine\Recipes\Screenshot_2026-08-13-14-08-02-25_40deb401b9ffe8e1df2f1cc5ba480b12.jpg
Screenshot_2026-08-13-14-08-22-82_40deb401b9ffe8e1df2f1cc5ba480b12.jpg,Recipes,C:\Users\Priyanka\OneDrive\Desktop\Smart_Screenshot_Search_Engine\Recipes\Screenshot_2026-08-13-14-08-22-82_40deb401b9ffe8e1df2f1cc5ba480b12.jpg
Screenshot_2026-08-13-14-08-35-83_40deb401b9ffe8e1df2f1cc5ba480b12.jpg,Recipes,C:\Users\Priyanka\OneDrive\Desktop\Smart_Screenshot_Search_Engine\Recipes\Screenshot_2026-08-13-14-08-35-83_40deb401b9ffe8e1df2f1cc5ba480b12.jpg
Screenshot_2026-08-13-14-08-49-50_40deb401b9ffe8e1df2f1cc5ba480b12.jpg,Recipes,C:\Users\Priyanka\OneDrive\Desktop\Smart_Screenshot_Search_Engine\Recipes\Screenshot_2026-08-13-14-08-49-50_40deb401b9ffe8e1df2f1cc5ba480b12.jpg
Screenshot_2026-08-13-14-10-29-21_40deb401b9ffe8e1df2f1cc5ba480b12.jpg,Recipes,C:\Users\Priyanka\OneDrive\Desktop\Smart_Screenshot_Search_Engine\Recipes\Screenshot_2026-08-13-14-10-29-21_40deb401b9ffe8e1df2f1cc5ba480b12.jpg
Screenshot_2026-08-13-14-10-39-30_40deb401b9ffe8e1df2f1cc5ba480b12.jpg,Recipes,C:\Users\Priyanka\OneDrive\Desktop\Smart_Screenshot_Search_Engine\Recipes\Screenshot_2026-08-13-14-10-39-30_40deb401b9ffe8e1df2f1cc5ba480b12.jpg
Screenshot_2026-08-13-14-10-51-15_40deb401b9ffe8e1df2f1cc5ba480b12.jpg,Recipes,C:\Users\Priyanka\OneDrive\Desktop\Smart_Screenshot_Search_Engine\Recipes\Screenshot_2026-08-13-14-10-51-15_40deb401b9ffe8e1df2f1cc5ba480b12.jpg
Screenshot_2026-08-13-14-11-03-82_40deb401b9ffe8e1df2f1cc5ba480b12.jpg,Recipes,C:\Users\Priyanka\OneDrive\Desktop\Smart_Screenshot_Search_Engine\Recipes\Screenshot_2026-08-13-14-11-03-82_40deb401b9ffe8e1df2f1cc5ba480b12.jpg
Screenshot_2026-08-13-14-11-16-13_40deb401b9ffe8e1df2f1cc5ba480b12.jpg,Recipes,C:\Users\Priyanka\OneDrive\Desktop\Smart_Screenshot_Search_Engine\Recipes\Screenshot_2026-08-13-14-11-16-13_40deb401b9ffe8e1df2f1cc5ba480b12.jpg
Screenshot_2026-08-13-14-11-31-69_40deb401b9ffe8e1df2f1cc5ba480b12.jpg,Recipes,C:\Users\Priyanka\OneDrive\Desktop\Smart_Screenshot_Search_Engine\Recipes\Screenshot_2026-08-13-14-11-31-69_40deb401b9ffe8e1df2f1cc5ba480b12.jpg
Screenshot_2026-08-13-14-11-51-59_40deb401b9ffe8e1df2f1cc5ba480b12.jpg,Recipes,C:\Users\Priyanka\OneDrive\Desktop\Smart_Screenshot_Search_Engine\Recipes\Screenshot_2026-08-13-14-11-51-59_40deb401b9ffe8e1df2f1cc5ba480b12.jpg
Screenshot_2026-08-13-14-12-09-11_40deb401b9ffe8e1df2f1cc5ba480b12.jpg,Recipes,C:\Users\Priyanka\OneDrive\Desktop\Smart_Screenshot_Search_Engine\Recipes\Screenshot_2026-08-13-14-12-09-11_40deb401b9ffe8e1df2f1cc5ba480b12.jpg
Screenshot_2026-08-13-14-12-27-82_40deb401b9ffe8e1df2f1cc5ba480b12.jpg,Recipes,C:\Users\Priyanka\OneDrive\Desktop\Smart_Screenshot_Search_Engine\Recipes\Screenshot_2026-08-13-14-12-27-82_40deb401b9ffe8e1df2f1cc5ba480b12.jpg
Screenshot_2026-08-13-14-12-47-92_40deb401b9ffe8e1df2f1cc5ba480b12.jpg,Recipes,C:\Users\Priyanka\OneDrive\Desktop\Smart_Screenshot_Search_Engine\Recipes\Screenshot_2026-08-13-14-12-47-92_40deb401b9ffe8e1df2f1cc5ba480b12.jpg
Screenshot_2026-08-13-14-13-40-40_40deb401b9ffe8e1df2f1cc5ba480b12.jpg,Recipes,C:\Users\Priyanka\OneDrive\Desktop\Smart_Screenshot_Search_Engine\Recipes\Screenshot_2026-08-13-14-13-40-40_40deb401b9ffe8e1df2f1cc5ba480b12.jpg
Screenshot_2026-08-13-14-13-50-44_40deb401b9ffe8e1df2f1cc5ba480b12.jpg,Recipes,C:\Users\Priyanka\OneDrive\Desktop\Smart_Screenshot_Search_Engine\Recipes\Screenshot_2026-08-13-14-13-50-44_40deb401b9ffe8e1df2f1cc5ba480b12.jpg
Screenshot_2026-08-13-14-14-01-76_40deb401b9ffe8e1df2f1cc5ba480b12.jpg,Recipes,C:\Users\Priyanka\OneDrive\Desktop\Smart_Screenshot_Search_Engine\Recipes\Screenshot_2026-08-13-14-14-01-76_40deb401b9ffe8e1df2f1cc5ba480b12.jpg
Screenshot_2026-08-13-14-14-14-68_40deb401b9ffe8e1df2f1cc5ba480b12.jpg,Recipes,C:\Users\Priyanka\OneDrive\Desktop\Smart_Screenshot_Search_Engine\Recipes\Screenshot_2026-08-13-14-14-14-68_40deb401b9ffe8e1df2f1cc5ba480b12.jpg
Screenshot_2026-08-13-14-14-30-71_40deb401b9ffe8e1df2f1cc5ba480b12.jpg,Recipes,C:\Users\Priyanka\OneDrive\Desktop\Smart_Screenshot_Search_Engine\Recipes\Screenshot_2026-08-13-14-14-30-71_40deb401b9ffe8e1df2f1cc5ba480b12.jpg
Screenshot_2026-08-13-14-14-41-31_40deb401b9ffe8e1df2f1cc5ba480b12.jpg,Recipes,C:\Users\Priyanka\OneDrive\Desktop\Smart_Screenshot_Search_Engine\Recipes\Screenshot_2026-08-13-14-14-41-31_40deb401b9ffe8e1df2f1cc5ba480b12.jpg
Screenshot_2026-08-13-14-15-17-97_40deb401b9ffe8e1df2f1cc5ba480b12.jpg,Recipes,C:\Users\Priyanka\OneDrive\Desktop\Smart_Screenshot_Search_Engine\Recipes\Screenshot_2026-08-13-14-15-17-97_40deb401b9ffe8e1df2f1cc5ba480b12.jpg
Screenshot_2026-08-13-14-15-29-64_40deb401b9ffe8e1df2f1cc5ba480b12.jpg,Recipes,C:\Users\Priyanka\OneDrive\Desktop\Smart_Screenshot_Search_Engine\Recipes\Screenshot_2026-08-13-14-15-29-64_40deb401b9ffe8e1df2f1cc5ba480b12.jpg
Screenshot_2026-08-13-14-15-48-07_40deb401b9ffe8e1df2f1cc5ba480b12.jpg,Recipes,C:\Users\Priyanka\OneDrive\Desktop\Smart_Screenshot_Search_Engine\Recipes\Screenshot_2026-08-13-14-15-48-07_40deb401b9ffe8e1df2f1cc5ba480b12.jpg
Screenshot_2026-08-13-14-16-18-68_40deb401b9ffe8e1df2f1cc5ba480b12.jpg,Recipes,C:\Users\Priyanka\OneDrive\Desktop\Smart_Screenshot_Search_Engine\Recipes\Screenshot_2026-08-13-14-16-18-68_40deb401b9ffe8e1df2f1cc5ba480b12.jpg
Screenshot_2026-08-13-14-17-00-11_40deb401b9ffe8e1df2f1cc5ba480b12.jpg,Recipes,C:\Users\Priyanka\OneDrive\Desktop\Smart_Screenshot_Search_Engine\Recipes\Screenshot_2026-08-13-14-17-00-11_40deb401b9ffe8e1df2f1cc5ba480b12.jpg
Screenshot_2026-08-13-14-17-13-44_40deb401b9ffe8e1df2f1cc5ba480b12.jpg,Recipes,C:\Users\Priyanka\OneDrive\Desktop\Smart_Screenshot_Search_Engine\Recipes\Screenshot_2026-08-13-14-17-13-44_40deb401b9ffe8e1df2f1cc5ba480b12.jpg
Screenshot_2026-08-13-14-17-28-73_40deb401b9ffe8e1df2f1cc5ba480b12.jpg,Recipes,C:\Users\Priyanka\OneDrive\Desktop\Smart_Screenshot_Search_Engine\Recipes\Screenshot_2026-08-13-14-17-28-73_40deb401b9ffe8e1df2f1cc5ba480b12.jpg
Screenshot_2026-08-13-14-17-38-26_40deb401b9ffe8e1df2f1cc5ba480b12.jpg,Recipes,C:\Users\Priyanka\OneDrive\Desktop\Smart_Screenshot_Search_Engine\Recipes\Screenshot_2026-08-13-14-17-38-26_40deb401b9ffe8e1df2f1cc5ba480b12.jpg
Screenshot_2026-08-13-14-17-48-21_40deb401b9ffe8e1df2f1cc5ba480b12.jpg,Recipes,C:\Users\Priyanka\OneDrive\Desktop\Smart_Screenshot_Search_Engine\Recipes\Screenshot_2026-08-13-14-17-48-21_40deb401b9ffe8e1df2f1cc5ba480b12.jpg
Screenshot_2026-08-13-14-18-02-65_40deb401b9ffe8e1df2f1cc5ba480b12.jpg,Recipes,C:\Users\Priyanka\OneDrive\Desktop\Smart_Screenshot_Search_Engine\Recipes\Screenshot_2026-08-13-14-18-02-65_40deb401b9ffe8e1df2f1cc5ba480b12.jpg
Screenshot_2026-08-13-14-19-17-42_40deb401b9ffe8e1df2f1cc5ba480b12.jpg,Recipes,C:\Users\Priyanka\OneDrive\Desktop\Smart_Screenshot_Search_Engine\Recipes\Screenshot_2026-08-13-14-19-17-42_40deb401b9ffe8e1df2f1cc5ba480b12.jpg
Screenshot_2026-08-13-14-19-47-37_40deb401b9ffe8e1df2f1cc5ba480b12.jpg,Recipes,C:\Users\Priyanka\OneDrive\Desktop\Smart_Screenshot_Search_Engine\Recipes\Screenshot_2026-08-13-14-19-47-37_40deb401b9ffe8e1df2f1cc5ba480b12.jpg
Screenshot_2026-08-13-14-19-59-37_40deb401b9ffe8e1df2f1cc5ba480b12.jpg,Recipes,C:\Users\Priyanka\OneDrive\Desktop\Smart_Screenshot_Search_Engine\Recipes\Screenshot_2026-08-13-14-19-59-37_40deb401b9ffe8e1df2f1cc5ba480b12.jpg
Screenshot_2026-08-13-14-20-32-13_40deb401b9ffe8e1df2f1cc5ba480b12.jpg,Recipes,C:\Users\Priyanka\OneDrive\Desktop\Smart_Screenshot_Search_Engine\Recipes\Screenshot_2026-08-13-14-20-32-13_40deb401b9ffe8e1df2f1cc5ba480b12.jpg
Screenshot_2026-08-13-14-25-55-01_40deb401b9ffe8e1df2f1cc5ba480b12.jpg,Recipes,C:\Users\Priyanka\OneDrive\Desktop\Smart_Screenshot_Search_Engine\Recipes\Screenshot_2026-08-13-14-25-55-01_40deb401b9ffe8e1df2f1cc5ba480b12.jpg
Screenshot_2026-08-13-14-26-02-98_40deb401b9ffe8e1df2f1cc5ba480b12.jpg,Recipes,C:\Users\Priyanka\OneDrive\Desktop\Smart_Screenshot_Search_Engine\Recipes\Screenshot_2026-08-13-14-26-02-98_40deb401b9ffe8e1df2f1cc5ba480b12.jpg
Screenshot_2026-08-13-14-26-17-19_40deb401b9ffe8e1df2f1cc5ba480b12.jpg,Recipes,C:\Users\Priyanka\OneDrive\Desktop\Smart_Screenshot_Search_Engine\Recipes\Screenshot_2026-08-13-14-26-17-19_40deb401b9ffe8e1df2f1cc5ba480b12.jpg
Screenshot_2026-08-13-14-26-55-43_40deb401b9ffe8e1df2f1cc5ba480b12.jpg,Recipes,C:\Users\Priyanka\OneDrive\Desktop\Smart_Screenshot_Search_Engine\Recipes\Screenshot_2026-08-13-14-26-55-43_40deb401b9ffe8e1df2f1cc5ba480b12.jpg
Screenshot_2026-08-13-14-27-38-05_40deb401b9ffe8e1df2f1cc5ba480b12.jpg,Recipes,C:\Users\Priyanka\OneDrive\Desktop\Smart_Screenshot_Search_Engine\Recipes\Screenshot_2026-08-13-14-27-38-05_40deb401b9ffe8e1df2f1cc5ba480b12.jpg
Screenshot_2026-08-13-14-27-47-49_40deb401b9ffe8e1df2f1cc5ba480b12.jpg,Recipes,C:\Users\Priyanka\OneDrive\Desktop\Smart_Screenshot_Search_Engine\Recipes\Screenshot_2026-08-13-14-27-47-49_40deb401b9ffe8e1df2f1cc5ba480b12.jpg
Screenshot_2026-08-13-14-27-58-18_40deb401b9ffe8e1df2f1cc5ba480b12.jpg,Recipes,C:\Users\Priyanka\OneDrive\Desktop\Smart_Screenshot_Search_Engine\Recipes\Screenshot_2026-08-13-14-27-58-18_40deb401b9ffe8e1df2f1cc5ba480b12.jpg
Screenshot_2026-08-13-14-28-11-55_40deb401b9ffe8e1df2f1cc5ba480b12.jpg,Recipes,C:\Users\Priyanka\OneDrive\Desktop\Smart_Screenshot_Search_Engine\Recipes\Screenshot_2026-08-13-14-28-11-55_40deb401b9ffe8e1df2f1cc5ba480b12.jpg
Screenshot_2026-08-13-14-28-20-87_40deb401b9ffe8e1df2f1cc5ba480b12.jpg,Recipes,C:\Users\Priyanka\OneDrive\Desktop\Smart_Screenshot_Search_Engine\Recipes\Screenshot_2026-08-13-14-28-20-87_40deb401b9ffe8e1df2f1cc5ba480b12.jpg
Screenshot_2026-08-13-14-28-26-96_40deb401b9ffe8e1df2f1cc5ba480b12.jpg,Recipes,C:\Users\Priyanka\OneDrive\Desktop\Smart_Screenshot_Search_Engine\Recipes\Screenshot_2026-08-13-14-28-26-96_40deb401b9ffe8e1df2f1cc5ba480b12.jpg
Screenshot_2026-08-13-14-29-40-29_40deb401b9ffe8e1df2f1cc5ba480b12.jpg,Recipes,C:\Users\Priyanka\OneDrive\Desktop\Smart_Screenshot_Search_Engine\Recipes\Screenshot_2026-08-13-14-29-40-29_40deb401b9ffe8e1df2f1cc5ba480b12.jpg
Screenshot_2026-08-13-14-29-52-51_40deb401b9ffe8e1df2f1cc5ba480b12.jpg,Recipes,C:\Users\Priyanka\OneDrive\Desktop\Smart_Screenshot_Search_Engine\Recipes\Screenshot_2026-08-13-14-29-52-51_40deb401b9ffe8e1df2f1cc5ba480b12.jpg
Screenshot_2026-08-13-14-29-59-00_40deb401b9ffe8e1df2f1cc5ba480b12.jpg,Recipes,C:\Users\Priyanka\OneDrive\Desktop\Smart_Screenshot_Search_Engine\Recipes\Screenshot_2026-08-13-14-29-59-00_40deb401b9ffe8e1df2f1cc5ba480b12.jpg
Screenshot_2026-08-13-14-30-36-65_40deb401b9ffe8e1df2f1cc5ba480b12.jpg,Recipes,C:\Users\Priyanka\OneDrive\Desktop\Smart_Screenshot_Search_Engine\Recipes\Screenshot_2026-08-13-14-30-36-65_40deb401b9ffe8e1df2f1cc5ba480b12.jpg
Screenshot_2026-08-13-14-30-42-73_40deb401b9ffe8e1df2f1cc5ba480b12.jpg,Recipes,C:\Users\Priyanka\OneDrive\Desktop\Smart_Screenshot_Search_Engine\Recipes\Screenshot_2026-08-13-14-30-42-73_40deb401b9ffe8e1df2f1cc5ba480b12.jpg
Screenshot_2026-08-13-14-30-50-56_40deb401b9ffe8e1df2f1cc5ba480b12.jpg,Recipes,C:\Users\Priyanka\OneDrive\Desktop\Smart_Screenshot_Search_Engine\Recipes\Screenshot_2026-08-13-14-30-50-56_40deb401b9ffe8e1df2f1cc5ba480b12.jpg
Screenshot_2026-08-13-14-31-03-01_40deb401b9ffe8e1df2f1cc5ba480b12.jpg,Recipes,C:\Users\Priyanka\OneDrive\Desktop\Smart_Screenshot_Search_Engine\Recipes\Screenshot_2026-08-13-14-31-03-01_40deb401b9ffe8e1df2f1cc5ba480b12.jpg
Screenshot_2026-08-13-14-31-10-32_40deb401b9ffe8e1df2f1cc5ba480b12.jpg,Recipes,C:\Users\Priyanka\OneDrive\Desktop\Smart_Screenshot_Search_Engine\Recipes\Screenshot_2026-08-13-14-31-10-32_40deb401b9ffe8e1df2f1cc5ba480b12.jpg
Screenshot_2026-08-13-14-31-32-28_40deb401b9ffe8e1df2f1cc5ba480b12.jpg,Recipes,C:\Users\Priyanka\OneDrive\Desktop\Smart_Screenshot_Search_Engine\Recipes\Screenshot_2026-08-13-14-31-32-28_40deb401b9ffe8e1df2f1cc5ba480b12.jpg
Screenshot_2026-08-13-14-31-42-82_40deb401b9ffe8e1df2f1cc5ba480b12.jpg,Recipes,C:\Users\Priyanka\OneDrive\Desktop\Smart_Screenshot_Search_Engine\Recipes\Screenshot_2026-08-13-14-31-42-82_40deb401b9ffe8e1df2f1cc5ba480b12.jpg
Screenshot_2026-08-13-14-32-22-69_40deb401b9ffe8e1df2f1cc5ba480b12.jpg,Recipes,C:\Users\Priyanka\OneDrive\Desktop\Smart_Screenshot_Search_Engine\Recipes\Screenshot_2026-08-13-14-32-22-69_40deb401b9ffe8e1df2f1cc5ba480b12.jpg
Screenshot_2026-08-13-14-32-31-61_40deb401b9ffe8e1df2f1cc5ba480b12.jpg,Recipes,C:\Users\Priyanka\OneDrive\Desktop\Smart_Screenshot_Search_Engine\Recipes\Screenshot_2026-08-13-14-32-31-61_40deb401b9ffe8e1df2f1cc5ba480b12.jpg
Screenshot_2026-08-13-14-32-38-39_40deb401b9ffe8e1df2f1cc5ba480b12.jpg,Recipes,C:\Users\Priyanka\OneDrive\Desktop\Smart_Screenshot_Search_Engine\Recipes\Screenshot_2026-08-13-14-32-38-39_40deb401b9ffe8e1df2f1cc5ba480b12.jpg
Screenshot_2026-08-13-14-32-51-34_40deb401b9ffe8e1df2f1cc5ba480b12.jpg,Recipes,C:\Users\Priyanka\OneDrive\Desktop\Smart_Screenshot_Search_Engine\Recipes\Screenshot_2026-08-13-14-32-51-34_40deb401b9ffe8e1df2f1cc5ba480b12.jpg
Screenshot_2026-08-13-14-33-04-52_40deb401b9ffe8e1df2f1cc5ba480b12.jpg,Recipes,C:\Users\Priyanka\OneDrive\Desktop\Smart_Screenshot_Search_Engine\Recipes\Screenshot_2026-08-13-14-33-04-52_40deb401b9ffe8e1df2f1cc5ba480b12.jpg
Screenshot_2026-08-13-14-33-58-08_40deb401b9ffe8e1df2f1cc5ba480b12.jpg,Recipes,C:\Users\Priyanka\OneDrive\Desktop\Smart_Screenshot_Search_Engine\Recipes\Screenshot_2026-08-13-14-33-58-08_40deb401b9ffe8e1df2f1cc5ba480b12.jpg
Screenshot_2026-08-13-14-34-08-05_40deb401b9ffe8e1df2f1cc5ba480b12.jpg,Recipes,C:\Users\Priyanka\OneDrive\Desktop\Smart_Screenshot_Search_Engine\Recipes\Screenshot_2026-08-13-14-34-08-05_40deb401b9ffe8e1df2f1cc5ba480b12.jpg
Screenshot_2026-08-13-14-34-14-77_40deb401b9ffe8e1df2f1cc5ba480b12.jpg,Recipes,C:\Users\Priyanka\OneDrive\Desktop\Smart_Screenshot_Search_Engine\Recipes\Screenshot_2026-08-13-14-34-14-77_40deb401b9ffe8e1df2f1cc5ba480b12.jpg
Screenshot_2026-08-13-14-34-23-48_40deb401b9ffe8e1df2f1cc5ba480b12.jpg,Recipes,C:\Users\Priyanka\OneDrive\Desktop\Smart_Screenshot_Search_Engine\Recipes\Screenshot_2026-08-13-14-34-23-48_40deb401b9ffe8e1df2f1cc5ba480b12.jpg
Screenshot_2026-08-13-14-34-40-06_40deb401b9ffe8e1df2f1cc5ba480b12.jpg,Recipes,C:\Users\Priyanka\OneDrive\Desktop\Smart_Screenshot_Search_Engine\Recipes\Screenshot_2026-08-13-14-34-40-06_40deb401b9ffe8e1df2f1cc5ba480b12.jpg
Screenshot_2026-08-13-14-35-13-10_40deb401b9ffe8e1df2f1cc5ba480b12.jpg,Recipes,C:\Users\Priyanka\OneDrive\Desktop\Smart_Screenshot_Search_Engine\Recipes\Screenshot_2026-08-13-14-35-13-10_40deb401b9ffe8e1df2f1cc5ba480b12.jpg
Screenshot_2026-08-13-14-35-21-43_40deb401b9ffe8e1df2f1cc5ba480b12.jpg,Recipes,C:\Users\Priyanka\OneDrive\Desktop\Smart_Screenshot_Search_Engine\Recipes\Screenshot_2026-08-13-14-35-21-43_40deb401b9ffe8e1df2f1cc5ba480b12.jpg
Screenshot_2026-08-13-14-35-29-86_40deb401b9ffe8e1df2f1cc5ba480b12.jpg,Recipes,C:\Users\Priyanka\OneDrive\Desktop\Smart_Screenshot_Search_Engine\Recipes\Screenshot_2026-08-13-14-35-29-86_40deb401b9ffe8e1df2f1cc5ba480b12.jpg
Screenshot_2026-08-13-14-35-39-92_40deb401b9ffe8e1df2f1cc5ba480b12.jpg,Recipes,C:\Users\Priyanka\OneDrive\Desktop\Smart_Screenshot_Search_Engine\Recipes\Screenshot_2026-08-13-14-35-39-92_40deb401b9ffe8e1df2f1cc5ba480b12.jpg
Screenshot_2026-08-13-14-35-46-17_40deb401b9ffe8e1df2f1cc5ba480b12.jpg,Recipes,C:\Users\Priyanka\OneDrive\Desktop\Smart_Screenshot_Search_Engine\Recipes\Screenshot_2026-08-13-14-35-46-17_40deb401b9ffe8e1df2f1cc5ba480b12.jpg
Screenshot_2026-08-13-14-36-11-43_40deb401b9ffe8e1df2f1cc5ba480b12.jpg,Recipes,C:\Users\Priyanka\OneDrive\Desktop\Smart_Screenshot_Search_Engine\Recipes\Screenshot_2026-08-13-14-36-11-43_40deb401b9ffe8e1df2f1cc5ba480b12.jpg
Screenshot_2026-08-13-14-36-30-17_40deb401b9ffe8e1df2f1cc5ba480b12.jpg,Recipes,C:\Users\Priyanka\OneDrive\Desktop\Smart_Screenshot_Search_Engine\Recipes\Screenshot_2026-08-13-14-36-30-17_40deb401b9ffe8e1df2f1cc5ba480b12.jpg
Screenshot_2026-08-13-14-36-44-76_40deb401b9ffe8e1df2f1cc5ba480b12.jpg,Recipes,C:\Users\Priyanka\OneDrive\Desktop\Smart_Screenshot_Search_Engine\Recipes\Screenshot_2026-08-13-14-36-44-76_40deb401b9ffe8e1df2f1cc5ba480b12.jpg
Screenshot_2026-08-13-14-37-07-52_40deb401b9ffe8e1df2f1cc5ba480b12.jpg,Recipes,C:\Users\Priyanka\OneDrive\Desktop\Smart_Screenshot_Search_Engine\Recipes\Screenshot_2026-08-13-14-37-07-52_40deb401b9ffe8e1df2f1cc5ba480b12.jpg
Screenshot_2026-08-13-14-37-19-01_40deb401b9ffe8e1df2f1cc5ba480b12.jpg,Recipes,C:\Users\Priyanka\OneDrive\Desktop\Smart_Screenshot_Search_Engine\Recipes\Screenshot_2026-08-13-14-37-19-01_40deb401b9ffe8e1df2f1cc5ba480b12.jpg
Screenshot_2026-08-13-14-37-45-34_40deb401b9ffe8e1df2f1cc5ba480b12.jpg,Recipes,C:\Users\Priyanka\OneDrive\Desktop\Smart_Screenshot_Search_Engine\Recipes\Screenshot_2026-08-13-14-37-45-34_40deb401b9ffe8e1df2f1cc5ba480b12.jpg
Screenshot_2026-08-13-14-37-51-67_40deb401b9ffe8e1df2f1cc5ba480b12.jpg,Recipes,C:\Users\Priyanka\OneDrive\Desktop\Smart_Screenshot_Search_Engine\Recipes\Screenshot_2026-08-13-14-37-51-67_40deb401b9ffe8e1df2f1cc5ba480b12.jpg
Screenshot_2026-08-13-14-38-02-10_40deb401b9ffe8e1df2f1cc5ba480b12.jpg,Recipes,C:\Users\Priyanka\OneDrive\Desktop\Smart_Screenshot_Search_Engine\Recipes\Screenshot_2026-08-13-14-38-02-10_40deb401b9ffe8e1df2f1cc5ba480b12.jpg
Screenshot_2026-08-13-14-38-09-11_40deb401b9ffe8e1df2f1cc5ba480b12.jpg,Recipes,C:\Users\Priyanka\OneDrive\Desktop\Smart_Screenshot_Search_Engine\Recipes\Screenshot_2026-08-13-14-38-09-11_40deb401b9ffe8e1df2f1cc5ba480b12.jpg
Screenshot_2026-08-13-14-38-20-51_40deb401b9ffe8e1df2f1cc5ba480b12.jpg,Recipes,C:\Users\Priyanka\OneDrive\Desktop\Smart_Screenshot_Search_Engine\Recipes\Screenshot_2026-08-13-14-38-20-51_40deb401b9ffe8e1df2f1cc5ba480b12.jpg
Screenshot_2026-08-13-14-38-25-75_40deb401b9ffe8e1df2f1cc5ba480b12.jpg,Recipes,C:\Users\Priyanka\OneDrive\Desktop\Smart_Screenshot_Search_Engine\Recipes\Screenshot_2026-08-13-14-38-25-75_40deb401b9ffe8e1df2f1cc5ba480b12.jpg
Screenshot_2026-08-13-14-38-36-12_40deb401b9ffe8e1df2f1cc5ba480b12.jpg,Recipes,C:\Users\Priyanka\OneDrive\Desktop\Smart_Screenshot_Search_Engine\Recipes\Screenshot_2026-08-13-14-38-36-12_40deb401b9ffe8e1df2f1cc5ba480b12.jpg
Screenshot_2026-08-13-14-38-41-37_40deb401b9ffe8e1df2f1cc5ba480b12.jpg,Recipes,C:\Users\Priyanka\OneDrive\Desktop\Smart_Screenshot_Search_Engine\Recipes\Screenshot_2026-08-13-14-38-41-37_40deb401b9ffe8e1df2f1cc5ba480b12.jpg
Screenshot_2026-08-13-14-38-56-67_40deb401b9ffe8e1df2f1cc5ba480b12.jpg,Recipes,C:\Users\Priyanka\OneDrive\Desktop\Smart_Screenshot_Search_Engine\Recipes\Screenshot_2026-08-13-14-38-56-67_40deb401b9ffe8e1df2f1cc5ba480b12.jpg
Screenshot_2026-08-13-14-39-04-13_40deb401b9ffe8e1df2f1cc5ba480b12.jpg,Recipes,C:\Users\Priyanka\OneDrive\Desktop\Smart_Screenshot_Search_Engine\Recipes\Screenshot_2026-08-13-14-39-04-13_40deb401b9ffe8e1df2f1cc5ba480b12.jpg
Screenshot_2026-08-13-14-39-30-23_40deb401b9ffe8e1df2f1cc5ba480b12.jpg,Recipes,C:\Users\Priyanka\OneDrive\Desktop\Smart_Screenshot_Search_Engine\Recipes\Screenshot_2026-08-13-14-39-30-23_40deb401b9ffe8e1df2f1cc5ba480b12.jpg
Screenshot_2026-08-13-14-39-36-73_40deb401b9ffe8e1df2f1cc5ba480b12.jpg,Recipes,C:\Users\Priyanka\OneDrive\Desktop\Smart_Screenshot_Search_Engine\Recipes\Screenshot_2026-08-13-14-39-36-73_40deb401b9ffe8e1df2f1cc5ba480b12.jpg
Screenshot_2026-08-13-14-39-48-47_40deb401b9ffe8e1df2f1cc5ba480b12.jpg,Recipes,C:\Users\Priyanka\OneDrive\Desktop\Smart_Screenshot_Search_Engine\Recipes\Screenshot_2026-08-13-14-39-48-47_40deb401b9ffe8e1df2f1cc5ba480b12.jpg
Screenshot_2026-08-13-14-40-17-66_40deb401b9ffe8e1df2f1cc5ba480b12.jpg,Recipes,C:\Users\Priyanka\OneDrive\Desktop\Smart_Screenshot_Search_Engine\Recipes\Screenshot_2026-08-13-14-40-17-66_40deb401b9ffe8e1df2f1cc5ba480b12.jpg
Screenshot_2026-08-13-14-40-44-16_40deb401b9ffe8e1df2f1cc5ba480b12.jpg,Recipes,C:\Users\Priyanka\OneDrive\Desktop\Smart_Screenshot_Search_Engine\Recipes\Screenshot_2026-08-13-14-40-44-16_40deb401b9ffe8e1df2f1cc5ba480b12.jpg
Screenshot_2026-08-13-14-41-07-49_40deb401b9ffe8e1df2f1cc5ba480b12.jpg,Recipes,C:\Users\Priyanka\OneDrive\Desktop\Smart_Screenshot_Search_Engine\Recipes\Screenshot_2026-08-13-14-41-07-49_40deb401b9ffe8e1df2f1cc5ba480b12.jpg
Screenshot_2026-08-13-14-41-17-73_40deb401b9ffe8e1df2f1cc5ba480b12.jpg,Recipes,C:\Users\Priyanka\OneDrive\Desktop\Smart_Screenshot_Search_Engine\Recipes\Screenshot_2026-08-13-14-41-17-73_40deb401b9ffe8e1df2f1cc5ba480b12.jpg
Screenshot_2026-08-13-14-41-24-39_40deb401b9ffe8e1df2f1cc5ba480b12.jpg,Recipes,C:\Users\Priyanka\OneDrive\Desktop\Smart_Screenshot_Search_Engine\Recipes\Screenshot_2026-08-13-14-41-24-39_40deb401b9ffe8e1df2f1cc5ba480b12.jpg
Screenshot_2026-08-13-14-41-33-85_40deb401b9ffe8e1df2f1cc5ba480b12.jpg,Recipes,C:\Users\Priyanka\OneDrive\Desktop\Smart_Screenshot_Search_Engine\Recipes\Screenshot_2026-08-13-14-41-33-85_40deb401b9ffe8e1df2f1cc5ba480b12.jpg
Screenshot_2026-08-13-14-42-09-77_40deb401b9ffe8e1df2f1cc5ba480b12.jpg,Recipes,C:\Users\Priyanka\OneDrive\Desktop\Smart_Screenshot_Search_Engine\Recipes\Screenshot_2026-08-13-14-42-09-77_40deb401b9ffe8e1df2f1cc5ba480b12.jpg
Screenshot_2026-08-13-14-42-15-67_40deb401b9ffe8e1df2f1cc5ba480b12.jpg,Recipes,C:\Users\Priyanka\OneDrive\Desktop\Smart_Screenshot_Search_Engine\Recipes\Screenshot_2026-08-13-14-42-15-67_40deb401b9ffe8e1df2f1cc5ba480b12.jpg
Screenshot_2026-08-13-14-42-22-53_40deb401b9ffe8e1df2f1cc5ba480b12.jpg,Recipes,C:\Users\Priyanka\OneDrive\Desktop\Smart_Screenshot_Search_Engine\Recipes\Screenshot_2026-08-13-14-42-22-53_40deb401b9ffe8e1df2f1cc5ba480b12.jpg
Screenshot_2026-08-13-14-42-35-23_40deb401b9ffe8e1df2f1cc5ba480b12.jpg,Recipes,C:\Users\Priyanka\OneDrive\Desktop\Smart_Screenshot_Search_Engine\Recipes\Screenshot_2026-08-13-14-42-35-23_40deb401b9ffe8e1df2f1cc5ba480b12.jpg
Screenshot_2026-08-13-14-42-52-97_40deb401b9ffe8e1df2f1cc5ba480b12.jpg,Recipes,C:\Users\Priyanka\OneDrive\Desktop\Smart_Screenshot_Search_Engine\Recipes\Screenshot_2026-08-13-14-42-52-97_40deb401b9ffe8e1df2f1cc5ba480b12.jpg
Screenshot_2026-08-13-14-43-16-84_40deb401b9ffe8e1df2f1cc5ba480b12.jpg,Recipes,C:\Users\Priyanka\OneDrive\Desktop\Smart_Screenshot_Search_Engine\Recipes\Screenshot_2026-08-13-14-43-16-84_40deb401b9ffe8e1df2f1cc5ba480b12.jpg
Screenshot_2026-08-13-14-43-46-81_40deb401b9ffe8e1df2f1cc5ba480b12.jpg,Recipes,C:\Users\Priyanka\OneDrive\Desktop\Smart_Screenshot_Search_Engine\Recipes\Screenshot_2026-08-13-14-43-46-81_40deb401b9ffe8e1df2f1cc5ba480b12.jpg
Screenshot_2026-08-13-14-44-36-00_40deb401b9ffe8e1df2f1cc5ba480b12.jpg,Recipes,C:\Users\Priyanka\OneDrive\Desktop\Smart_Screenshot_Search_Engine\Recipes\Screenshot_2026-08-13-14-44-36-00_40deb401b9ffe8e1df2f1cc5ba480b12.jpg
Screenshot_2026-08-13-14-44-53-06_40deb401b9ffe8e1df2f1cc5ba480b12.jpg,Recipes,C:\Users\Priyanka\OneDrive\Desktop\Smart_Screenshot_Search_Engine\Recipes\Screenshot_2026-08-13-14-44-53-06_40deb401b9ffe8e1df2f1cc5ba480b12.jpg
Screenshot_2026-08-13-14-44-59-26_40deb401b9ffe8e1df2f1cc5ba480b12.jpg,Recipes,C:\Users\Priyanka\OneDrive\Desktop\Smart_Screenshot_Search_Engine\Recipes\Screenshot_2026-08-13-14-44-59-26_40deb401b9ffe8e1df2f1cc5ba480b12.jpg
Screenshot_2026-08-13-14-46-34-50_40deb401b9ffe8e1df2f1cc5ba480b12.jpg,Recipes,C:\Users\Priyanka\OneDrive\Desktop\Smart_Screenshot_Search_Engine\Recipes\Screenshot_2026-08-13-14-46-34-50_40deb401b9ffe8e1df2f1cc5ba480b12.jpg
Screenshot_2026-08-13-14-49-39-20_40deb401b9ffe8e1df2f1cc5ba480b12.jpg,Recipes,C:\Users\Priyanka\OneDrive\Desktop\Smart_Screenshot_Search_Engine\Recipes\Screenshot_2026-08-13-14-49-39-20_40deb401b9ffe8e1df2f1cc5ba480b12.jpg
Screenshot_2026-08-13-14-49-49-17_40deb401b9ffe8e1df2f1cc5ba480b12.jpg,Recipes,C:\Users\Priyanka\OneDrive\Desktop\Smart_Screenshot_Search_Engine\Recipes\Screenshot_2026-08-13-14-49-49-17_40deb401b9ffe8e1df2f1cc5ba480b12.jpg
Screenshot_2026-08-13-14-49-59-92_40deb401b9ffe8e1df2f1cc5ba480b12.jpg,Recipes,C:\Users\Priyanka\OneDrive\Desktop\Smart_Screenshot_Search_Engine\Recipes\Screenshot_2026-08-13-14-49-59-92_40deb401b9ffe8e1df2f1cc5ba480b12.jpg
Screenshot_2026-08-13-14-50-10-49_40deb401b9ffe8e1df2f1cc5ba480b12.jpg,Recipes,C:\Users\Priyanka\OneDrive\Desktop\Smart_Screenshot_Search_Engine\Recipes\Screenshot_2026-08-13-14-50-10-49_40deb401b9ffe8e1df2f1cc5ba480b12.jpg
Screenshot_2026-08-13-14-50-35-15_40deb401b9ffe8e1df2f1cc5ba480b12.jpg,Recipes,C:\Users\Priyanka\OneDrive\Desktop\Smart_Screenshot_Search_Engine\Recipes\Screenshot_2026-08-13-14-50-35-15_40deb401b9ffe8e1df2f1cc5ba480b12.jpg
Screenshot_2026-08-13-14-50-42-43_40deb401b9ffe8e1df2f1cc5ba480b12.jpg,Recipes,C:\Users\Priyanka\OneDrive\Desktop\Smart_Screenshot_Search_Engine\Recipes\Screenshot_2026-08-13-14-50-42-43_40deb401b9ffe8e1df2f1cc5ba480b12.jpg
Screenshot_2026-08-13-14-50-51-41_40deb401b9ffe8e1df2f1cc5ba480b12.jpg,Recipes,C:\Users\Priyanka\OneDrive\Desktop\Smart_Screenshot_Search_Engine\Recipes\Screenshot_2026-08-13-14-50-51-41_40deb401b9ffe8e1df2f1cc5ba480b12.jpg
Screenshot_2026-08-13-14-51-08-92_40deb401b9ffe8e1df2f1cc5ba480b12.jpg,Recipes,C:\Users\Priyanka\OneDrive\Desktop\Smart_Screenshot_Search_Engine\Recipes\Screenshot_2026-08-13-14-51-08-92_40deb401b9ffe8e1df2f1cc5ba480b12.jpg
Screenshot_2026-08-13-14-51-18-23_40deb401b9ffe8e1df2f1cc5ba480b12.jpg,Recipes,C:\Users\Priyanka\OneDrive\Desktop\Smart_Screenshot_Search_Engine\Recipes\Screenshot_2026-08-13-14-51-18-23_40deb401b9ffe8e1df2f1cc5ba480b12.jpg
Screenshot_2026-08-13-14-52-24-57_40deb401b9ffe8e1df2f1cc5ba480b12.jpg,Recipes,C:\Users\Priyanka\OneDrive\Desktop\Smart_Screenshot_Search_Engine\Recipes\Screenshot_2026-08-13-14-52-24-57_40deb401b9ffe8e1df2f1cc5ba480b12.jpg
Screenshot_2026-08-13-14-53-03-81_40deb401b9ffe8e1df2f1cc5ba480b12.jpg,Recipes,C:\Users\Priyanka\OneDrive\Desktop\Smart_Screenshot_Search_Engine\Recipes\Screenshot_2026-08-13-14-53-03-81_40deb401b9ffe8e1df2f1cc5ba480b12.jpg
Screenshot_2026-08-13-14-53-22-22_40deb401b9ffe8e1df2f1cc5ba480b12.jpg,Recipes,C:\Users\Priyanka\OneDrive\Desktop\Smart_Screenshot_Search_Engine\Recipes\Screenshot_2026-08-13-14-53-22-22_40deb401b9ffe8e1df2f1cc5ba480b12.jpg
Screenshot_2026-08-13-14-55-06-59_40deb401b9ffe8e1df2f1cc5ba480b12.jpg,Recipes,C:\Users\Priyanka\OneDrive\Desktop\Smart_Screenshot_Search_Engine\Recipes\Screenshot_2026-08-13-14-55-06-59_40deb401b9ffe8e1df2f1cc5ba480b12.jpg
Screenshot_2026-08-13-14-55-13-66_40deb401b9ffe8e1df2f1cc5ba480b12.jpg,Recipes,C:\Users\Priyanka\OneDrive\Desktop\Smart_Screenshot_Search_Engine\Recipes\Screenshot_2026-08-13-14-55-13-66_40deb401b9ffe8e1df2f1cc5ba480b12.jpg
Screenshot_2026-08-13-14-55-19-63_40deb401b9ffe8e1df2f1cc5ba480b12.jpg,Recipes,C:\Users\Priyanka\OneDrive\Desktop\Smart_Screenshot_Search_Engine\Recipes\Screenshot_2026-08-13-14-55-19-63_40deb401b9ffe8e1df2f1cc5ba480b12.jpg
Screenshot_2026-08-13-14-55-31-07_40deb401b9ffe8e1df2f1cc5ba480b12.jpg,Recipes,C:\Users\Priyanka\OneDrive\Desktop\Smart_Screenshot_Search_Engine\Recipes\Screenshot_2026-08-13-14-55-31-07_40deb401b9ffe8e1df2f1cc5ba480b12.jpg
Screenshot_2026-08-13-14-55-46-15_40deb401b9ffe8e1df2f1cc5ba480b12.jpg,Recipes,C:\Users\Priyanka\OneDrive\Desktop\Smart_Screenshot_Search_Engine\Recipes\Screenshot_2026-08-13-14-55-46-15_40deb401b9ffe8e1df2f1cc5ba480b12.jpg
Screenshot_2026-08-13-14-56-02-18_40deb401b9ffe8e1df2f1cc5ba480b12.jpg,Recipes,C:\Users\Priyanka\OneDrive\Desktop\Smart_Screenshot_Search_Engine\Recipes\Screenshot_2026-08-13-14-56-02-18_40deb401b9ffe8e1df2f1cc5ba480b12.jpg
Screenshot_2026-08-13-14-56-10-21_40deb401b9ffe8e1df2f1cc5ba480b12.jpg,Recipes,C:\Users\Priyanka\OneDrive\Desktop\Smart_Screenshot_Search_Engine\Recipes\Screenshot_2026-08-13-14-56-10-21_40deb401b9ffe8e1df2f1cc5ba480b12.jpg
Screenshot_2026-08-13-14-56-16-81_40deb401b9ffe8e1df2f1cc5ba480b12.jpg,Recipes,C:\Users\Priyanka\OneDrive\Desktop\Smart_Screenshot_Search_Engine\Recipes\Screenshot_2026-08-13-14-56-16-81_40deb401b9ffe8e1df2f1cc5ba480b12.jpg
Screenshot_2026-08-13-14-57-44-21_40deb401b9ffe8e1df2f1cc5ba480b12.jpg,Recipes,C:\Users\Priyanka\OneDrive\Desktop\Smart_Screenshot_Search_Engine\Recipes\Screenshot_2026-08-13-14-57-44-21_40deb401b9ffe8e1df2f1cc5ba480b12.jpg
Screenshot_2026-08-13-14-58-19-18_40deb401b9ffe8e1df2f1cc5ba480b12.jpg,Recipes,C:\Users\Priyanka\OneDrive\Desktop\Smart_Screenshot_Search_Engine\Recipes\Screenshot_2026-08-13-14-58-19-18_40deb401b9ffe8e1df2f1cc5ba480b12.jpg
Screenshot_2026-08-13-14-58-30-50_40deb401b9ffe8e1df2f1cc5ba480b12.jpg,Recipes,C:\Users\Priyanka\OneDrive\Desktop\Smart_Screenshot_Search_Engine\Recipes\Screenshot_2026-08-13-14-58-30-50_40deb401b9ffe8e1df2f1cc5ba480b12.jpg
Screenshot_2026-08-13-14-58-38-43_40deb401b9ffe8e1df2f1cc5ba480b12.jpg,Recipes,C:\Users\Priyanka\OneDrive\Desktop\Smart_Screenshot_Search_Engine\Recipes\Screenshot_2026-08-13-14-58-38-43_40deb401b9ffe8e1df2f1cc5ba480b12.jpg
Screenshot_2026-08-13-14-59-10-31_40deb401b9ffe8e1df2f1cc5ba480b12.jpg,Recipes,C:\Users\Priyanka\OneDrive\Desktop\Smart_Screenshot_Search_Engine\Recipes\Screenshot_2026-08-13-14-59-10-31_40deb401b9ffe8e1df2f1cc5ba480b12.jpg
Screenshot_2026-08-13-14-59-23-07_40deb401b9ffe8e1df2f1cc5ba480b12.jpg,Recipes,C:\Users\Priyanka\OneDrive\Desktop\Smart_Screenshot_Search_Engine\Recipes\Screenshot_2026-08-13-14-59-23-07_40deb401b9ffe8e1df2f1cc5ba480b12.jpg
Screenshot_2026-08-13-14-59-31-55_40deb401b9ffe8e1df2f1cc5ba480b12.jpg,Recipes,C:\Users\Priyanka\OneDrive\Desktop\Smart_Screenshot_Search_Engine\Recipes\Screenshot_2026-08-13-14-59-31-55_40deb401b9ffe8e1df2f1cc5ba480b12.jpg
Screenshot_2026-08-13-14-59-40-41_40deb401b9ffe8e1df2f1cc5ba480b12.jpg,Recipes,C:\Users\Priyanka\OneDrive\Desktop\Smart_Screenshot_Search_Engine\Recipes\Screenshot_2026-08-13-14-59-40-41_40deb401b9ffe8e1df2f1cc5ba480b12.jpg
Screenshot_2026-08-13-14-59-56-07_40deb401b9ffe8e1df2f1cc5ba480b12.jpg,Recipes,C:\Users\Priyanka\OneDrive\Desktop\Smart_Screenshot_Search_Engine\Recipes\Screenshot_2026-08-13-14-59-56-07_40deb401b9ffe8e1df2f1cc5ba480b12.jpg
Screenshot_2026-08-13-15-00-13-76_40deb401b9ffe8e1df2f1cc5ba480b12.jpg,Recipes,C:\Users\Priyanka\OneDrive\Desktop\Smart_Screenshot_Search_Engine\Recipes\Screenshot_2026-08-13-15-00-13-76_40deb401b9ffe8e1df2f1cc5ba480b12.jpg
Screenshot_2026-08-13-15-02-34-69_40deb401b9ffe8e1df2f1cc5ba480b12.jpg,Recipes,C:\Users\Priyanka\OneDrive\Desktop\Smart_Screenshot_Search_Engine\Recipes\Screenshot_2026-08-13-15-02-34-69_40deb401b9ffe8e1df2f1cc5ba480b12.jpg
Screenshot_2026-08-13-15-02-38-76_40deb401b9ffe8e1df2f1cc5ba480b12.jpg,Recipes,C:\Users\Priyanka\OneDrive\Desktop\Smart_Screenshot_Search_Engine\Recipes\Screenshot_2026-08-13-15-02-38-76_40deb401b9ffe8e1df2f1cc5ba480b12.jpg
Screenshot_2026-08-13-15-02-42-18_40deb401b9ffe8e1df2f1cc5ba480b12.jpg,Recipes,C:\Users\Priyanka\OneDrive\Desktop\Smart_Screenshot_Search_Engine\Recipes\Screenshot_2026-08-13-15-02-42-18_40deb401b9ffe8e1df2f1cc5ba480b12.jpg
Screenshot_2026-08-13-15-02-47-05_40deb401b9ffe8e1df2f1cc5ba480b12.jpg,Recipes,C:\Users\Priyanka\OneDrive\Desktop\Smart_Screenshot_Search_Engine\Recipes\Screenshot_2026-08-13-15-02-47-05_40deb401b9ffe8e1df2f1cc5ba480b12.jpg
Screenshot_2026-08-13-15-02-50-48_40deb401b9ffe8e1df2f1cc5ba480b12.jpg,Recipes,C:\Users\Priyanka\OneDrive\Desktop\Smart_Screenshot_Search_Engine\Recipes\Screenshot_2026-08-13-15-02-50-48_40deb401b9ffe8e1df2f1cc5ba480b12.jpg
Screenshot_2026-08-13-15-02-58-31_40deb401b9ffe8e1df2f1cc5ba480b12.jpg,Recipes,C:\Users\Priyanka\OneDrive\Desktop\Smart_Screenshot_Search_Engine\Recipes\Screenshot_2026-08-13-15-02-58-31_40deb401b9ffe8e1df2f1cc5ba480b12.jpg
Screenshot_2026-08-13-15-03-01-36_40deb401b9ffe8e1df2f1cc5ba480b12.jpg,Recipes,C:\Users\Priyanka\OneDrive\Desktop\Smart_Screenshot_Search_Engine\Recipes\Screenshot_2026-08-13-15-03-01-36_40deb401b9ffe8e1df2f1cc5ba480b12.jpg
Screenshot_2026-08-13-15-03-03-89_40deb401b9ffe8e1df2f1cc5ba480b12.jpg,Recipes,C:\Users\Priyanka\OneDrive\Desktop\Smart_Screenshot_Search_Engine\Recipes\Screenshot_2026-08-13-15-03-03-89_40deb401b9ffe8e1df2f1cc5ba480b12.jpg
Screenshot_2026-08-13-15-03-08-25_40deb401b9ffe8e1df2f1cc5ba480b12.jpg,Recipes,C:\Users\Priyanka\OneDrive\Desktop\Smart_Screenshot_Search_Engine\Recipes\Screenshot_2026-08-13-15-03-08-25_40deb401b9ffe8e1df2f1cc5ba480b12.jpg
Screenshot_2026-08-13-15-03-15-47_40deb401b9ffe8e1df2f1cc5ba480b12.jpg,Recipes,C:\Users\Priyanka\OneDrive\Desktop\Smart_Screenshot_Search_Engine\Recipes\Screenshot_2026-08-13-15-03-15-47_40deb401b9ffe8e1df2f1cc5ba480b12.jpg
Screenshot_2026-08-13-15-04-16-13_40deb401b9ffe8e1df2f1cc5ba480b12.jpg,Recipes,C:\Users\Priyanka\OneDrive\Desktop\Smart_Screenshot_Search_Engine\Recipes\Screenshot_2026-08-13-15-04-16-13_40deb401b9ffe8e1df2f1cc5ba480b12.jpg
Screenshot_2026-08-13-15-04-27-30_40deb401b9ffe8e1df2f1cc5ba480b12.jpg,Recipes,C:\Users\Priyanka\OneDrive\Desktop\Smart_Screenshot_Search_Engine\Recipes\Screenshot_2026-08-13-15-04-27-30_40deb401b9ffe8e1df2f1cc5ba480b12.jpg
Screenshot_2026-08-13-15-04-42-33_40deb401b9ffe8e1df2f1cc5ba480b12.jpg,Recipes,C:\Users\Priyanka\OneDrive\Desktop\Smart_Screenshot_Search_Engine\Recipes\Screenshot_2026-08-13-15-04-42-33_40deb401b9ffe8e1df2f1cc5ba480b12.jpg
Screenshot_2026-08-13-15-04-57-87_40deb401b9ffe8e1df2f1cc5ba480b12.jpg,Recipes,C:\Users\Priyanka\OneDrive\Desktop\Smart_Screenshot_Search_Engine\Recipes\Screenshot_2026-08-13-15-04-57-87_40deb401b9ffe8e1df2f1cc5ba480b12.jpg
Screenshot_2026-08-13-15-05-17-14_40deb401b9ffe8e1df2f1cc5ba480b12.jpg,Recipes,C:\Users\Priyanka\OneDrive\Desktop\Smart_Screenshot_Search_Engine\Recipes\Screenshot_2026-08-13-15-05-17-14_40deb401b9ffe8e1df2f1cc5ba480b12.jpg
Screenshot_2026-08-13-15-05-24-63_40deb401b9ffe8e1df2f1cc5ba480b12.jpg,Recipes,C:\Users\Priyanka\OneDrive\Desktop\Smart_Screenshot_Search_Engine\Recipes\Screenshot_2026-08-13-15-05-24-63_40deb401b9ffe8e1df2f1cc5ba480b12.jpg
Screenshot_2026-08-13-15-05-31-94_40deb401b9ffe8e1df2f1cc5ba480b12.jpg,Recipes,C:\Users\Priyanka\OneDrive\Desktop\Smart_Screenshot_Search_Engine\Recipes\Screenshot_2026-08-13-15-05-31-94_40deb401b9ffe8e1df2f1cc5ba480b12.jpg
Screenshot_2026-08-13-15-06-23-65_40deb401b9ffe8e1df2f1cc5ba480b12.jpg,Recipes,C:\Users\Priyanka\OneDrive\Desktop\Smart_Screenshot_Search_Engine\Recipes\Screenshot_2026-08-13-15-06-23-65_40deb401b9ffe8e1df2f1cc5ba480b12.jpg
Screenshot_2026-08-13-15-06-31-53_40deb401b9ffe8e1df2f1cc5ba480b12.jpg,Recipes,C:\Users\Priyanka\OneDrive\Desktop\Smart_Screenshot_Search_Engine\Recipes\Screenshot_2026-08-13-15-06-31-53_40deb401b9ffe8e1df2f1cc5ba480b12.jpg
Screenshot_2026-08-13-15-06-41-11_40deb401b9ffe8e1df2f1cc5ba480b12.jpg,Recipes,C:\Users\Priyanka\OneDrive\Desktop\Smart_Screenshot_Search_Engine\Recipes\Screenshot_2026-08-13-15-06-41-11_40deb401b9ffe8e1df2f1cc5ba480b12.jpg
Screenshot_2026-08-13-15-09-23-41_40deb401b9ffe8e1df2f1cc5ba480b12.jpg,Recipes,C:\Users\Priyanka\OneDrive\Desktop\Smart_Screenshot_Search_Engine\Recipes\Screenshot_2026-08-13-15-09-23-41_40deb401b9ffe8e1df2f1cc5ba480b12.jpg
Screenshot_2026-08-13-15-09-40-10_40deb401b9ffe8e1df2f1cc5ba480b12.jpg,Recipes,C:\Users\Priyanka\OneDrive\Desktop\Smart_Screenshot_Search_Engine\Recipes\Screenshot_2026-08-13-15-09-40-10_40deb401b9ffe8e1df2f1cc5ba480b12.jpg
Screenshot_2026-08-13-15-10-16-00_40deb401b9ffe8e1df2f1cc5ba480b12.jpg,Recipes,C:\Users\Priyanka\OneDrive\Desktop\Smart_Screenshot_Search_Engine\Recipes\Screenshot_2026-08-13-15-10-16-00_40deb401b9ffe8e1df2f1cc5ba480b12.jpg
Screenshot_2026-08-13-15-10-31-30_40deb401b9ffe8e1df2f1cc5ba480b12.jpg,Recipes,C:\Users\Priyanka\OneDrive\Desktop\Smart_Screenshot_Search_Engine\Recipes\Screenshot_2026-08-13-15-10-31-30_40deb401b9ffe8e1df2f1cc5ba480b12.jpg
Screenshot_2026-08-13-15-10-54-81_40deb401b9ffe8e1df2f1cc5ba480b12.jpg,Recipes,C:\Users\Priyanka\OneDrive\Desktop\Smart_Screenshot_Search_Engine\Recipes\Screenshot_2026-08-13-15-10-54-81_40deb401b9ffe8e1df2f1cc5ba480b12.jpg
Screenshot_2026-08-13-15-11-02-94_40deb401b9ffe8e1df2f1cc5ba480b12.jpg,Recipes,C:\Users\Priyanka\OneDrive\Desktop\Smart_Screenshot_Search_Engine\Recipes\Screenshot_2026-08-13-15-11-02-94_40deb401b9ffe8e1df2f1cc5ba480b12.jpg
Screenshot_2026-08-13-15-12-25-69_40deb401b9ffe8e1df2f1cc5ba480b12.jpg,Recipes,C:\Users\Priyanka\OneDrive\Desktop\Smart_Screenshot_Search_Engine\Recipes\Screenshot_2026-08-13-15-12-25-69_40deb401b9ffe8e1df2f1cc5ba480b12.jpg
Screenshot_2026-08-13-15-12-44-38_40deb401b9ffe8e1df2f1cc5ba480b12.jpg,Recipes,C:\Users\Priyanka\OneDrive\Desktop\Smart_Screenshot_Search_Engine\Recipes\Screenshot_2026-08-13-15-12-44-38_40deb401b9ffe8e1df2f1cc5ba480b12.jpg
Screenshot_2026-08-13-15-13-06-67_40deb401b9ffe8e1df2f1cc5ba480b12.jpg,Recipes,C:\Users\Priyanka\OneDrive\Desktop\Smart_Screenshot_Search_Engine\Recipes\Screenshot_2026-08-13-15-13-06-67_40deb401b9ffe8e1df2f1cc5ba480b12.jpg
Screenshot_2026-08-13-15-14-35-83_40deb401b9ffe8e1df2f1cc5ba480b12.jpg,Recipes,C:\Users\Priyanka\OneDrive\Desktop\Smart_Screenshot_Search_Engine\Recipes\Screenshot_2026-08-13-15-14-35-83_40deb401b9ffe8e1df2f1cc5ba480b12.jpg
Screenshot_2026-08-13-15-17-12-40_40deb401b9ffe8e1df2f1cc5ba480b12.jpg,Recipes,C:\Users\Priyanka\OneDrive\Desktop\Smart_Screenshot_Search_Engine\Recipes\Screenshot_2026-08-13-15-17-12-40_40deb401b9ffe8e1df2f1cc5ba480b12.jpg
Screenshot_2026-08-13-15-17-15-76_40deb401b9ffe8e1df2f1cc5ba480b12.jpg,Recipes,C:\Users\Priyanka\OneDrive\Desktop\Smart_Screenshot_Search_Engine\Recipes\Screenshot_2026-08-13-15-17-15-76_40deb401b9ffe8e1df2f1cc5ba480b12.jpg
Screenshot_2026-08-13-15-17-19-09_40deb401b9ffe8e1df2f1cc5ba480b12.jpg,Recipes,C:\Users\Priyanka\OneDrive\Desktop\Smart_Screenshot_Search_Engine\Recipes\Screenshot_2026-08-13-15-17-19-09_40deb401b9ffe8e1df2f1cc5ba480b12.jpg
Screenshot_2026-08-13-15-17-22-30_40deb401b9ffe8e1df2f1cc5ba480b12.jpg,Recipes,C:\Users\Priyanka\OneDrive\Desktop\Smart_Screenshot_Search_Engine\Recipes\Screenshot_2026-08-13-15-17-22-30_40deb401b9ffe8e1df2f1cc5ba480b12.jpg
Screenshot_2026-08-13-15-17-25-29_40deb401b9ffe8e1df2f1cc5ba480b12.jpg,Recipes,C:\Users\Priyanka\OneDrive\Desktop\Smart_Screenshot_Search_Engine\Recipes\Screenshot_2026-08-13-15-17-25-29_40deb401b9ffe8e1df2f1cc5ba480b12.jpg
Screenshot_2026-08-13-15-17-28-34_40deb401b9ffe8e1df2f1cc5ba480b12.jpg,Recipes,C:\Users\Priyanka\OneDrive\Desktop\Smart_Screenshot_Search_Engine\Recipes\Screenshot_2026-08-13-15-17-28-34_40deb401b9ffe8e1df2f1cc5ba480b12.jpg
Screenshot_2026-08-13-15-17-30-99_40deb401b9ffe8e1df2f1cc5ba480b12.jpg,Recipes,C:\Users\Priyanka\OneDrive\Desktop\Smart_Screenshot_Search_Engine\Recipes\Screenshot_2026-08-13-15-17-30-99_40deb401b9ffe8e1df2f1cc5ba480b12.jpg
Screenshot_2026-08-13-15-17-34-83_40deb401b9ffe8e1df2f1cc5ba480b12.jpg,Recipes,C:\Users\Priyanka\OneDrive\Desktop\Smart_Screenshot_Search_Engine\Recipes\Screenshot_2026-08-13-15-17-34-83_40deb401b9ffe8e1df2f1cc5ba480b12.jpg
Screenshot_2026-08-13-15-17-37-73_40deb401b9ffe8e1df2f1cc5ba480b12.jpg,Recipes,C:\Users\Priyanka\OneDrive\Desktop\Smart_Screenshot_Search_Engine\Recipes\Screenshot_2026-08-13-15-17-37-73_40deb401b9ffe8e1df2f1cc5ba480b12.jpg
Screenshot_2026-08-13-15-17-41-80_40deb401b9ffe8e1df2f1cc5ba480b12.jpg,Recipes,C:\Users\Priyanka\OneDrive\Desktop\Smart_Screenshot_Search_Engine\Recipes\Screenshot_2026-08-13-15-17-41-80_40deb401b9ffe8e1df2f1cc5ba480b12.jpg
Screenshot_2026-08-13-15-17-59-54_40deb401b9ffe8e1df2f1cc5ba480b12.jpg,Recipes,C:\Users\Priyanka\OneDrive\Desktop\Smart_Screenshot_Search_Engine\Recipes\Screenshot_2026-08-13-15-17-59-54_40deb401b9ffe8e1df2f1cc5ba480b12.jpg
Screenshot_2026-08-13-15-18-02-93_40deb401b9ffe8e1df2f1cc5ba480b12.jpg,Recipes,C:\Users\Priyanka\OneDrive\Desktop\Smart_Screenshot_Search_Engine\Recipes\Screenshot_2026-08-13-15-18-02-93_40deb401b9ffe8e1df2f1cc5ba480b12.jpg
Screenshot_2026-08-13-15-18-18-22_40deb401b9ffe8e1df2f1cc5ba480b12.jpg,Recipes,C:\Users\Priyanka\OneDrive\Desktop\Smart_Screenshot_Search_Engine\Recipes\Screenshot_2026-08-13-15-18-18-22_40deb401b9ffe8e1df2f1cc5ba480b12.jpg
Screenshot_2026-08-13-15-18-21-24_40deb401b9ffe8e1df2f1cc5ba480b12.jpg,Recipes,C:\Users\Priyanka\OneDrive\Desktop\Smart_Screenshot_Search_Engine\Recipes\Screenshot_2026-08-13-15-18-21-24_40deb401b9ffe8e1df2f1cc5ba480b12.jpg
Screenshot_2026-08-13-15-18-24-37_40deb401b9ffe8e1df2f1cc5ba480b12.jpg,Recipes,C:\Users\Priyanka\OneDrive\Desktop\Smart_Screenshot_Search_Engine\Recipes\Screenshot_2026-08-13-15-18-24-37_40deb401b9ffe8e1df2f1cc5ba480b12.jpg
Screenshot_2026-08-13-15-18-27-54_40deb401b9ffe8e1df2f1cc5ba480b12.jpg,Recipes,C:\Users\Priyanka\OneDrive\Desktop\Smart_Screenshot_Search_Engine\Recipes\Screenshot_2026-08-13-15-18-27-54_40deb401b9ffe8e1df2f1cc5ba480b12.jpg
Screenshot_2026-08-13-15-18-32-30_40deb401b9ffe8e1df2f1cc5ba480b12.jpg,Recipes,C:\Users\Priyanka\OneDrive\Desktop\Smart_Screenshot_Search_Engine\Recipes\Screenshot_2026-08-13-15-18-32-30_40deb401b9ffe8e1df2f1cc5ba480b12.jpg
Screenshot_2026-08-13-15-18-36-31_40deb401b9ffe8e1df2f1cc5ba480b12.jpg,Recipes,C:\Users\Priyanka\OneDrive\Desktop\Smart_Screenshot_Search_Engine\Recipes\Screenshot_2026-08-13-15-18-36-31_40deb401b9ffe8e1df2f1cc5ba480b12.jpg
Screenshot_2026-08-13-15-18-39-49_40deb401b9ffe8e1df2f1cc5ba480b12.jpg,Recipes,C:\Users\Priyanka\OneDrive\Desktop\Smart_Screenshot_Search_Engine\Recipes\Screenshot_2026-08-13-15-18-39-49_40deb401b9ffe8e1df2f1cc5ba480b12.jpg
Screenshot_2026-08-13-15-18-43-94_40deb401b9ffe8e1df2f1cc5ba480b12.jpg,Recipes,C:\Users\Priyanka\OneDrive\Desktop\Smart_Screenshot_Search_Engine\Recipes\Screenshot_2026-08-13-15-18-43-94_40deb401b9ffe8e1df2f1cc5ba480b12.jpg
Screenshot_2026-08-13-15-19-11-41_40deb401b9ffe8e1df2f1cc5ba480b12.jpg,Recipes,C:\Users\Priyanka\OneDrive\Desktop\Smart_Screenshot_Search_Engine\Recipes\Screenshot_2026-08-13-15-19-11-41_40deb401b9ffe8e1df2f1cc5ba480b12.jpg
Screenshot_2026-08-13-15-19-21-25_40deb401b9ffe8e1df2f1cc5ba480b12.jpg,Recipes,C:\Users\Priyanka\OneDrive\Desktop\Smart_Screenshot_Search_Engine\Recipes\Screenshot_2026-08-13-15-19-21-25_40deb401b9ffe8e1df2f1cc5ba480b12.jpg
Screenshot_2026-08-13-15-19-24-60_40deb401b9ffe8e1df2f1cc5ba480b12.jpg,Recipes,C:\Users\Priyanka\OneDrive\Desktop\Smart_Screenshot_Search_Engine\Recipes\Screenshot_2026-08-13-15-19-24-60_40deb401b9ffe8e1df2f1cc5ba480b12.jpg
Screenshot_2026-08-13-15-19-28-17_40deb401b9ffe8e1df2f1cc5ba480b12.jpg,Recipes,C:\Users\Priyanka\OneDrive\Desktop\Smart_Screenshot_Search_Engine\Recipes\Screenshot_2026-08-13-15-19-28-17_40deb401b9ffe8e1df2f1cc5ba480b12.jpg
Screenshot_2026-08-13-15-19-33-40_40deb401b9ffe8e1df2f1cc5ba480b12.jpg,Recipes,C:\Users\Priyanka\OneDrive\Desktop\Smart_Screenshot_Search_Engine\Recipes\Screenshot_2026-08-13-15-19-33-40_40deb401b9ffe8e1df2f1cc5ba480b12.jpg
Screenshot_2026-08-13-15-19-36-45_40deb401b9ffe8e1df2f1cc5ba480b12.jpg,Recipes,C:\Users\Priyanka\OneDrive\Desktop\Smart_Screenshot_Search_Engine\Recipes\Screenshot_2026-08-13-15-19-36-45_40deb401b9ffe8e1df2f1cc5ba480b12.jpg
Screenshot_2026-08-13-15-19-39-27_40deb401b9ffe8e1df2f1cc5ba480b12.jpg,Recipes,C:\Users\Priyanka\OneDrive\Desktop\Smart_Screenshot_Search_Engine\Recipes\Screenshot_2026-08-13-15-19-39-27_40deb401b9ffe8e1df2f1cc5ba480b12.jpg
Screenshot_2026-08-13-15-19-45-91_40deb401b9ffe8e1df2f1cc5ba480b12.jpg,Recipes,C:\Users\Priyanka\OneDrive\Desktop\Smart_Screenshot_Search_Engine\Recipes\Screenshot_2026-08-13-15-19-45-91_40deb401b9ffe8e1df2f1cc5ba480b12.jpg
Screenshot_2026-08-13-15-19-49-49_40deb401b9ffe8e1df2f1cc5ba480b12.jpg,Recipes,C:\Users\Priyanka\OneDrive\Desktop\Smart_Screenshot_Search_Engine\Recipes\Screenshot_2026-08-13-15-19-49-49_40deb401b9ffe8e1df2f1cc5ba480b12.jpg
Screenshot_2026-08-13-15-19-52-38_40deb401b9ffe8e1df2f1cc5ba480b12.jpg,Recipes,C:\Users\Priyanka\OneDrive\Desktop\Smart_Screenshot_Search_Engine\Recipes\Screenshot_2026-08-13-15-19-52-38_40deb401b9ffe8e1df2f1cc5ba480b12.jpg
Screenshot_2026-08-13-15-20-44-35_40deb401b9ffe8e1df2f1cc5ba480b12.jpg,Recipes,C:\Users\Priyanka\OneDrive\Desktop\Smart_Screenshot_Search_Engine\Recipes\Screenshot_2026-08-13-15-20-44-35_40deb401b9ffe8e1df2f1cc5ba480b12.jpg
Screenshot_2026-08-13-15-20-48-48_40deb401b9ffe8e1df2f1cc5ba480b12.jpg,Recipes,C:\Users\Priyanka\OneDrive\Desktop\Smart_Screenshot_Search_Engine\Recipes\Screenshot_2026-08-13-15-20-48-48_40deb401b9ffe8e1df2f1cc5ba480b12.jpg
Screenshot_2026-08-13-15-20-51-14_40deb401b9ffe8e1df2f1cc5ba480b12.jpg,Recipes,C:\Users\Priyanka\OneDrive\Desktop\Smart_Screenshot_Search_Engine\Recipes\Screenshot_2026-08-13-15-20-51-14_40deb401b9ffe8e1df2f1cc5ba480b12.jpg
Screenshot_2026-08-13-15-20-54-89_40deb401b9ffe8e1df2f1cc5ba480b12.jpg,Recipes,C:\Users\Priyanka\OneDrive\Desktop\Smart_Screenshot_Search_Engine\Recipes\Screenshot_2026-08-13-15-20-54-89_40deb401b9ffe8e1df2f1cc5ba480b12.jpg
Screenshot_2026-08-13-15-20-57-96_40deb401b9ffe8e1df2f1cc5ba480b12.jpg,Recipes,C:\Users\Priyanka\OneDrive\Desktop\Smart_Screenshot_Search_Engine\Recipes\Screenshot_2026-08-13-15-20-57-96_40deb401b9ffe8e1df2f1cc5ba480b12.jpg
Screenshot_2026-08-13-15-21-00-32_40deb401b9ffe8e1df2f1cc5ba480b12.jpg,Recipes,C:\Users\Priyanka\OneDrive\Desktop\Smart_Screenshot_Search_Engine\Recipes\Screenshot_2026-08-13-15-21-00-32_40deb401b9ffe8e1df2f1cc5ba480b12.jpg
Screenshot_2026-08-13-15-21-03-90_40deb401b9ffe8e1df2f1cc5ba480b12.jpg,Recipes,C:\Users\Priyanka\OneDrive\Desktop\Smart_Screenshot_Search_Engine\Recipes\Screenshot_2026-08-13-15-21-03-90_40deb401b9ffe8e1df2f1cc5ba480b12.jpg
Screenshot_2026-08-13-15-21-06-35_40deb401b9ffe8e1df2f1cc5ba480b12.jpg,Recipes,C:\Users\Priyanka\OneDrive\Desktop\Smart_Screenshot_Search_Engine\Recipes\Screenshot_2026-08-13-15-21-06-35_40deb401b9ffe8e1df2f1cc5ba480b12.jpg
Screenshot_2026-08-13-15-21-23-99_40deb401b9ffe8e1df2f1cc5ba480b12.jpg,Recipes,C:\Users\Priyanka\OneDrive\Desktop\Smart_Screenshot_Search_Engine\Recipes\Screenshot_2026-08-13-15-21-23-99_40deb401b9ffe8e1df2f1cc5ba480b12.jpg
Screenshot_2026-08-13-15-21-26-60_40deb401b9ffe8e1df2f1cc5ba480b12.jpg,Recipes,C:\Users\Priyanka\OneDrive\Desktop\Smart_Screenshot_Search_Engine\Recipes\Screenshot_2026-08-13-15-21-26-60_40deb401b9ffe8e1df2f1cc5ba480b12.jpg
Screenshot_2026-08-13-15-21-55-86_40deb401b9ffe8e1df2f1cc5ba480b12.jpg,Recipes,C:\Users\Priyanka\OneDrive\Desktop\Smart_Screenshot_Search_Engine\Recipes\Screenshot_2026-08-13-15-21-55-86_40deb401b9ffe8e1df2f1cc5ba480b12.jpg
Screenshot_2026-08-13-15-21-59-58_40deb401b9ffe8e1df2f1cc5ba480b12.jpg,Recipes,C:\Users\Priyanka\OneDrive\Desktop\Smart_Screenshot_Search_Engine\Recipes\Screenshot_2026-08-13-15-21-59-58_40deb401b9ffe8e1df2f1cc5ba480b12.jpg
Screenshot_2026-08-13-15-22-04-51_40deb401b9ffe8e1df2f1cc5ba480b12.jpg,Recipes,C:\Users\Priyanka\OneDrive\Desktop\Smart_Screenshot_Search_Engine\Recipes\Screenshot_2026-08-13-15-22-04-51_40deb401b9ffe8e1df2f1cc5ba480b12.jpg
Screenshot_2026-08-13-15-22-08-60_40deb401b9ffe8e1df2f1cc5ba480b12.jpg,Recipes,C:\Users\Priyanka\OneDrive\Desktop\Smart_Screenshot_Search_Engine\Recipes\Screenshot_2026-08-13-15-22-08-60_40deb401b9ffe8e1df2f1cc5ba480b12.jpg
Screenshot_2026-08-13-15-22-12-46_40deb401b9ffe8e1df2f1cc5ba480b12.jpg,Recipes,C:\Users\Priyanka\OneDrive\Desktop\Smart_Screenshot_Search_Engine\Recipes\Screenshot_2026-08-13-15-22-12-46_40deb401b9ffe8e1df2f1cc5ba480b12.jpg
Screenshot_2026-08-13-15-22-16-24_40deb401b9ffe8e1df2f1cc5ba480b12.jpg,Recipes,C:\Users\Priyanka\OneDrive\Desktop\Smart_Screenshot_Search_Engine\Recipes\Screenshot_2026-08-13-15-22-16-24_40deb401b9ffe8e1df2f1cc5ba480b12.jpg
Screenshot_2026-08-13-15-22-19-16_40deb401b9ffe8e1df2f1cc5ba480b12.jpg,Recipes,C:\Users\Priyanka\OneDrive\Desktop\Smart_Screenshot_Search_Engine\Recipes\Screenshot_2026-08-13-15-22-19-16_40deb401b9ffe8e1df2f1cc5ba480b12.jpg
Screenshot_2026-08-13-15-22-21-93_40deb401b9ffe8e1df2f1cc5ba480b12.jpg,Recipes,C:\Users\Priyanka\OneDrive\Desktop\Smart_Screenshot_Search_Engine\Recipes\Screenshot_2026-08-13-15-22-21-93_40deb401b9ffe8e1df2f1cc5ba480b12.jpg
Screenshot_2026-08-13-15-22-24-34_40deb401b9ffe8e1df2f1cc5ba480b12.jpg,Recipes,C:\Users\Priyanka\OneDrive\Desktop\Smart_Screenshot_Search_Engine\Recipes\Screenshot_2026-08-13-15-22-24-34_40deb401b9ffe8e1df2f1cc5ba480b12.jpg
Screenshot_2026-08-13-15-22-28-19_40deb401b9ffe8e1df2f1cc5ba480b12.jpg,Recipes,C:\Users\Priyanka\OneDrive\Desktop\Smart_Screenshot_Search_Engine\Recipes\Screenshot_2026-08-13-15-22-28-19_40deb401b9ffe8e1df2f1cc5ba480b12.jpg
Screenshot_2026-08-13-15-22-50-57_40deb401b9ffe8e1df2f1cc5ba480b12.jpg,Recipes,C:\Users\Priyanka\OneDrive\Desktop\Smart_Screenshot_Search_Engine\Recipes\Screenshot_2026-08-13-15-22-50-57_40deb401b9ffe8e1df2f1cc5ba480b12.jpg
Screenshot_2026-08-13-15-22-53-51_40deb401b9ffe8e1df2f1cc5ba480b12.jpg,Recipes,C:\Users\Priyanka\OneDrive\Desktop\Smart_Screenshot_Search_Engine\Recipes\Screenshot_2026-08-13-15-22-53-51_40deb401b9ffe8e1df2f1cc5ba480b12.jpg
Screenshot_2026-08-13-15-22-55-81_40deb401b9ffe8e1df2f1cc5ba480b12.jpg,Recipes,C:\Users\Priyanka\OneDrive\Desktop\Smart_Screenshot_Search_Engine\Recipes\Screenshot_2026-08-13-15-22-55-81_40deb401b9ffe8e1df2f1cc5ba480b12.jpg
Screenshot_2026-08-13-15-22-58-77_40deb401b9ffe8e1df2f1cc5ba480b12.jpg,Recipes,C:\Users\Priyanka\OneDrive\Desktop\Smart_Screenshot_Search_Engine\Recipes\Screenshot_2026-08-13-15-22-58-77_40deb401b9ffe8e1df2f1cc5ba480b12.jpg
Screenshot_2026-08-13-15-23-02-26_40deb401b9ffe8e1df2f1cc5ba480b12.jpg,Recipes,C:\Users\Priyanka\OneDrive\Desktop\Smart_Screenshot_Search_Engine\Recipes\Screenshot_2026-08-13-15-23-02-26_40deb401b9ffe8e1df2f1cc5ba480b12.jpg
Screenshot_2026-08-13-15-23-04-69_40deb401b9ffe8e1df2f1cc5ba480b12.jpg,Recipes,C:\Users\Priyanka\OneDrive\Desktop\Smart_Screenshot_Search_Engine\Recipes\Screenshot_2026-08-13-15-23-04-69_40deb401b9ffe8e1df2f1cc5ba480b12.jpg
Screenshot_2026-08-13-15-23-08-04_40deb401b9ffe8e1df2f1cc5ba480b12.jpg,Recipes,C:\Users\Priyanka\OneDrive\Desktop\Smart_Screenshot_Search_Engine\Recipes\Screenshot_2026-08-13-15-23-08-04_40deb401b9ffe8e1df2f1cc5ba480b12.jpg
Screenshot_2026-08-13-15-23-15-29_40deb401b9ffe8e1df2f1cc5ba480b12.jpg,Recipes,C:\Users\Priyanka\OneDrive\Desktop\Smart_Screenshot_Search_Engine\Recipes\Screenshot_2026-08-13-15-23-15-29_40deb401b9ffe8e1df2f1cc5ba480b12.jpg
Screenshot_2026-08-13-15-23-22-54_40deb401b9ffe8e1df2f1cc5ba480b12.jpg,Recipes,C:\Users\Priyanka\OneDrive\Desktop\Smart_Screenshot_Search_Engine\Recipes\Screenshot_2026-08-13-15-23-22-54_40deb401b9ffe8e1df2f1cc5ba480b12.jpg
Screenshot_2026-08-13-15-23-26-10_40deb401b9ffe8e1df2f1cc5ba480b12.jpg,Recipes,C:\Users\Priyanka\OneDrive\Desktop\Smart_Screenshot_Search_Engine\Recipes\Screenshot_2026-08-13-15-23-26-10_40deb401b9ffe8e1df2f1cc5ba480b12.jpg
Screenshot_2026-08-13-15-23-57-48_40deb401b9ffe8e1df2f1cc5ba480b12.jpg,Recipes,C:\Users\Priyanka\OneDrive\Desktop\Smart_Screenshot_Search_Engine\Recipes\Screenshot_2026-08-13-15-23-57-48_40deb401b9ffe8e1df2f1cc5ba480b12.jpg
Screenshot_2026-08-13-15-24-01-42_40deb401b9ffe8e1df2f1cc5ba480b12.jpg,Recipes,C:\Users\Priyanka\OneDrive\Desktop\Smart_Screenshot_Search_Engine\Recipes\Screenshot_2026-08-13-15-24-01-42_40deb401b9ffe8e1df2f1cc5ba480b12.jpg
Screenshot_2026-08-13-15-24-05-81_40deb401b9ffe8e1df2f1cc5ba480b12.jpg,Recipes,C:\Users\Priyanka\OneDrive\Desktop\Smart_Screenshot_Search_Engine\Recipes\Screenshot_2026-08-13-15-24-05-81_40deb401b9ffe8e1df2f1cc5ba480b12.jpg
Screenshot_2026-08-13-15-26-08-47_40deb401b9ffe8e1df2f1cc5ba480b12.jpg,Recipes,C:\Users\Priyanka\OneDrive\Desktop\Smart_Screenshot_Search_Engine\Recipes\Screenshot_2026-08-13-15-26-08-47_40deb401b9ffe8e1df2f1cc5ba480b12.jpg
Screenshot_2026-08-13-15-26-12-45_40deb401b9ffe8e1df2f1cc5ba480b12.jpg,Recipes,C:\Users\Priyanka\OneDrive\Desktop\Smart_Screenshot_Search_Engine\Recipes\Screenshot_2026-08-13-15-26-12-45_40deb401b9ffe8e1df2f1cc5ba480b12.jpg
Screenshot_2026-08-13-15-26-19-57_40deb401b9ffe8e1df2f1cc5ba480b12.jpg,Recipes,C:\Users\Priyanka\OneDrive\Desktop\Smart_Screenshot_Search_Engine\Recipes\Screenshot_2026-08-13-15-26-19-57_40deb401b9ffe8e1df2f1cc5ba480b12.jpg
Screenshot_2026-08-13-15-26-28-38_40deb401b9ffe8e1df2f1cc5ba480b12.jpg,Recipes,C:\Users\Priyanka\OneDrive\Desktop\Smart_Screenshot_Search_Engine\Recipes\Screenshot_2026-08-13-15-26-28-38_40deb401b9ffe8e1df2f1cc5ba480b12.jpg
Screenshot_2026-08-13-15-26-51-73_40deb401b9ffe8e1df2f1cc5ba480b12.jpg,Recipes,C:\Users\Priyanka\OneDrive\Desktop\Smart_Screenshot_Search_Engine\Recipes\Screenshot_2026-08-13-15-26-51-73_40deb401b9ffe8e1df2f1cc5ba480b12.jpg
Screenshot_2026-08-13-15-30-24-36_40deb401b9ffe8e1df2f1cc5ba480b12.jpg,Recipes,C:\Users\Priyanka\OneDrive\Desktop\Smart_Screenshot_Search_Engine\Recipes\Screenshot_2026-08-13-15-30-24-36_40deb401b9ffe8e1df2f1cc5ba480b12.jpg
Screenshot_2026-08-13-15-30-28-54_40deb401b9ffe8e1df2f1cc5ba480b12.jpg,Recipes,C:\Users\Priyanka\OneDrive\Desktop\Smart_Screenshot_Search_Engine\Recipes\Screenshot_2026-08-13-15-30-28-54_40deb401b9ffe8e1df2f1cc5ba480b12.jpg
Screenshot_2026-08-13-15-30-32-17_40deb401b9ffe8e1df2f1cc5ba480b12.jpg,Recipes,C:\Users\Priyanka\OneDrive\Desktop\Smart_Screenshot_Search_Engine\Recipes\Screenshot_2026-08-13-15-30-32-17_40deb401b9ffe8e1df2f1cc5ba480b12.jpg
Screenshot_2026-08-13-15-31-03-19_40deb401b9ffe8e1df2f1cc5ba480b12.jpg,Recipes,C:\Users\Priyanka\OneDrive\Desktop\Smart_Screenshot_Search_Engine\Recipes\Screenshot_2026-08-13-15-31-03-19_40deb401b9ffe8e1df2f1cc5ba480b12.jpg
Screenshot_2026-08-13-15-31-07-45_40deb401b9ffe8e1df2f1cc5ba480b12.jpg,Recipes,C:\Users\Priyanka\OneDrive\Desktop\Smart_Screenshot_Search_Engine\Recipes\Screenshot_2026-08-13-15-31-07-45_40deb401b9ffe8e1df2f1cc5ba480b12.jpg
Screenshot_2026-08-13-15-31-11-01_40deb401b9ffe8e1df2f1cc5ba480b12.jpg,Recipes,C:\Users\Priyanka\OneDrive\Desktop\Smart_Screenshot_Search_Engine\Recipes\Screenshot_2026-08-13-15-31-11-01_40deb401b9ffe8e1df2f1cc5ba480b12.jpg
Screenshot_2026-08-13-15-31-14-62_40deb401b9ffe8e1df2f1cc5ba480b12.jpg,Recipes,C:\Users\Priyanka\OneDrive\Desktop\Smart_Screenshot_Search_Engine\Recipes\Screenshot_2026-08-13-15-31-14-62_40deb401b9ffe8e1df2f1cc5ba480b12.jpg
Screenshot_2026-08-13-15-31-33-38_40deb401b9ffe8e1df2f1cc5ba480b12.jpg,Recipes,C:\Users\Priyanka\OneDrive\Desktop\Smart_Screenshot_Search_Engine\Recipes\Screenshot_2026-08-13-15-31-33-38_40deb401b9ffe8e1df2f1cc5ba480b12.jpg
Screenshot_2026-08-13-15-31-37-01_40deb401b9ffe8e1df2f1cc5ba480b12.jpg,Recipes,C:\Users\Priyanka\OneDrive\Desktop\Smart_Screenshot_Search_Engine\Recipes\Screenshot_2026-08-13-15-31-37-01_40deb401b9ffe8e1df2f1cc5ba480b12.jpg
Screenshot_2026-08-13-15-31-43-16_40deb401b9ffe8e1df2f1cc5ba480b12.jpg,Recipes,C:\Users\Priyanka\OneDrive\Desktop\Smart_Screenshot_Search_Engine\Recipes\Screenshot_2026-08-13-15-31-43-16_40deb401b9ffe8e1df2f1cc5ba480b12.jpg
Screenshot_2026-08-13-15-32-59-63_40deb401b9ffe8e1df2f1cc5ba480b12.jpg,Recipes,C:\Users\Priyanka\OneDrive\Desktop\Smart_Screenshot_Search_Engine\Recipes\Screenshot_2026-08-13-15-32-59-63_40deb401b9ffe8e1df2f1cc5ba480b12.jpg
Screenshot_2026-08-13-15-33-09-00_40deb401b9ffe8e1df2f1cc5ba480b12.jpg,Recipes,C:\Users\Priyanka\OneDrive\Desktop\Smart_Screenshot_Search_Engine\Recipes\Screenshot_2026-08-13-15-33-09-00_40deb401b9ffe8e1df2f1cc5ba480b12.jpg
Screenshot_2026-08-13-15-33-14-67_40deb401b9ffe8e1df2f1cc5ba480b12.jpg,Recipes,C:\Users\Priyanka\OneDrive\Desktop\Smart_Screenshot_Search_Engine\Recipes\Screenshot_2026-08-13-15-33-14-67_40deb401b9ffe8e1df2f1cc5ba480b12.jpg
Screenshot_2026-08-13-15-33-17-57_40deb401b9ffe8e1df2f1cc5ba480b12.jpg,Recipes,C:\Users\Priyanka\OneDrive\Desktop\Smart_Screenshot_Search_Engine\Recipes\Screenshot_2026-08-13-15-33-17-57_40deb401b9ffe8e1df2f1cc5ba480b12.jpg
Screenshot_2026-08-13-15-33-20-93_40deb401b9ffe8e1df2f1cc5ba480b12.jpg,Recipes,C:\Users\Priyanka\OneDrive\Desktop\Smart_Screenshot_Search_Engine\Recipes\Screenshot_2026-08-13-15-33-20-93_40deb401b9ffe8e1df2f1cc5ba480b12.jpg
Screenshot_2026-08-13-15-33-24-01_40deb401b9ffe8e1df2f1cc5ba480b12.jpg,Recipes,C:\Users\Priyanka\OneDrive\Desktop\Smart_Screenshot_Search_Engine\Recipes\Screenshot_2026-08-13-15-33-24-01_40deb401b9ffe8e1df2f1cc5ba480b12.jpg
Screenshot_2026-08-13-15-33-27-23_40deb401b9ffe8e1df2f1cc5ba480b12.jpg,Recipes,C:\Users\Priyanka\OneDrive\Desktop\Smart_Screenshot_Search_Engine\Recipes\Screenshot_2026-08-13-15-33-27-23_40deb401b9ffe8e1df2f1cc5ba480b12.jpg
Screenshot_2026-08-13-15-33-30-39_40deb401b9ffe8e1df2f1cc5ba480b12.jpg,Recipes,C:\Users\Priyanka\OneDrive\Desktop\Smart_Screenshot_Search_Engine\Recipes\Screenshot_2026-08-13-15-33-30-39_40deb401b9ffe8e1df2f1cc5ba480b12.jpg
Screenshot_2026-08-13-15-33-33-53_40deb401b9ffe8e1df2f1cc5ba480b12.jpg,Recipes,C:\Users\Priyanka\OneDrive\Desktop\Smart_Screenshot_Search_Engine\Recipes\Screenshot_2026-08-13-15-33-33-53_40deb401b9ffe8e1df2f1cc5ba480b12.jpg
Screenshot_2026-08-13-15-33-37-96_40deb401b9ffe8e1df2f1cc5ba480b12.jpg,Recipes,C:\Users\Priyanka\OneDrive\Desktop\Smart_Screenshot_Search_Engine\Recipes\Screenshot_2026-08-13-15-33-37-96_40deb401b9ffe8e1df2f1cc5ba480b12.jpg
Screenshot_2026-08-13-15-35-01-28_40deb401b9ffe8e1df2f1cc5ba480b12.jpg,Recipes,C:\Users\Priyanka\OneDrive\Desktop\Smart_Screenshot_Search_Engine\Recipes\Screenshot_2026-08-13-15-35-01-28_40deb401b9ffe8e1df2f1cc5ba480b12.jpg
Screenshot_2026-08-13-15-35-06-27_40deb401b9ffe8e1df2f1cc5ba480b12.jpg,Recipes,C:\Users\Priyanka\OneDrive\Desktop\Smart_Screenshot_Search_Engine\Recipes\Screenshot_2026-08-13-15-35-06-27_40deb401b9ffe8e1df2f1cc5ba480b12.jpg
Screenshot_2026-08-13-15-35-20-98_40deb401b9ffe8e1df2f1cc5ba480b12.jpg,Recipes,C:\Users\Priyanka\OneDrive\Desktop\Smart_Screenshot_Search_Engine\Recipes\Screenshot_2026-08-13-15-35-20-98_40deb401b9ffe8e1df2f1cc5ba480b12.jpg
Screenshot_2026-08-13-15-35-26-19_40deb401b9ffe8e1df2f1cc5ba480b12.jpg,Recipes,C:\Users\Priyanka\OneDrive\Desktop\Smart_Screenshot_Search_Engine\Recipes\Screenshot_2026-08-13-15-35-26-19_40deb401b9ffe8e1df2f1cc5ba480b12.jpg
Screenshot_2026-08-13-15-35-30-18_40deb401b9ffe8e1df2f1cc5ba480b12.jpg,Recipes,C:\Users\Priyanka\OneDrive\Desktop\Smart_Screenshot_Search_Engine\Recipes\Screenshot_2026-08-13-15-35-30-18_40deb401b9ffe8e1df2f1cc5ba480b12.jpg
Screenshot_2026-08-13-15-35-39-06_40deb401b9ffe8e1df2f1cc5ba480b12.jpg,Recipes,C:\Users\Priyanka\OneDrive\Desktop\Smart_Screenshot_Search_Engine\Recipes\Screenshot_2026-08-13-15-35-39-06_40deb401b9ffe8e1df2f1cc5ba480b12.jpg
Screenshot_2026-08-13-15-36-33-00_40deb401b9ffe8e1df2f1cc5ba480b12.jpg,Recipes,C:\Users\Priyanka\OneDrive\Desktop\Smart_Screenshot_Search_Engine\Recipes\Screenshot_2026-08-13-15-36-33-00_40deb401b9ffe8e1df2f1cc5ba480b12.jpg
Screenshot_2026-08-13-15-36-36-27_40deb401b9ffe8e1df2f1cc5ba480b12.jpg,Recipes,C:\Users\Priyanka\OneDrive\Desktop\Smart_Screenshot_Search_Engine\Recipes\Screenshot_2026-08-13-15-36-36-27_40deb401b9ffe8e1df2f1cc5ba480b12.jpg
Screenshot_2026-08-13-15-36-44-06_40deb401b9ffe8e1df2f1cc5ba480b12.jpg,Recipes,C:\Users\Priyanka\OneDrive\Desktop\Smart_Screenshot_Search_Engine\Recipes\Screenshot_2026-08-13-15-36-44-06_40deb401b9ffe8e1df2f1cc5ba480b12.jpg
Screenshot_2026-08-13-15-36-47-20_40deb401b9ffe8e1df2f1cc5ba480b12.jpg,Recipes,C:\Users\Priyanka\OneDrive\Desktop\Smart_Screenshot_Search_Engine\Recipes\Screenshot_2026-08-13-15-36-47-20_40deb401b9ffe8e1df2f1cc5ba480b12.jpg
Screenshot_2026-08-13-15-36-51-39_40deb401b9ffe8e1df2f1cc5ba480b12.jpg,Recipes,C:\Users\Priyanka\OneDrive\Desktop\Smart_Screenshot_Search_Engine\Recipes\Screenshot_2026-08-13-15-36-51-39_40deb401b9ffe8e1df2f1cc5ba480b12.jpg
Screenshot_2026-08-13-15-36-54-18_40deb401b9ffe8e1df2f1cc5ba480b12.jpg,Recipes,C:\Users\Priyanka\OneDrive\Desktop\Smart_Screenshot_Search_Engine\Recipes\Screenshot_2026-08-13-15-36-54-18_40deb401b9ffe8e1df2f1cc5ba480b12.jpg
Screenshot_2026-08-13-15-37-18-18_40deb401b9ffe8e1df2f1cc5ba480b12.jpg,Recipes,C:\Users\Priyanka\OneDrive\Desktop\Smart_Screenshot_Search_Engine\Recipes\Screenshot_2026-08-13-15-37-18-18_40deb401b9ffe8e1df2f1cc5ba480b12.jpg
Screenshot_2026-08-13-15-37-21-67_40deb401b9ffe8e1df2f1cc5ba480b12.jpg,Recipes,C:\Users\Priyanka\OneDrive\Desktop\Smart_Screenshot_Search_Engine\Recipes\Screenshot_2026-08-13-15-37-21-67_40deb401b9ffe8e1df2f1cc5ba480b12.jpg
Screenshot_2026-08-13-15-37-25-14_40deb401b9ffe8e1df2f1cc5ba480b12.jpg,Recipes,C:\Users\Priyanka\OneDrive\Desktop\Smart_Screenshot_Search_Engine\Recipes\Screenshot_2026-08-13-15-37-25-14_40deb401b9ffe8e1df2f1cc5ba480b12.jpg
Screenshot_2026-08-13-15-37-28-76_40deb401b9ffe8e1df2f1cc5ba480b12.jpg,Recipes,C:\Users\Priyanka\OneDrive\Desktop\Smart_Screenshot_Search_Engine\Recipes\Screenshot_2026-08-13-15-37-28-76_40deb401b9ffe8e1df2f1cc5ba480b12.jpg
Screenshot_2026-08-13-15-37-31-38_40deb401b9ffe8e1df2f1cc5ba480b12.jpg,Recipes,C:\Users\Priyanka\OneDrive\Desktop\Smart_Screenshot_Search_Engine\Recipes\Screenshot_2026-08-13-15-37-31-38_40deb401b9ffe8e1df2f1cc5ba480b12.jpg
Screenshot_2026-08-13-15-37-34-45_40deb401b9ffe8e1df2f1cc5ba480b12.jpg,Recipes,C:\Users\Priyanka\OneDrive\Desktop\Smart_Screenshot_Search_Engine\Recipes\Screenshot_2026-08-13-15-37-34-45_40deb401b9ffe8e1df2f1cc5ba480b12.jpg
Screenshot_2026-08-13-15-37-37-18_40deb401b9ffe8e1df2f1cc5ba480b12.jpg,Recipes,C:\Users\Priyanka\OneDrive\Desktop\Smart_Screenshot_Search_Engine\Recipes\Screenshot_2026-08-13-15-37-37-18_40deb401b9ffe8e1df2f1cc5ba480b12.jpg
Screenshot_2026-08-13-15-37-42-29_40deb401b9ffe8e1df2f1cc5ba480b12.jpg,Recipes,C:\Users\Priyanka\OneDrive\Desktop\Smart_Screenshot_Search_Engine\Recipes\Screenshot_2026-08-13-15-37-42-29_40deb401b9ffe8e1df2f1cc5ba480b12.jpg
Screenshot_2026-08-13-15-37-45-28_40deb401b9ffe8e1df2f1cc5ba480b12.jpg,Recipes,C:\Users\Priyanka\OneDrive\Desktop\Smart_Screenshot_Search_Engine\Recipes\Screenshot_2026-08-13-15-37-45-28_40deb401b9ffe8e1df2f1cc5ba480b12.jpg
Screenshot_2026-08-13-15-37-48-11_40deb401b9ffe8e1df2f1cc5ba480b12.jpg,Recipes,C:\Users\Priyanka\OneDrive\Desktop\Smart_Screenshot_Search_Engine\Recipes\Screenshot_2026-08-13-15-37-48-11_40deb401b9ffe8e1df2f1cc5ba480b12.jpg
Screenshot_2026-08-13-15-38-30-58_40deb401b9ffe8e1df2f1cc5ba480b12.jpg,Recipes,C:\Users\Priyanka\OneDrive\Desktop\Smart_Screenshot_Search_Engine\Recipes\Screenshot_2026-08-13-15-38-30-58_40deb401b9ffe8e1df2f1cc5ba480b12.jpg
Screenshot_2026-08-13-15-38-34-28_40deb401b9ffe8e1df2f1cc5ba480b12.jpg,Recipes,C:\Users\Priyanka\OneDrive\Desktop\Smart_Screenshot_Search_Engine\Recipes\Screenshot_2026-08-13-15-38-34-28_40deb401b9ffe8e1df2f1cc5ba480b12.jpg
Screenshot_2026-08-13-15-38-54-29_40deb401b9ffe8e1df2f1cc5ba480b12.jpg,Recipes,C:\Users\Priyanka\OneDrive\Desktop\Smart_Screenshot_Search_Engine\Recipes\Screenshot_2026-08-13-15-38-54-29_40deb401b9ffe8e1df2f1cc5ba480b12.jpg
Screenshot_2026-08-13-15-39-21-57_40deb401b9ffe8e1df2f1cc5ba480b12.jpg,Recipes,C:\Users\Priyanka\OneDrive\Desktop\Smart_Screenshot_Search_Engine\Recipes\Screenshot_2026-08-13-15-39-21-57_40deb401b9ffe8e1df2f1cc5ba480b12.jpg
Screenshot_2026-08-13-15-44-43-06_8b1cfbb769bd52fc36fa25a4fcc64305.jpg,Recipes,C:\Users\Priyanka\OneDrive\Desktop\Smart_Screenshot_Search_Engine\Recipes\Screenshot_2026-08-13-15-44-43-06_8b1cfbb769bd52fc36fa25a4fcc64305.jpg
Screenshot_2026-08-13-15-45-59-30_8b1cfbb769bd52fc36fa25a4fcc64305.jpg,Recipes,C:\Users\Priyanka\OneDrive\Desktop\Smart_Screenshot_Search_Engine\Recipes\Screenshot_2026-08-13-15-45-59-30_8b1cfbb769bd52fc36fa25a4fcc64305.jpg
Screenshot_2026-08-13-15-46-14-36_8b1cfbb769bd52fc36fa25a4fcc64305.jpg,Recipes,C:\Users\Priyanka\OneDrive\Desktop\Smart_Screenshot_Search_Engine\Recipes\Screenshot_2026-08-13-15-46-14-36_8b1cfbb769bd52fc36fa25a4fcc64305.jpg
Screenshot_2026-08-13-15-46-29-00_8b1cfbb769bd52fc36fa25a4fcc64305.jpg,Recipes,C:\Users\Priyanka\OneDrive\Desktop\Smart_Screenshot_Search_Engine\Recipes\Screenshot_2026-08-13-15-46-29-00_8b1cfbb769bd52fc36fa25a4fcc64305.jpg
Screenshot_2026-08-13-15-46-46-05_8b1cfbb769bd52fc36fa25a4fcc64305.jpg,Recipes,C:\Users\Priyanka\OneDrive\Desktop\Smart_Screenshot_Search_Engine\Recipes\Screenshot_2026-08-13-15-46-46-05_8b1cfbb769bd52fc36fa25a4fcc64305.jpg
Screenshot_2026-08-13-15-48-03-37_8b1cfbb769bd52fc36fa25a4fcc64305.jpg,Recipes,C:\Users\Priyanka\OneDrive\Desktop\Smart_Screenshot_Search_Engine\Recipes\Screenshot_2026-08-13-15-48-03-37_8b1cfbb769bd52fc36fa25a4fcc64305.jpg
Screenshot_2026-08-13-15-48-15-05_8b1cfbb769bd52fc36fa25a4fcc64305.jpg,Recipes,C:\Users\Priyanka\OneDrive\Desktop\Smart_Screenshot_Search_Engine\Recipes\Screenshot_2026-08-13-15-48-15-05_8b1cfbb769bd52fc36fa25a4fcc64305.jpg
Screenshot_2026-08-13-15-48-23-93_8b1cfbb769bd52fc36fa25a4fcc64305.jpg,Recipes,C:\Users\Priyanka\OneDrive\Desktop\Smart_Screenshot_Search_Engine\Recipes\Screenshot_2026-08-13-15-48-23-93_8b1cfbb769bd52fc36fa25a4fcc64305.jpg
Screenshot_2026-08-13-15-48-44-08_8b1cfbb769bd52fc36fa25a4fcc64305.jpg,Recipes,C:\Users\Priyanka\OneDrive\Desktop\Smart_Screenshot_Search_Engine\Recipes\Screenshot_2026-08-13-15-48-44-08_8b1cfbb769bd52fc36fa25a4fcc64305.jpg
Screenshot_2026-08-13-15-49-17-61_8b1cfbb769bd52fc36fa25a4fcc64305.jpg,Recipes,C:\Users\Priyanka\OneDrive\Desktop\Smart_Screenshot_Search_Engine\Recipes\Screenshot_2026-08-13-15-49-17-61_8b1cfbb769bd52fc36fa25a4fcc64305.jpg
Screenshot_2026-08-13-15-49-29-53_8b1cfbb769bd52fc36fa25a4fcc64305.jpg,Recipes,C:\Users\Priyanka\OneDrive\Desktop\Smart_Screenshot_Search_Engine\Recipes\Screenshot_2026-08-13-15-49-29-53_8b1cfbb769bd52fc36fa25a4fcc64305.jpg
Screenshot_2026-08-13-15-49-37-72_8b1cfbb769bd52fc36fa25a4fcc64305.jpg,Recipes,C:\Users\Priyanka\OneDrive\Desktop\Smart_Screenshot_Search_Engine\Recipes\Screenshot_2026-08-13-15-49-37-72_8b1cfbb769bd52fc36fa25a4fcc64305.jpg
Screenshot_2026-08-13-15-50-03-82_8b1cfbb769bd52fc36fa25a4fcc64305.jpg,Recipes,C:\Users\Priyanka\OneDrive\Desktop\Smart_Screenshot_Search_Engine\Recipes\Screenshot_2026-08-13-15-50-03-82_8b1cfbb769bd52fc36fa25a4fcc64305.jpg
Screenshot_2026-08-13-15-50-18-22_8b1cfbb769bd52fc36fa25a4fcc64305.jpg,Recipes,C:\Users\Priyanka\OneDrive\Desktop\Smart_Screenshot_Search_Engine\Recipes\Screenshot_2026-08-13-15-50-18-22_8b1cfbb769bd52fc36fa25a4fcc64305.jpg
Screenshot_2026-08-13-15-50-30-00_8b1cfbb769bd52fc36fa25a4fcc64305.jpg,Recipes,C:\Users\Priyanka\OneDrive\Desktop\Smart_Screenshot_Search_Engine\Recipes\Screenshot_2026-08-13-15-50-30-00_8b1cfbb769bd52fc36fa25a4fcc64305.jpg
Screenshot_2026-08-13-15-51-02-39_8b1cfbb769bd52fc36fa25a4fcc64305.jpg,Recipes,C:\Users\Priyanka\OneDrive\Desktop\Smart_Screenshot_Search_Engine\Recipes\Screenshot_2026-08-13-15-51-02-39_8b1cfbb769bd52fc36fa25a4fcc64305.jpg
Screenshot_2026-08-13-15-51-17-45_8b1cfbb769bd52fc36fa25a4fcc64305.jpg,Recipes,C:\Users\Priyanka\OneDrive\Desktop\Smart_Screenshot_Search_Engine\Recipes\Screenshot_2026-08-13-15-51-17-45_8b1cfbb769bd52fc36fa25a4fcc64305.jpg
IMG-20260813-WA0008.jpg,Tickets_Bookings,C:\Users\Priyanka\OneDrive\Desktop\Smart_Screenshot_Search_Engine\Tickets_Bookings\IMG-20260813-WA0008.jpg
IMG-20260813-WA0009.jpg,Tickets_Bookings,C:\Users\Priyanka\OneDrive\Desktop\Smart_Screenshot_Search_Engine\Tickets_Bookings\IMG-20260813-WA0009.jpg
IMG-20260813-WA0010.jpg,Tickets_Bookings,C:\Users\Priyanka\OneDrive\Desktop\Smart_Screenshot_Search_Engine\Tickets_Bookings\IMG-20260813-WA0010.jpg
IMG-20260813-WA0011.jpg,Tickets_Bookings,C:\Users\Priyanka\OneDrive\Desktop\Smart_Screenshot_Search_Engine\Tickets_Bookings\IMG-20260813-WA0011.jpg
IMG-20260813-WA0012.jpg,Tickets_Bookings,C:\Users\Priyanka\OneDrive\Desktop\Smart_Screenshot_Search_Engine\Tickets_Bookings\IMG-20260813-WA0012.jpg
IMG-20260813-WA0013.jpg,Tickets_Bookings,C:\Users\Priyanka\OneDrive\Desktop\Smart_Screenshot_Search_Engine\Tickets_Bookings\IMG-20260813-WA0013.jpg
IMG-20260813-WA0014.jpg,Tickets_Bookings,C:\Users\Priyanka\OneDrive\Desktop\Smart_Screenshot_Search_Engine\Tickets_Bookings\IMG-20260813-WA0014.jpg
IMG-20260813-WA0015.jpg,Tickets_Bookings,C:\Users\Priyanka\OneDrive\Desktop\Smart_Screenshot_Search_Engine\Tickets_Bookings\IMG-20260813-WA0015.jpg
IMG-20260813-WA0016.jpg,Tickets_Bookings,C:\Users\Priyanka\OneDrive\Desktop\Smart_Screenshot_Search_Engine\Tickets_Bookings\IMG-20260813-WA0016.jpg
IMG-20260813-WA0017.jpg,Tickets_Bookings,C:\Users\Priyanka\OneDrive\Desktop\Smart_Screenshot_Search_Engine\Tickets_Bookings\IMG-20260813-WA0017.jpg
IMG-20260813-WA0018.jpg,Tickets_Bookings,C:\Users\Priyanka\OneDrive\Desktop\Smart_Screenshot_Search_Engine\Tickets_Bookings\IMG-20260813-WA0018.jpg
IMG-20260813-WA0019.jpg,Tickets_Bookings,C:\Users\Priyanka\OneDrive\Desktop\Smart_Screenshot_Search_Engine\Tickets_Bookings\IMG-20260813-WA0019.jpg
IMG-20260813-WA0020.jpg,Tickets_Bookings,C:\Users\Priyanka\OneDrive\Desktop\Smart_Screenshot_Search_Engine\Tickets_Bookings\IMG-20260813-WA0020.jpg
IMG-20260813-WA0021.jpg,Tickets_Bookings,C:\Users\Priyanka\OneDrive\Desktop\Smart_Screenshot_Search_Engine\Tickets_Bookings\IMG-20260813-WA0021.jpg
IMG-20260813-WA0022.jpg,Tickets_Bookings,C:\Users\Priyanka\OneDrive\Desktop\Smart_Screenshot_Search_Engine\Tickets_Bookings\IMG-20260813-WA0022.jpg
IMG-20260813-WA0023.jpg,Tickets_Bookings,C:\Users\Priyanka\OneDrive\Desktop\Smart_Screenshot_Search_Engine\Tickets_Bookings\IMG-20260813-WA0023.jpg
IMG-20260813-WA0024.jpg,Tickets_Bookings,C:\Users\Priyanka\OneDrive\Desktop\Smart_Screenshot_Search_Engine\Tickets_Bookings\IMG-20260813-WA0024.jpg
IMG-20260813-WA0025.jpg,Tickets_Bookings,C:\Users\Priyanka\OneDrive\Desktop\Smart_Screenshot_Search_Engine\Tickets_Bookings\IMG-20260813-WA0025.jpg
IMG-20260813-WA0026.jpg,Tickets_Bookings,C:\Users\Priyanka\OneDrive\Desktop\Smart_Screenshot_Search_Engine\Tickets_Bookings\IMG-20260813-WA0026.jpg
IMG-20260813-WA0027.jpg,Tickets_Bookings,C:\Users\Priyanka\OneDrive\Desktop\Smart_Screenshot_Search_Engine\Tickets_Bookings\IMG-20260813-WA0027.jpg
IMG-20260813-WA0028.jpg,Tickets_Bookings,C:\Users\Priyanka\OneDrive\Desktop\Smart_Screenshot_Search_Engine\Tickets_Bookings\IMG-20260813-WA0028.jpg
IMG-20260813-WA0029.jpg,Tickets_Bookings,C:\Users\Priyanka\OneDrive\Desktop\Smart_Screenshot_Search_Engine\Tickets_Bookings\IMG-20260813-WA0029.jpg
IMG-20260813-WA0030.jpg,Tickets_Bookings,C:\Users\Priyanka\OneDrive\Desktop\Smart_Screenshot_Search_Engine\Tickets_Bookings\IMG-20260813-WA0030.jpg
IMG-20260813-WA0031.jpg,Tickets_Bookings,C:\Users\Priyanka\OneDrive\Desktop\Smart_Screenshot_Search_Engine\Tickets_Bookings\IMG-20260813-WA0031.jpg
IMG-20260813-WA0032.jpg,Tickets_Bookings,C:\Users\Priyanka\OneDrive\Desktop\Smart_Screenshot_Search_Engine\Tickets_Bookings\IMG-20260813-WA0032.jpg
IMG-20260813-WA0033.jpg,Tickets_Bookings,C:\Users\Priyanka\OneDrive\Desktop\Smart_Screenshot_Search_Engine\Tickets_Bookings\IMG-20260813-WA0033.jpg
IMG-20260813-WA0034.jpg,Tickets_Bookings,C:\Users\Priyanka\OneDrive\Desktop\Smart_Screenshot_Search_Engine\Tickets_Bookings\IMG-20260813-WA0034.jpg
IMG-20260813-WA0035.jpg,Tickets_Bookings,C:\Users\Priyanka\OneDrive\Desktop\Smart_Screenshot_Search_Engine\Tickets_Bookings\IMG-20260813-WA0035.jpg
IMG-20260813-WA0036.jpg,Tickets_Bookings,C:\Users\Priyanka\OneDrive\Desktop\Smart_Screenshot_Search_Engine\Tickets_Bookings\IMG-20260813-WA0036.jpg
IMG-20260813-WA0037.jpg,Tickets_Bookings,C:\Users\Priyanka\OneDrive\Desktop\Smart_Screenshot_Search_Engine\Tickets_Bookings\IMG-20260813-WA0037.jpg
IMG-20260813-WA0038.jpg,Tickets_Bookings,C:\Users\Priyanka\OneDrive\Desktop\Smart_Screenshot_Search_Engine\Tickets_Bookings\IMG-20260813-WA0038.jpg
IMG-20260813-WA0039.jpg,Tickets_Bookings,C:\Users\Priyanka\OneDrive\Desktop\Smart_Screenshot_Search_Engine\Tickets_Bookings\IMG-20260813-WA0039.jpg
IMG-20260813-WA0040.jpg,Tickets_Bookings,C:\Users\Priyanka\OneDrive\Desktop\Smart_Screenshot_Search_Engine\Tickets_Bookings\IMG-20260813-WA0040.jpg
IMG-20260813-WA0041.jpg,Tickets_Bookings,C:\Users\Priyanka\OneDrive\Desktop\Smart_Screenshot_Search_Engine\Tickets_Bookings\IMG-20260813-WA0041.jpg
IMG-20260813-WA0042.jpg,Tickets_Bookings,C:\Users\Priyanka\OneDrive\Desktop\Smart_Screenshot_Search_Engine\Tickets_Bookings\IMG-20260813-WA0042.jpg
IMG-20260813-WA0043.jpg,Tickets_Bookings,C:\Users\Priyanka\OneDrive\Desktop\Smart_Screenshot_Search_Engine\Tickets_Bookings\IMG-20260813-WA0043.jpg
IMG-20260813-WA0044.jpg,Tickets_Bookings,C:\Users\Priyanka\OneDrive\Desktop\Smart_Screenshot_Search_Engine\Tickets_Bookings\IMG-20260813-WA0044.jpg
IMG-20260813-WA0045.jpg,Tickets_Bookings,C:\Users\Priyanka\OneDrive\Desktop\Smart_Screenshot_Search_Engine\Tickets_Bookings\IMG-20260813-WA0045.jpg
IMG-20260813-WA0046.jpg,Tickets_Bookings,C:\Users\Priyanka\OneDrive\Desktop\Smart_Screenshot_Search_Engine\Tickets_Bookings\IMG-20260813-WA0046.jpg
IMG-20260813-WA0047.jpg,Tickets_Bookings,C:\Users\Priyanka\OneDrive\Desktop\Smart_Screenshot_Search_Engine\Tickets_Bookings\IMG-20260813-WA0047.jpg
IMG-20260813-WA0048.jpg,Tickets_Bookings,C:\Users\Priyanka\OneDrive\Desktop\Smart_Screenshot_Search_Engine\Tickets_Bookings\IMG-20260813-WA0048.jpg
IMG-20260813-WA0049.jpg,Tickets_Bookings,C:\Users\Priyanka\OneDrive\Desktop\Smart_Screenshot_Search_Engine\Tickets_Bookings\IMG-20260813-WA0049.jpg
IMG-20260813-WA0050.jpg,Tickets_Bookings,C:\Users\Priyanka\OneDrive\Desktop\Smart_Screenshot_Search_Engine\Tickets_Bookings\IMG-20260813-WA0050.jpg
IMG-20260813-WA0051.jpg,Tickets_Bookings,C:\Users\Priyanka\OneDrive\Desktop\Smart_Screenshot_Search_Engine\Tickets_Bookings\IMG-20260813-WA0051.jpg
IMG-20260813-WA0052.jpg,Tickets_Bookings,C:\Users\Priyanka\OneDrive\Desktop\Smart_Screenshot_Search_Engine\Tickets_Bookings\IMG-20260813-WA0052.jpg
IMG-20260813-WA0053.jpg,Tickets_Bookings,C:\Users\Priyanka\OneDrive\Desktop\Smart_Screenshot_Search_Engine\Tickets_Bookings\IMG-20260813-WA0053.jpg
IMG-20260813-WA0054.jpg,Tickets_Bookings,C:\Users\Priyanka\OneDrive\Desktop\Smart_Screenshot_Search_Engine\Tickets_Bookings\IMG-20260813-WA0054.jpg
IMG-20260813-WA0055.jpg,Tickets_Bookings,C:\Users\Priyanka\OneDrive\Desktop\Smart_Screenshot_Search_Engine\Tickets_Bookings\IMG-20260813-WA0055.jpg
IMG-20260813-WA0056.jpg,Tickets_Bookings,C:\Users\Priyanka\OneDrive\Desktop\Smart_Screenshot_Search_Engine\Tickets_Bookings\IMG-20260813-WA0056.jpg
IMG-20260813-WA0057.jpg,Tickets_Bookings,C:\Users\Priyanka\OneDrive\Desktop\Smart_Screenshot_Search_Engine\Tickets_Bookings\IMG-20260813-WA0057.jpg
IMG-20260813-WA0058.jpg,Tickets_Bookings,C:\Users\Priyanka\OneDrive\Desktop\Smart_Screenshot_Search_Engine\Tickets_Bookings\IMG-20260813-WA0058.jpg
IMG-20260813-WA0059.jpg,Tickets_Bookings,C:\Users\Priyanka\OneDrive\Desktop\Smart_Screenshot_Search_Engine\Tickets_Bookings\IMG-20260813-WA0059.jpg
IMG-20260813-WA0060.jpg,Tickets_Bookings,C:\Users\Priyanka\OneDrive\Desktop\Smart_Screenshot_Search_Engine\Tickets_Bookings\IMG-20260813-WA0060.jpg
IMG-20260813-WA0061.jpg,Tickets_Bookings,C:\Users\Priyanka\OneDrive\Desktop\Smart_Screenshot_Search_Engine\Tickets_Bookings\IMG-20260813-WA0061.jpg
IMG-20260813-WA0062.jpg,Tickets_Bookings,C:\Users\Priyanka\OneDrive\Desktop\Smart_Screenshot_Search_Engine\Tickets_Bookings\IMG-20260813-WA0062.jpg
IMG-20260813-WA0063.jpg,Tickets_Bookings,C:\Users\Priyanka\OneDrive\Desktop\Smart_Screenshot_Search_Engine\Tickets_Bookings\IMG-20260813-WA0063.jpg
IMG-20260813-WA0064.jpg,Tickets_Bookings,C:\Users\Priyanka\OneDrive\Desktop\Smart_Screenshot_Search_Engine\Tickets_Bookings\IMG-20260813-WA0064.jpg
IMG-20260813-WA0065.jpg,Tickets_Bookings,C:\Users\Priyanka\OneDrive\Desktop\Smart_Screenshot_Search_Engine\Tickets_Bookings\IMG-20260813-WA0065.jpg
IMG-20260813-WA0066.jpg,Tickets_Bookings,C:\Users\Priyanka\OneDrive\Desktop\Smart_Screenshot_Search_Engine\Tickets_Bookings\IMG-20260813-WA0066.jpg
IMG-20260813-WA0067.jpg,Tickets_Bookings,C:\Users\Priyanka\OneDrive\Desktop\Smart_Screenshot_Search_Engine\Tickets_Bookings\IMG-20260813-WA0067.jpg
IMG-20260813-WA0068.jpg,Tickets_Bookings,C:\Users\Priyanka\OneDrive\Desktop\Smart_Screenshot_Search_Engine\Tickets_Bookings\IMG-20260813-WA0068.jpg
IMG-20260813-WA0069.jpg,Tickets_Bookings,C:\Users\Priyanka\OneDrive\Desktop\Smart_Screenshot_Search_Engine\Tickets_Bookings\IMG-20260813-WA0069.jpg
IMG-20260813-WA0070.jpg,Tickets_Bookings,C:\Users\Priyanka\OneDrive\Desktop\Smart_Screenshot_Search_Engine\Tickets_Bookings\IMG-20260813-WA0070.jpg
IMG-20260813-WA0071.jpg,Tickets_Bookings,C:\Users\Priyanka\OneDrive\Desktop\Smart_Screenshot_Search_Engine\Tickets_Bookings\IMG-20260813-WA0071.jpg
IMG-20260813-WA0072.jpg,Tickets_Bookings,C:\Users\Priyanka\OneDrive\Desktop\Smart_Screenshot_Search_Engine\Tickets_Bookings\IMG-20260813-WA0072.jpg
IMG-20260813-WA0073.jpg,Tickets_Bookings,C:\Users\Priyanka\OneDrive\Desktop\Smart_Screenshot_Search_Engine\Tickets_Bookings\IMG-20260813-WA0073.jpg
IMG-20260813-WA0074.jpg,Tickets_Bookings,C:\Users\Priyanka\OneDrive\Desktop\Smart_Screenshot_Search_Engine\Tickets_Bookings\IMG-20260813-WA0074.jpg
IMG-20260813-WA0075.jpg,Tickets_Bookings,C:\Users\Priyanka\OneDrive\Desktop\Smart_Screenshot_Search_Engine\Tickets_Bookings\IMG-20260813-WA0075.jpg
IMG-20260813-WA0076.jpg,Tickets_Bookings,C:\Users\Priyanka\OneDrive\Desktop\Smart_Screenshot_Search_Engine\Tickets_Bookings\IMG-20260813-WA0076.jpg
IMG-20260813-WA0077.jpg,Tickets_Bookings,C:\Users\Priyanka\OneDrive\Desktop\Smart_Screenshot_Search_Engine\Tickets_Bookings\IMG-20260813-WA0077.jpg
IMG-20260813-WA0078.jpg,Tickets_Bookings,C:\Users\Priyanka\OneDrive\Desktop\Smart_Screenshot_Search_Engine\Tickets_Bookings\IMG-20260813-WA0078.jpg
IMG-20260813-WA0079.jpg,Tickets_Bookings,C:\Users\Priyanka\OneDrive\Desktop\Smart_Screenshot_Search_Engine\Tickets_Bookings\IMG-20260813-WA0079.jpg
IMG-20260813-WA0080.jpg,Tickets_Bookings,C:\Users\Priyanka\OneDrive\Desktop\Smart_Screenshot_Search_Engine\Tickets_Bookings\IMG-20260813-WA0080.jpg
IMG-20260813-WA0081.jpg,Tickets_Bookings,C:\Users\Priyanka\OneDrive\Desktop\Smart_Screenshot_Search_Engine\Tickets_Bookings\IMG-20260813-WA0081.jpg
IMG-20260813-WA0082.jpg,Tickets_Bookings,C:\Users\Priyanka\OneDrive\Desktop\Smart_Screenshot_Search_Engine\Tickets_Bookings\IMG-20260813-WA0082.jpg
IMG-20260813-WA0083.jpg,Tickets_Bookings,C:\Users\Priyanka\OneDrive\Desktop\Smart_Screenshot_Search_Engine\Tickets_Bookings\IMG-20260813-WA0083.jpg
IMG-20260813-WA0084.jpg,Tickets_Bookings,C:\Users\Priyanka\OneDrive\Desktop\Smart_Screenshot_Search_Engine\Tickets_Bookings\IMG-20260813-WA0084.jpg
IMG-20260813-WA0085.jpg,Tickets_Bookings,C:\Users\Priyanka\OneDrive\Desktop\Smart_Screenshot_Search_Engine\Tickets_Bookings\IMG-20260813-WA0085.jpg
IMG-20260813-WA0086.jpg,Tickets_Bookings,C:\Users\Priyanka\OneDrive\Desktop\Smart_Screenshot_Search_Engine\Tickets_Bookings\IMG-20260813-WA0086.jpg
IMG-20260813-WA0087.jpg,Tickets_Bookings,C:\Users\Priyanka\OneDrive\Desktop\Smart_Screenshot_Search_Engine\Tickets_Bookings\IMG-20260813-WA0087.jpg
IMG-20260813-WA0088.jpg,Tickets_Bookings,C:\Users\Priyanka\OneDrive\Desktop\Smart_Screenshot_Search_Engine\Tickets_Bookings\IMG-20260813-WA0088.jpg
IMG-20260813-WA0089.jpg,Tickets_Bookings,C:\Users\Priyanka\OneDrive\Desktop\Smart_Screenshot_Search_Engine\Tickets_Bookings\IMG-20260813-WA0089.jpg
IMG-20260813-WA0090.jpg,Tickets_Bookings,C:\Users\Priyanka\OneDrive\Desktop\Smart_Screenshot_Search_Engine\Tickets_Bookings\IMG-20260813-WA0090.jpg
IMG-20260813-WA0091.jpg,Tickets_Bookings,C:\Users\Priyanka\OneDrive\Desktop\Smart_Screenshot_Search_Engine\Tickets_Bookings\IMG-20260813-WA0091.jpg
IMG-20260813-WA0092.jpg,Tickets_Bookings,C:\Users\Priyanka\OneDrive\Desktop\Smart_Screenshot_Search_Engine\Tickets_Bookings\IMG-20260813-WA0092.jpg
IMG-20260813-WA0093.jpg,Tickets_Bookings,C:\Users\Priyanka\OneDrive\Desktop\Smart_Screenshot_Search_Engine\Tickets_Bookings\IMG-20260813-WA0093.jpg
IMG-20260813-WA0094.jpg,Tickets_Bookings,C:\Users\Priyanka\OneDrive\Desktop\Smart_Screenshot_Search_Engine\Tickets_Bookings\IMG-20260813-WA0094.jpg
IMG-20260813-WA0095.jpg,Tickets_Bookings,C:\Users\Priyanka\OneDrive\Desktop\Smart_Screenshot_Search_Engine\Tickets_Bookings\IMG-20260813-WA0095.jpg
IMG-20260813-WA0096.jpg,Tickets_Bookings,C:\Users\Priyanka\OneDrive\Desktop\Smart_Screenshot_Search_Engine\Tickets_Bookings\IMG-20260813-WA0096.jpg
IMG-20260813-WA0097.jpg,Tickets_Bookings,C:\Users\Priyanka\OneDrive\Desktop\Smart_Screenshot_Search_Engine\Tickets_Bookings\IMG-20260813-WA0097.jpg
IMG-20260813-WA0098.jpg,Tickets_Bookings,C:\Users\Priyanka\OneDrive\Desktop\Smart_Screenshot_Search_Engine\Tickets_Bookings\IMG-20260813-WA0098.jpg
IMG-20260813-WA0099.jpg,Tickets_Bookings,C:\Users\Priyanka\OneDrive\Desktop\Smart_Screenshot_Search_Engine\Tickets_Bookings\IMG-20260813-WA0099.jpg
IMG-20260813-WA0100.jpg,Tickets_Bookings,C:\Users\Priyanka\OneDrive\Desktop\Smart_Screenshot_Search_Engine\Tickets_Bookings\IMG-20260813-WA0100.jpg
IMG-20260813-WA0101.jpg,Tickets_Bookings,C:\Users\Priyanka\OneDrive\Desktop\Smart_Screenshot_Search_Engine\Tickets_Bookings\IMG-20260813-WA0101.jpg
IMG-20260813-WA0102.jpg,Tickets_Bookings,C:\Users\Priyanka\OneDrive\Desktop\Smart_Screenshot_Search_Engine\Tickets_Bookings\IMG-20260813-WA0102.jpg
IMG-20260813-WA0103.jpg,Tickets_Bookings,C:\Users\Priyanka\OneDrive\Desktop\Smart_Screenshot_Search_Engine\Tickets_Bookings\IMG-20260813-WA0103.jpg
IMG-20260813-WA0104.jpg,Tickets_Bookings,C:\Users\Priyanka\OneDrive\Desktop\Smart_Screenshot_Search_Engine\Tickets_Bookings\IMG-20260813-WA0104.jpg
IMG-20260813-WA0105.jpg,Tickets_Bookings,C:\Users\Priyanka\OneDrive\Desktop\Smart_Screenshot_Search_Engine\Tickets_Bookings\IMG-20260813-WA0105.jpg
IMG-20260813-WA0106.jpg,Tickets_Bookings,C:\Users\Priyanka\OneDrive\Desktop\Smart_Screenshot_Search_Engine\Tickets_Bookings\IMG-20260813-WA0106.jpg
IMG-20260813-WA0107.jpg,Tickets_Bookings,C:\Users\Priyanka\OneDrive\Desktop\Smart_Screenshot_Search_Engine\Tickets_Bookings\IMG-20260813-WA0107.jpg
IMG-20260813-WA0108.jpg,Tickets_Bookings,C:\Users\Priyanka\OneDrive\Desktop\Smart_Screenshot_Search_Engine\Tickets_Bookings\IMG-20260813-WA0108.jpg
IMG-20260813-WA0109.jpg,Tickets_Bookings,C:\Users\Priyanka\OneDrive\Desktop\Smart_Screenshot_Search_Engine\Tickets_Bookings\IMG-20260813-WA0109.jpg
IMG-20260813-WA0110.jpg,Tickets_Bookings,C:\Users\Priyanka\OneDrive\Desktop\Smart_Screenshot_Search_Engine\Tickets_Bookings\IMG-20260813-WA0110.jpg
IMG-20260813-WA0111.jpg,Tickets_Bookings,C:\Users\Priyanka\OneDrive\Desktop\Smart_Screenshot_Search_Engine\Tickets_Bookings\IMG-20260813-WA0111.jpg
IMG-20260813-WA0112.jpg,Tickets_Bookings,C:\Users\Priyanka\OneDrive\Desktop\Smart_Screenshot_Search_Engine\Tickets_Bookings\IMG-20260813-WA0112.jpg
IMG-20260813-WA0113.jpg,Tickets_Bookings,C:\Users\Priyanka\OneDrive\Desktop\Smart_Screenshot_Search_Engine\Tickets_Bookings\IMG-20260813-WA0113.jpg
IMG-20260813-WA0114.jpg,Tickets_Bookings,C:\Users\Priyanka\OneDrive\Desktop\Smart_Screenshot_Search_Engine\Tickets_Bookings\IMG-20260813-WA0114.jpg
IMG-20260813-WA0115.jpg,Tickets_Bookings,C:\Users\Priyanka\OneDrive\Desktop\Smart_Screenshot_Search_Engine\Tickets_Bookings\IMG-20260813-WA0115.jpg
IMG-20260813-WA0116.jpg,Tickets_Bookings,C:\Users\Priyanka\OneDrive\Desktop\Smart_Screenshot_Search_Engine\Tickets_Bookings\IMG-20260813-WA0116.jpg
IMG-20260813-WA0117.jpg,Tickets_Bookings,C:\Users\Priyanka\OneDrive\Desktop\Smart_Screenshot_Search_Engine\Tickets_Bookings\IMG-20260813-WA0117.jpg
IMG-20260813-WA0118.jpg,Tickets_Bookings,C:\Users\Priyanka\OneDrive\Desktop\Smart_Screenshot_Search_Engine\Tickets_Bookings\IMG-20260813-WA0118.jpg
IMG-20260813-WA0119.jpg,Tickets_Bookings,C:\Users\Priyanka\OneDrive\Desktop\Smart_Screenshot_Search_Engine\Tickets_Bookings\IMG-20260813-WA0119.jpg
IMG-20260813-WA0120.jpg,Tickets_Bookings,C:\Users\Priyanka\OneDrive\Desktop\Smart_Screenshot_Search_Engine\Tickets_Bookings\IMG-20260813-WA0120.jpg
IMG-20260813-WA0121.jpg,Tickets_Bookings,C:\Users\Priyanka\OneDrive\Desktop\Smart_Screenshot_Search_Engine\Tickets_Bookings\IMG-20260813-WA0121.jpg
IMG-20260813-WA0122.jpg,Tickets_Bookings,C:\Users\Priyanka\OneDrive\Desktop\Smart_Screenshot_Search_Engine\Tickets_Bookings\IMG-20260813-WA0122.jpg
IMG-20260813-WA0123.jpg,Tickets_Bookings,C:\Users\Priyanka\OneDrive\Desktop\Smart_Screenshot_Search_Engine\Tickets_Bookings\IMG-20260813-WA0123.jpg
IMG-20260813-WA0124.jpg,Tickets_Bookings,C:\Users\Priyanka\OneDrive\Desktop\Smart_Screenshot_Search_Engine\Tickets_Bookings\IMG-20260813-WA0124.jpg
IMG-20260813-WA0125.jpg,Tickets_Bookings,C:\Users\Priyanka\OneDrive\Desktop\Smart_Screenshot_Search_Engine\Tickets_Bookings\IMG-20260813-WA0125.jpg
IMG-20260813-WA0126.jpg,Tickets_Bookings,C:\Users\Priyanka\OneDrive\Desktop\Smart_Screenshot_Search_Engine\Tickets_Bookings\IMG-20260813-WA0126.jpg
IMG-20260813-WA0127.jpg,Tickets_Bookings,C:\Users\Priyanka\OneDrive\Desktop\Smart_Screenshot_Search_Engine\Tickets_Bookings\IMG-20260813-WA0127.jpg
IMG-20260813-WA0128.jpg,Tickets_Bookings,C:\Users\Priyanka\OneDrive\Desktop\Smart_Screenshot_Search_Engine\Tickets_Bookings\IMG-20260813-WA0128.jpg
IMG-20260813-WA0129.jpg,Tickets_Bookings,C:\Users\Priyanka\OneDrive\Desktop\Smart_Screenshot_Search_Engine\Tickets_Bookings\IMG-20260813-WA0129.jpg
IMG-20260813-WA0130.jpg,Tickets_Bookings,C:\Users\Priyanka\OneDrive\Desktop\Smart_Screenshot_Search_Engine\Tickets_Bookings\IMG-20260813-WA0130.jpg
IMG-20260813-WA0131.jpg,Tickets_Bookings,C:\Users\Priyanka\OneDrive\Desktop\Smart_Screenshot_Search_Engine\Tickets_Bookings\IMG-20260813-WA0131.jpg
IMG-20260813-WA0132.jpg,Tickets_Bookings,C:\Users\Priyanka\OneDrive\Desktop\Smart_Screenshot_Search_Engine\Tickets_Bookings\IMG-20260813-WA0132.jpg
IMG-20260813-WA0133.jpg,Tickets_Bookings,C:\Users\Priyanka\OneDrive\Desktop\Smart_Screenshot_Search_Engine\Tickets_Bookings\IMG-20260813-WA0133.jpg
IMG-20260813-WA0134.jpg,Tickets_Bookings,C:\Users\Priyanka\OneDrive\Desktop\Smart_Screenshot_Search_Engine\Tickets_Bookings\IMG-20260813-WA0134.jpg
IMG-20260813-WA0135.jpg,Tickets_Bookings,C:\Users\Priyanka\OneDrive\Desktop\Smart_Screenshot_Search_Engine\Tickets_Bookings\IMG-20260813-WA0135.jpg
IMG-20260813-WA0136.jpg,Tickets_Bookings,C:\Users\Priyanka\OneDrive\Desktop\Smart_Screenshot_Search_Engine\Tickets_Bookings\IMG-20260813-WA0136.jpg
IMG-20260813-WA0137.jpg,Tickets_Bookings,C:\Users\Priyanka\OneDrive\Desktop\Smart_Screenshot_Search_Engine\Tickets_Bookings\IMG-20260813-WA0137.jpg
IMG-20260813-WA0138.jpg,Tickets_Bookings,C:\Users\Priyanka\OneDrive\Desktop\Smart_Screenshot_Search_Engine\Tickets_Bookings\IMG-20260813-WA0138.jpg
IMG-20260813-WA0139.jpg,Tickets_Bookings,C:\Users\Priyanka\OneDrive\Desktop\Smart_Screenshot_Search_Engine\Tickets_Bookings\IMG-20260813-WA0139.jpg
IMG-20260813-WA0140.jpg,Tickets_Bookings,C:\Users\Priyanka\OneDrive\Desktop\Smart_Screenshot_Search_Engine\Tickets_Bookings\IMG-20260813-WA0140.jpg
IMG-20260813-WA0141.jpg,Tickets_Bookings,C:\Users\Priyanka\OneDrive\Desktop\Smart_Screenshot_Search_Engine\Tickets_Bookings\IMG-20260813-WA0141.jpg
IMG-20260813-WA0142.jpg,Tickets_Bookings,C:\Users\Priyanka\OneDrive\Desktop\Smart_Screenshot_Search_Engine\Tickets_Bookings\IMG-20260813-WA0142.jpg
IMG-20260813-WA0143.jpg,Tickets_Bookings,C:\Users\Priyanka\OneDrive\Desktop\Smart_Screenshot_Search_Engine\Tickets_Bookings\IMG-20260813-WA0143.jpg
IMG-20260813-WA0144.jpg,Tickets_Bookings,C:\Users\Priyanka\OneDrive\Desktop\Smart_Screenshot_Search_Engine\Tickets_Bookings\IMG-20260813-WA0144.jpg
IMG-20260813-WA0145.jpg,Tickets_Bookings,C:\Users\Priyanka\OneDrive\Desktop\Smart_Screenshot_Search_Engine\Tickets_Bookings\IMG-20260813-WA0145.jpg
IMG-20260813-WA0146.jpg,Tickets_Bookings,C:\Users\Priyanka\OneDrive\Desktop\Smart_Screenshot_Search_Engine\Tickets_Bookings\IMG-20260813-WA0146.jpg
IMG-20260813-WA0147.jpg,Tickets_Bookings,C:\Users\Priyanka\OneDrive\Desktop\Smart_Screenshot_Search_Engine\Tickets_Bookings\IMG-20260813-WA0147.jpg
IMG-20260813-WA0148.jpg,Tickets_Bookings,C:\Users\Priyanka\OneDrive\Desktop\Smart_Screenshot_Search_Engine\Tickets_Bookings\IMG-20260813-WA0148.jpg
IMG-20260813-WA0149.jpg,Tickets_Bookings,C:\Users\Priyanka\OneDrive\Desktop\Smart_Screenshot_Search_Engine\Tickets_Bookings\IMG-20260813-WA0149.jpg
IMG-20260813-WA0150.jpg,Tickets_Bookings,C:\Users\Priyanka\OneDrive\Desktop\Smart_Screenshot_Search_Engine\Tickets_Bookings\IMG-20260813-WA0150.jpg
IMG-20260813-WA0151.jpg,Tickets_Bookings,C:\Users\Priyanka\OneDrive\Desktop\Smart_Screenshot_Search_Engine\Tickets_Bookings\IMG-20260813-WA0151.jpg
IMG-20260813-WA0152.jpg,Tickets_Bookings,C:\Users\Priyanka\OneDrive\Desktop\Smart_Screenshot_Search_Engine\Tickets_Bookings\IMG-20260813-WA0152.jpg
IMG-20260813-WA0153.jpg,Tickets_Bookings,C:\Users\Priyanka\OneDrive\Desktop\Smart_Screenshot_Search_Engine\Tickets_Bookings\IMG-20260813-WA0153.jpg
IMG-20260813-WA0154.jpg,Tickets_Bookings,C:\Users\Priyanka\OneDrive\Desktop\Smart_Screenshot_Search_Engine\Tickets_Bookings\IMG-20260813-WA0154.jpg
IMG-20260813-WA0155.jpg,Tickets_Bookings,C:\Users\Priyanka\OneDrive\Desktop\Smart_Screenshot_Search_Engine\Tickets_Bookings\IMG-20260813-WA0155.jpg
IMG-20260813-WA0156.jpg,Tickets_Bookings,C:\Users\Priyanka\OneDrive\Desktop\Smart_Screenshot_Search_Engine\Tickets_Bookings\IMG-20260813-WA0156.jpg
IMG-20260813-WA0157.jpg,Tickets_Bookings,C:\Users\Priyanka\OneDrive\Desktop\Smart_Screenshot_Search_Engine\Tickets_Bookings\IMG-20260813-WA0157.jpg
IMG-20260813-WA0158.jpg,Tickets_Bookings,C:\Users\Priyanka\OneDrive\Desktop\Smart_Screenshot_Search_Engine\Tickets_Bookings\IMG-20260813-WA0158.jpg
IMG-20260813-WA0159.jpg,Tickets_Bookings,C:\Users\Priyanka\OneDrive\Desktop\Smart_Screenshot_Search_Engine\Tickets_Bookings\IMG-20260813-WA0159.jpg
IMG-20260813-WA0160.jpg,Tickets_Bookings,C:\Users\Priyanka\OneDrive\Desktop\Smart_Screenshot_Search_Engine\Tickets_Bookings\IMG-20260813-WA0160.jpg
IMG-20260813-WA0161.jpg,Tickets_Bookings,C:\Users\Priyanka\OneDrive\Desktop\Smart_Screenshot_Search_Engine\Tickets_Bookings\IMG-20260813-WA0161.jpg
IMG-20260813-WA0162.jpg,Tickets_Bookings,C:\Users\Priyanka\OneDrive\Desktop\Smart_Screenshot_Search_Engine\Tickets_Bookings\IMG-20260813-WA0162.jpg
IMG-20260813-WA0163.jpg,Tickets_Bookings,C:\Users\Priyanka\OneDrive\Desktop\Smart_Screenshot_Search_Engine\Tickets_Bookings\IMG-20260813-WA0163.jpg
IMG-20260813-WA0164.jpg,Tickets_Bookings,C:\Users\Priyanka\OneDrive\Desktop\Smart_Screenshot_Search_Engine\Tickets_Bookings\IMG-20260813-WA0164.jpg
IMG-20260813-WA0165.jpg,Tickets_Bookings,C:\Users\Priyanka\OneDrive\Desktop\Smart_Screenshot_Search_Engine\Tickets_Bookings\IMG-20260813-WA0165.jpg
IMG-20260813-WA0166.jpg,Tickets_Bookings,C:\Users\Priyanka\OneDrive\Desktop\Smart_Screenshot_Search_Engine\Tickets_Bookings\IMG-20260813-WA0166.jpg
IMG-20260813-WA0167.jpg,Tickets_Bookings,C:\Users\Priyanka\OneDrive\Desktop\Smart_Screenshot_Search_Engine\Tickets_Bookings\IMG-20260813-WA0167.jpg
IMG-20260813-WA0168.jpg,Tickets_Bookings,C:\Users\Priyanka\OneDrive\Desktop\Smart_Screenshot_Search_Engine\Tickets_Bookings\IMG-20260813-WA0168.jpg
IMG-20260813-WA0169.jpg,Tickets_Bookings,C:\Users\Priyanka\OneDrive\Desktop\Smart_Screenshot_Search_Engine\Tickets_Bookings\IMG-20260813-WA0169.jpg
IMG-20260813-WA0170.jpg,Tickets_Bookings,C:\Users\Priyanka\OneDrive\Desktop\Smart_Screenshot_Search_Engine\Tickets_Bookings\IMG-20260813-WA0170.jpg
IMG-20260813-WA0171.jpg,Tickets_Bookings,C:\Users\Priyanka\OneDrive\Desktop\Smart_Screenshot_Search_Engine\Tickets_Bookings\IMG-20260813-WA0171.jpg
IMG-20260813-WA0172.jpg,Tickets_Bookings,C:\Users\Priyanka\OneDrive\Desktop\Smart_Screenshot_Search_Engine\Tickets_Bookings\IMG-20260813-WA0172.jpg
IMG-20260813-WA0173.jpg,Tickets_Bookings,C:\Users\Priyanka\OneDrive\Desktop\Smart_Screenshot_Search_Engine\Tickets_Bookings\IMG-20260813-WA0173.jpg
IMG-20260813-WA0174.jpg,Tickets_Bookings,C:\Users\Priyanka\OneDrive\Desktop\Smart_Screenshot_Search_Engine\Tickets_Bookings\IMG-20260813-WA0174.jpg
IMG-20260813-WA0175.jpg,Tickets_Bookings,C:\Users\Priyanka\OneDrive\Desktop\Smart_Screenshot_Search_Engine\Tickets_Bookings\IMG-20260813-WA0175.jpg
IMG-20260813-WA0176.jpg,Tickets_Bookings,C:\Users\Priyanka\OneDrive\Desktop\Smart_Screenshot_Search_Engine\Tickets_Bookings\IMG-20260813-WA0176.jpg
IMG-20260813-WA0177.jpg,Tickets_Bookings,C:\Users\Priyanka\OneDrive\Desktop\Smart_Screenshot_Search_Engine\Tickets_Bookings\IMG-20260813-WA0177.jpg
IMG-20260813-WA0178.jpg,Tickets_Bookings,C:\Users\Priyanka\OneDrive\Desktop\Smart_Screenshot_Search_Engine\Tickets_Bookings\IMG-20260813-WA0178.jpg
IMG-20260813-WA0179.jpg,Tickets_Bookings,C:\Users\Priyanka\OneDrive\Desktop\Smart_Screenshot_Search_Engine\Tickets_Bookings\IMG-20260813-WA0179.jpg
IMG-20260813-WA0180.jpg,Tickets_Bookings,C:\Users\Priyanka\OneDrive\Desktop\Smart_Screenshot_Search_Engine\Tickets_Bookings\IMG-20260813-WA0180.jpg
IMG-20260813-WA0181.jpg,Tickets_Bookings,C:\Users\Priyanka\OneDrive\Desktop\Smart_Screenshot_Search_Engine\Tickets_Bookings\IMG-20260813-WA0181.jpg
IMG-20260813-WA0182.jpg,Tickets_Bookings,C:\Users\Priyanka\OneDrive\Desktop\Smart_Screenshot_Search_Engine\Tickets_Bookings\IMG-20260813-WA0182.jpg
IMG-20260813-WA0183.jpg,Tickets_Bookings,C:\Users\Priyanka\OneDrive\Desktop\Smart_Screenshot_Search_Engine\Tickets_Bookings\IMG-20260813-WA0183.jpg
IMG-20260813-WA0185.jpg,Tickets_Bookings,C:\Users\Priyanka\OneDrive\Desktop\Smart_Screenshot_Search_Engine\Tickets_Bookings\IMG-20260813-WA0185.jpg
IMG-20260813-WA0190.jpg,Tickets_Bookings,C:\Users\Priyanka\OneDrive\Desktop\Smart_Screenshot_Search_Engine\Tickets_Bookings\IMG-20260813-WA0190.jpg
IMG-20260813-WA0191.jpg,Tickets_Bookings,C:\Users\Priyanka\OneDrive\Desktop\Smart_Screenshot_Search_Engine\Tickets_Bookings\IMG-20260813-WA0191.jpg
IMG-20260813-WA0192.jpg,Tickets_Bookings,C:\Users\Priyanka\OneDrive\Desktop\Smart_Screenshot_Search_Engine\Tickets_Bookings\IMG-20260813-WA0192.jpg
IMG-20260813-WA0193.jpg,Tickets_Bookings,C:\Users\Priyanka\OneDrive\Desktop\Smart_Screenshot_Search_Engine\Tickets_Bookings\IMG-20260813-WA0193.jpg
IMG-20260813-WA0194.jpg,Tickets_Bookings,C:\Users\Priyanka\OneDrive\Desktop\Smart_Screenshot_Search_Engine\Tickets_Bookings\IMG-20260813-WA0194.jpg
IMG-20260813-WA0195.jpg,Tickets_Bookings,C:\Users\Priyanka\OneDrive\Desktop\Smart_Screenshot_Search_Engine\Tickets_Bookings\IMG-20260813-WA0195.jpg
IMG-20260813-WA0196.jpg,Tickets_Bookings,C:\Users\Priyanka\OneDrive\Desktop\Smart_Screenshot_Search_Engine\Tickets_Bookings\IMG-20260813-WA0196.jpg
IMG-20260813-WA0197.jpg,Tickets_Bookings,C:\Users\Priyanka\OneDrive\Desktop\Smart_Screenshot_Search_Engine\Tickets_Bookings\IMG-20260813-WA0197.jpg
IMG-20260813-WA0198.jpg,Tickets_Bookings,C:\Users\Priyanka\OneDrive\Desktop\Smart_Screenshot_Search_Engine\Tickets_Bookings\IMG-20260813-WA0198.jpg
IMG-20260813-WA0199.jpg,Tickets_Bookings,C:\Users\Priyanka\OneDrive\Desktop\Smart_Screenshot_Search_Engine\Tickets_Bookings\IMG-20260813-WA0199.jpg
IMG-20260813-WA0200.jpg,Tickets_Bookings,C:\Users\Priyanka\OneDrive\Desktop\Smart_Screenshot_Search_Engine\Tickets_Bookings\IMG-20260813-WA0200.jpg
IMG-20260813-WA0201.jpg,Tickets_Bookings,C:\Users\Priyanka\OneDrive\Desktop\Smart_Screenshot_Search_Engine\Tickets_Bookings\IMG-20260813-WA0201.jpg
IMG-20260813-WA0202.jpg,Tickets_Bookings,C:\Users\Priyanka\OneDrive\Desktop\Smart_Screenshot_Search_Engine\Tickets_Bookings\IMG-20260813-WA0202.jpg
IMG-20260813-WA0203.jpg,Tickets_Bookings,C:\Users\Priyanka\OneDrive\Desktop\Smart_Screenshot_Search_Engine\Tickets_Bookings\IMG-20260813-WA0203.jpg
IMG-20260813-WA0204.jpg,Tickets_Bookings,C:\Users\Priyanka\OneDrive\Desktop\Smart_Screenshot_Search_Engine\Tickets_Bookings\IMG-20260813-WA0204.jpg
IMG-20260813-WA0205.jpg,Tickets_Bookings,C:\Users\Priyanka\OneDrive\Desktop\Smart_Screenshot_Search_Engine\Tickets_Bookings\IMG-20260813-WA0205.jpg
IMG-20260813-WA0208.jpg,Tickets_Bookings,C:\Users\Priyanka\OneDrive\Desktop\Smart_Screenshot_Search_Engine\Tickets_Bookings\IMG-20260813-WA0208.jpg
IMG-20260813-WA0210.jpg,Tickets_Bookings,C:\Users\Priyanka\OneDrive\Desktop\Smart_Screenshot_Search_Engine\Tickets_Bookings\IMG-20260813-WA0210.jpg
IMG-20260813-WA0211.jpg,Tickets_Bookings,C:\Users\Priyanka\OneDrive\Desktop\Smart_Screenshot_Search_Engine\Tickets_Bookings\IMG-20260813-WA0211.jpg
IMG-20260813-WA0212.jpg,Tickets_Bookings,C:\Users\Priyanka\OneDrive\Desktop\Smart_Screenshot_Search_Engine\Tickets_Bookings\IMG-20260813-WA0212.jpg
IMG-20260813-WA0213.jpg,Tickets_Bookings,C:\Users\Priyanka\OneDrive\Desktop\Smart_Screenshot_Search_Engine\Tickets_Bookings\IMG-20260813-WA0213.jpg
IMG-20260813-WA0214.jpg,Tickets_Bookings,C:\Users\Priyanka\OneDrive\Desktop\Smart_Screenshot_Search_Engine\Tickets_Bookings\IMG-20260813-WA0214.jpg
IMG-20260813-WA0215.jpg,Tickets_Bookings,C:\Users\Priyanka\OneDrive\Desktop\Smart_Screenshot_Search_Engine\Tickets_Bookings\IMG-20260813-WA0215.jpg
IMG-20260813-WA0217.jpg,Tickets_Bookings,C:\Users\Priyanka\OneDrive\Desktop\Smart_Screenshot_Search_Engine\Tickets_Bookings\IMG-20260813-WA0217.jpg
IMG-20260813-WA0218.jpg,Tickets_Bookings,C:\Users\Priyanka\OneDrive\Desktop\Smart_Screenshot_Search_Engine\Tickets_Bookings\IMG-20260813-WA0218.jpg
IMG-20260813-WA0219.jpg,Tickets_Bookings,C:\Users\Priyanka\OneDrive\Desktop\Smart_Screenshot_Search_Engine\Tickets_Bookings\IMG-20260813-WA0219.jpg
IMG-20260813-WA0220.jpg,Tickets_Bookings,C:\Users\Priyanka\OneDrive\Desktop\Smart_Screenshot_Search_Engine\Tickets_Bookings\IMG-20260813-WA0220.jpg
IMG-20260813-WA0221.jpg,Tickets_Bookings,C:\Users\Priyanka\OneDrive\Desktop\Smart_Screenshot_Search_Engine\Tickets_Bookings\IMG-20260813-WA0221.jpg
IMG-20260813-WA0222.jpg,Tickets_Bookings,C:\Users\Priyanka\OneDrive\Desktop\Smart_Screenshot_Search_Engine\Tickets_Bookings\IMG-20260813-WA0222.jpg
IMG-20260813-WA0223.jpg,Tickets_Bookings,C:\Users\Priyanka\OneDrive\Desktop\Smart_Screenshot_Search_Engine\Tickets_Bookings\IMG-20260813-WA0223.jpg
IMG-20260813-WA0224.jpg,Tickets_Bookings,C:\Users\Priyanka\OneDrive\Desktop\Smart_Screenshot_Search_Engine\Tickets_Bookings\IMG-20260813-WA0224.jpg
IMG-20260813-WA0225.jpg,Tickets_Bookings,C:\Users\Priyanka\OneDrive\Desktop\Smart_Screenshot_Search_Engine\Tickets_Bookings\IMG-20260813-WA0225.jpg
IMG-20260813-WA0227.jpg,Tickets_Bookings,C:\Users\Priyanka\OneDrive\Desktop\Smart_Screenshot_Search_Engine\Tickets_Bookings\IMG-20260813-WA0227.jpg
IMG-20260813-WA0228.jpg,Tickets_Bookings,C:\Users\Priyanka\OneDrive\Desktop\Smart_Screenshot_Search_Engine\Tickets_Bookings\IMG-20260813-WA0228.jpg
IMG-20260813-WA0229.jpg,Tickets_Bookings,C:\Users\Priyanka\OneDrive\Desktop\Smart_Screenshot_Search_Engine\Tickets_Bookings\IMG-20260813-WA0229.jpg
IMG-20260813-WA0231.jpg,Tickets_Bookings,C:\Users\Priyanka\OneDrive\Desktop\Smart_Screenshot_Search_Engine\Tickets_Bookings\IMG-20260813-WA0231.jpg
IMG-20260813-WA0233.jpg,Tickets_Bookings,C:\Users\Priyanka\OneDrive\Desktop\Smart_Screenshot_Search_Engine\Tickets_Bookings\IMG-20260813-WA0233.jpg
IMG-20260813-WA0234.jpg,Tickets_Bookings,C:\Users\Priyanka\OneDrive\Desktop\Smart_Screenshot_Search_Engine\Tickets_Bookings\IMG-20260813-WA0234.jpg
IMG-20260813-WA0235.jpg,Tickets_Bookings,C:\Users\Priyanka\OneDrive\Desktop\Smart_Screenshot_Search_Engine\Tickets_Bookings\IMG-20260813-WA0235.jpg
IMG-20260813-WA0237.jpg,Tickets_Bookings,C:\Users\Priyanka\OneDrive\Desktop\Smart_Screenshot_Search_Engine\Tickets_Bookings\IMG-20260813-WA0237.jpg
IMG-20260813-WA0238.jpg,Tickets_Bookings,C:\Users\Priyanka\OneDrive\Desktop\Smart_Screenshot_Search_Engine\Tickets_Bookings\IMG-20260813-WA0238.jpg
IMG-20260813-WA0239.jpg,Tickets_Bookings,C:\Users\Priyanka\OneDrive\Desktop\Smart_Screenshot_Search_Engine\Tickets_Bookings\IMG-20260813-WA0239.jpg
IMG-20260813-WA0240.jpg,Tickets_Bookings,C:\Users\Priyanka\OneDrive\Desktop\Smart_Screenshot_Search_Engine\Tickets_Bookings\IMG-20260813-WA0240.jpg
IMG-20260813-WA0241.jpg,Tickets_Bookings,C:\Users\Priyanka\OneDrive\Desktop\Smart_Screenshot_Search_Engine\Tickets_Bookings\IMG-20260813-WA0241.jpg
IMG-20260813-WA0242.jpg,Tickets_Bookings,C:\Users\Priyanka\OneDrive\Desktop\Smart_Screenshot_Search_Engine\Tickets_Bookings\IMG-20260813-WA0242.jpg
IMG-20260813-WA0243.jpg,Tickets_Bookings,C:\Users\Priyanka\OneDrive\Desktop\Smart_Screenshot_Search_Engine\Tickets_Bookings\IMG-20260813-WA0243.jpg
IMG-20260813-WA0244.jpg,Tickets_Bookings,C:\Users\Priyanka\OneDrive\Desktop\Smart_Screenshot_Search_Engine\Tickets_Bookings\IMG-20260813-WA0244.jpg
IMG-20260813-WA0245.jpg,Tickets_Bookings,C:\Users\Priyanka\OneDrive\Desktop\Smart_Screenshot_Search_Engine\Tickets_Bookings\IMG-20260813-WA0245.jpg
IMG-20260813-WA0246.jpg,Tickets_Bookings,C:\Users\Priyanka\OneDrive\Desktop\Smart_Screenshot_Search_Engine\Tickets_Bookings\IMG-20260813-WA0246.jpg
IMG-20260813-WA0247.jpg,Tickets_Bookings,C:\Users\Priyanka\OneDrive\Desktop\Smart_Screenshot_Search_Engine\Tickets_Bookings\IMG-20260813-WA0247.jpg
IMG-20260813-WA0248.jpg,Tickets_Bookings,C:\Users\Priyanka\OneDrive\Desktop\Smart_Screenshot_Search_Engine\Tickets_Bookings\IMG-20260813-WA0248.jpg
IMG-20260813-WA0249.jpg,Tickets_Bookings,C:\Users\Priyanka\OneDrive\Desktop\Smart_Screenshot_Search_Engine\Tickets_Bookings\IMG-20260813-WA0249.jpg
IMG-20260813-WA0250.jpg,Tickets_Bookings,C:\Users\Priyanka\OneDrive\Desktop\Smart_Screenshot_Search_Engine\Tickets_Bookings\IMG-20260813-WA0250.jpg
IMG-20260813-WA0251.jpg,Tickets_Bookings,C:\Users\Priyanka\OneDrive\Desktop\Smart_Screenshot_Search_Engine\Tickets_Bookings\IMG-20260813-WA0251.jpg
IMG-20260813-WA0252.jpg,Tickets_Bookings,C:\Users\Priyanka\OneDrive\Desktop\Smart_Screenshot_Search_Engine\Tickets_Bookings\IMG-20260813-WA0252.jpg
IMG-20260813-WA0253.jpg,Tickets_Bookings,C:\Users\Priyanka\OneDrive\Desktop\Smart_Screenshot_Search_Engine\Tickets_Bookings\IMG-20260813-WA0253.jpg
IMG-20260813-WA0254.jpg,Tickets_Bookings,C:\Users\Priyanka\OneDrive\Desktop\Smart_Screenshot_Search_Engine\Tickets_Bookings\IMG-20260813-WA0254.jpg
IMG-20260813-WA0255.jpg,Tickets_Bookings,C:\Users\Priyanka\OneDrive\Desktop\Smart_Screenshot_Search_Engine\Tickets_Bookings\IMG-20260813-WA0255.jpg
IMG-20260813-WA0258.jpg,Tickets_Bookings,C:\Users\Priyanka\OneDrive\Desktop\Smart_Screenshot_Search_Engine\Tickets_Bookings\IMG-20260813-WA0258.jpg
IMG-20260813-WA0260.jpg,Tickets_Bookings,C:\Users\Priyanka\OneDrive\Desktop\Smart_Screenshot_Search_Engine\Tickets_Bookings\IMG-20260813-WA0260.jpg
IMG-20260813-WA0261.jpg,Tickets_Bookings,C:\Users\Priyanka\OneDrive\Desktop\Smart_Screenshot_Search_Engine\Tickets_Bookings\IMG-20260813-WA0261.jpg
IMG-20260813-WA0266.jpg,Tickets_Bookings,C:\Users\Priyanka\OneDrive\Desktop\Smart_Screenshot_Search_Engine\Tickets_Bookings\IMG-20260813-WA0266.jpg
IMG-20260813-WA0268.jpg,Tickets_Bookings,C:\Users\Priyanka\OneDrive\Desktop\Smart_Screenshot_Search_Engine\Tickets_Bookings\IMG-20260813-WA0268.jpg
IMG-20260813-WA0271.jpg,Tickets_Bookings,C:\Users\Priyanka\OneDrive\Desktop\Smart_Screenshot_Search_Engine\Tickets_Bookings\IMG-20260813-WA0271.jpg
IMG-20260813-WA0273.jpg,Tickets_Bookings,C:\Users\Priyanka\OneDrive\Desktop\Smart_Screenshot_Search_Engine\Tickets_Bookings\IMG-20260813-WA0273.jpg
IMG-20260813-WA0274.jpg,Tickets_Bookings,C:\Users\Priyanka\OneDrive\Desktop\Smart_Screenshot_Search_Engine\Tickets_Bookings\IMG-20260813-WA0274.jpg
IMG-20260813-WA0275.jpg,Tickets_Bookings,C:\Users\Priyanka\OneDrive\Desktop\Smart_Screenshot_Search_Engine\Tickets_Bookings\IMG-20260813-WA0275.jpg
IMG-20260813-WA0276.jpg,Tickets_Bookings,C:\Users\Priyanka\OneDrive\Desktop\Smart_Screenshot_Search_Engine\Tickets_Bookings\IMG-20260813-WA0276.jpg
IMG-20260813-WA0277.jpg,Tickets_Bookings,C:\Users\Priyanka\OneDrive\Desktop\Smart_Screenshot_Search_Engine\Tickets_Bookings\IMG-20260813-WA0277.jpg
IMG-20260813-WA0278.jpg,Tickets_Bookings,C:\Users\Priyanka\OneDrive\Desktop\Smart_Screenshot_Search_Engine\Tickets_Bookings\IMG-20260813-WA0278.jpg
IMG-20260813-WA0279.jpg,Tickets_Bookings,C:\Users\Priyanka\OneDrive\Desktop\Smart_Screenshot_Search_Engine\Tickets_Bookings\IMG-20260813-WA0279.jpg
IMG-20260813-WA0280.jpg,Tickets_Bookings,C:\Users\Priyanka\OneDrive\Desktop\Smart_Screenshot_Search_Engine\Tickets_Bookings\IMG-20260813-WA0280.jpg
IMG-20260813-WA0318.jpg,Tickets_Bookings,C:\Users\Priyanka\OneDrive\Desktop\Smart_Screenshot_Search_Engine\Tickets_Bookings\IMG-20260813-WA0318.jpg
IMG-20260813-WA0319.jpg,Tickets_Bookings,C:\Users\Priyanka\OneDrive\Desktop\Smart_Screenshot_Search_Engine\Tickets_Bookings\IMG-20260813-WA0319.jpg
IMG-20260813-WA0320.jpg,Tickets_Bookings,C:\Users\Priyanka\OneDrive\Desktop\Smart_Screenshot_Search_Engine\Tickets_Bookings\IMG-20260813-WA0320.jpg
IMG-20260813-WA0321.jpg,Tickets_Bookings,C:\Users\Priyanka\OneDrive\Desktop\Smart_Screenshot_Search_Engine\Tickets_Bookings\IMG-20260813-WA0321.jpg
IMG-20260813-WA0323.jpg,Tickets_Bookings,C:\Users\Priyanka\OneDrive\Desktop\Smart_Screenshot_Search_Engine\Tickets_Bookings\IMG-20260813-WA0323.jpg
IMG-20260813-WA0328.jpg,Tickets_Bookings,C:\Users\Priyanka\OneDrive\Desktop\Smart_Screenshot_Search_Engine\Tickets_Bookings\IMG-20260813-WA0328.jpg
IMG-20260813-WA0329.jpg,Tickets_Bookings,C:\Users\Priyanka\OneDrive\Desktop\Smart_Screenshot_Search_Engine\Tickets_Bookings\IMG-20260813-WA0329.jpg
IMG-20260813-WA0330.jpg,Tickets_Bookings,C:\Users\Priyanka\OneDrive\Desktop\Smart_Screenshot_Search_Engine\Tickets_Bookings\IMG-20260813-WA0330.jpg
IMG-20260813-WA0332.jpg,Tickets_Bookings,C:\Users\Priyanka\OneDrive\Desktop\Smart_Screenshot_Search_Engine\Tickets_Bookings\IMG-20260813-WA0332.jpg
IMG-20260813-WA0334.jpg,Tickets_Bookings,C:\Users\Priyanka\OneDrive\Desktop\Smart_Screenshot_Search_Engine\Tickets_Bookings\IMG-20260813-WA0334.jpg
IMG-20260813-WA0337.jpg,Tickets_Bookings,C:\Users\Priyanka\OneDrive\Desktop\Smart_Screenshot_Search_Engine\Tickets_Bookings\IMG-20260813-WA0337.jpg
IMG-20260813-WA0341.jpg,Tickets_Bookings,C:\Users\Priyanka\OneDrive\Desktop\Smart_Screenshot_Search_Engine\Tickets_Bookings\IMG-20260813-WA0341.jpg
IMG-20260813-WA0342.jpg,Tickets_Bookings,C:\Users\Priyanka\OneDrive\Desktop\Smart_Screenshot_Search_Engine\Tickets_Bookings\IMG-20260813-WA0342.jpg
IMG-20260813-WA0349.jpg,Tickets_Bookings,C:\Users\Priyanka\OneDrive\Desktop\Smart_Screenshot_Search_Engine\Tickets_Bookings\IMG-20260813-WA0349.jpg
IMG-20260813-WA0354.jpg,Tickets_Bookings,C:\Users\Priyanka\OneDrive\Desktop\Smart_Screenshot_Search_Engine\Tickets_Bookings\IMG-20260813-WA0354.jpg
IMG-20260813-WA0357.jpg,Tickets_Bookings,C:\Users\Priyanka\OneDrive\Desktop\Smart_Screenshot_Search_Engine\Tickets_Bookings\IMG-20260813-WA0357.jpg
IMG-20260813-WA0358.jpg,Tickets_Bookings,C:\Users\Priyanka\OneDrive\Desktop\Smart_Screenshot_Search_Engine\Tickets_Bookings\IMG-20260813-WA0358.jpg
IMG-20260813-WA0359.jpg,Tickets_Bookings,C:\Users\Priyanka\OneDrive\Desktop\Smart_Screenshot_Search_Engine\Tickets_Bookings\IMG-20260813-WA0359.jpg
IMG-20260813-WA0360.jpg,Tickets_Bookings,C:\Users\Priyanka\OneDrive\Desktop\Smart_Screenshot_Search_Engine\Tickets_Bookings\IMG-20260813-WA0360.jpg
IMG-20260813-WA0362.jpg,Tickets_Bookings,C:\Users\Priyanka\OneDrive\Desktop\Smart_Screenshot_Search_Engine\Tickets_Bookings\IMG-20260813-WA0362.jpg
IMG-20260813-WA0364.jpg,Tickets_Bookings,C:\Users\Priyanka\OneDrive\Desktop\Smart_Screenshot_Search_Engine\Tickets_Bookings\IMG-20260813-WA0364.jpg
IMG-20260813-WA0366.jpg,Tickets_Bookings,C:\Users\Priyanka\OneDrive\Desktop\Smart_Screenshot_Search_Engine\Tickets_Bookings\IMG-20260813-WA0366.jpg
IMG-20260813-WA0367.jpg,Tickets_Bookings,C:\Users\Priyanka\OneDrive\Desktop\Smart_Screenshot_Search_Engine\Tickets_Bookings\IMG-20260813-WA0367.jpg
IMG-20260813-WA0369.jpg,Tickets_Bookings,C:\Users\Priyanka\OneDrive\Desktop\Smart_Screenshot_Search_Engine\Tickets_Bookings\IMG-20260813-WA0369.jpg
IMG-20260813-WA0370.jpg,Tickets_Bookings,C:\Users\Priyanka\OneDrive\Desktop\Smart_Screenshot_Search_Engine\Tickets_Bookings\IMG-20260813-WA0370.jpg
IMG-20260813-WA0373.jpg,Tickets_Bookings,C:\Users\Priyanka\OneDrive\Desktop\Smart_Screenshot_Search_Engine\Tickets_Bookings\IMG-20260813-WA0373.jpg
IMG-20260813-WA0385.jpg,Tickets_Bookings,C:\Users\Priyanka\OneDrive\Desktop\Smart_Screenshot_Search_Engine\Tickets_Bookings\IMG-20260813-WA0385.jpg
IMG-20260813-WA0423.jpg,Tickets_Bookings,C:\Users\Priyanka\OneDrive\Desktop\Smart_Screenshot_Search_Engine\Tickets_Bookings\IMG-20260813-WA0423.jpg
IMG-20260813-WA0426.jpg,Tickets_Bookings,C:\Users\Priyanka\OneDrive\Desktop\Smart_Screenshot_Search_Engine\Tickets_Bookings\IMG-20260813-WA0426.jpg
IMG-20260813-WA0428.jpg,Tickets_Bookings,C:\Users\Priyanka\OneDrive\Desktop\Smart_Screenshot_Search_Engine\Tickets_Bookings\IMG-20260813-WA0428.jpg
IMG-20260813-WA0435.jpg,Tickets_Bookings,C:\Users\Priyanka\OneDrive\Desktop\Smart_Screenshot_Search_Engine\Tickets_Bookings\IMG-20260813-WA0435.jpg
IMG-20260813-WA0442.jpg,Tickets_Bookings,C:\Users\Priyanka\OneDrive\Desktop\Smart_Screenshot_Search_Engine\Tickets_Bookings\IMG-20260813-WA0442.jpg
IMG-20260813-WA0444.jpg,Tickets_Bookings,C:\Users\Priyanka\OneDrive\Desktop\Smart_Screenshot_Search_Engine\Tickets_Bookings\IMG-20260813-WA0444.jpg
IMG-20260813-WA0445.jpg,Tickets_Bookings,C:\Users\Priyanka\OneDrive\Desktop\Smart_Screenshot_Search_Engine\Tickets_Bookings\IMG-20260813-WA0445.jpg
IMG-20260813-WA0447.jpg,Tickets_Bookings,C:\Users\Priyanka\OneDrive\Desktop\Smart_Screenshot_Search_Engine\Tickets_Bookings\IMG-20260813-WA0447.jpg
IMG-20260813-WA0449.jpg,Tickets_Bookings,C:\Users\Priyanka\OneDrive\Desktop\Smart_Screenshot_Search_Engine\Tickets_Bookings\IMG-20260813-WA0449.jpg
IMG-20260813-WA0450.jpg,Tickets_Bookings,C:\Users\Priyanka\OneDrive\Desktop\Smart_Screenshot_Search_Engine\Tickets_Bookings\IMG-20260813-WA0450.jpg
IMG-20260813-WA0452.jpg,Tickets_Bookings,C:\Users\Priyanka\OneDrive\Desktop\Smart_Screenshot_Search_Engine\Tickets_Bookings\IMG-20260813-WA0452.jpg
IMG-20260813-WA0454.jpg,Tickets_Bookings,C:\Users\Priyanka\OneDrive\Desktop\Smart_Screenshot_Search_Engine\Tickets_Bookings\IMG-20260813-WA0454.jpg
IMG-20260813-WA0456.jpg,Tickets_Bookings,C:\Users\Priyanka\OneDrive\Desktop\Smart_Screenshot_Search_Engine\Tickets_Bookings\IMG-20260813-WA0456.jpg
IMG-20260813-WA0457.jpg,Tickets_Bookings,C:\Users\Priyanka\OneDrive\Desktop\Smart_Screenshot_Search_Engine\Tickets_Bookings\IMG-20260813-WA0457.jpg
IMG-20260813-WA0458.jpg,Tickets_Bookings,C:\Users\Priyanka\OneDrive\Desktop\Smart_Screenshot_Search_Engine\Tickets_Bookings\IMG-20260813-WA0458.jpg
IMG-20260813-WA0459.jpg,Tickets_Bookings,C:\Users\Priyanka\OneDrive\Desktop\Smart_Screenshot_Search_Engine\Tickets_Bookings\IMG-20260813-WA0459.jpg
IMG-20260813-WA0460.jpg,Tickets_Bookings,C:\Users\Priyanka\OneDrive\Desktop\Smart_Screenshot_Search_Engine\Tickets_Bookings\IMG-20260813-WA0460.jpg
IMG-20260813-WA0461.jpg,Tickets_Bookings,C:\Users\Priyanka\OneDrive\Desktop\Smart_Screenshot_Search_Engine\Tickets_Bookings\IMG-20260813-WA0461.jpg
IMG-20260813-WA0462.jpg,Tickets_Bookings,C:\Users\Priyanka\OneDrive\Desktop\Smart_Screenshot_Search_Engine\Tickets_Bookings\IMG-20260813-WA0462.jpg
IMG-20260813-WA0463.jpg,Tickets_Bookings,C:\Users\Priyanka\OneDrive\Desktop\Smart_Screenshot_Search_Engine\Tickets_Bookings\IMG-20260813-WA0463.jpg
IMG-20260813-WA0465.jpg,Tickets_Bookings,C:\Users\Priyanka\OneDrive\Desktop\Smart_Screenshot_Search_Engine\Tickets_Bookings\IMG-20260813-WA0465.jpg
IMG-20260813-WA0467.jpg,Tickets_Bookings,C:\Users\Priyanka\OneDrive\Desktop\Smart_Screenshot_Search_Engine\Tickets_Bookings\IMG-20260813-WA0467.jpg
IMG-20260813-WA0469.jpg,Tickets_Bookings,C:\Users\Priyanka\OneDrive\Desktop\Smart_Screenshot_Search_Engine\Tickets_Bookings\IMG-20260813-WA0469.jpg
IMG-20260813-WA0470.jpg,Tickets_Bookings,C:\Users\Priyanka\OneDrive\Desktop\Smart_Screenshot_Search_Engine\Tickets_Bookings\IMG-20260813-WA0470.jpg
IMG-20260813-WA0471.jpg,Tickets_Bookings,C:\Users\Priyanka\OneDrive\Desktop\Smart_Screenshot_Search_Engine\Tickets_Bookings\IMG-20260813-WA0471.jpg
IMG-20260813-WA0474.jpg,Tickets_Bookings,C:\Users\Priyanka\OneDrive\Desktop\Smart_Screenshot_Search_Engine\Tickets_Bookings\IMG-20260813-WA0474.jpg
IMG-20260813-WA0475.jpg,Tickets_Bookings,C:\Users\Priyanka\OneDrive\Desktop\Smart_Screenshot_Search_Engine\Tickets_Bookings\IMG-20260813-WA0475.jpg
IMG-20260813-WA0482.jpg,Tickets_Bookings,C:\Users\Priyanka\OneDrive\Desktop\Smart_Screenshot_Search_Engine\Tickets_Bookings\IMG-20260813-WA0482.jpg
IMG-20260813-WA0487.jpg,Tickets_Bookings,C:\Users\Priyanka\OneDrive\Desktop\Smart_Screenshot_Search_Engine\Tickets_Bookings\IMG-20260813-WA0487.jpg
IMG-20260813-WA0488.jpg,Tickets_Bookings,C:\Users\Priyanka\OneDrive\Desktop\Smart_Screenshot_Search_Engine\Tickets_Bookings\IMG-20260813-WA0488.jpg
IMG-20260813-WA0490.jpg,Tickets_Bookings,C:\Users\Priyanka\OneDrive\Desktop\Smart_Screenshot_Search_Engine\Tickets_Bookings\IMG-20260813-WA0490.jpg
IMG-20260813-WA0491.jpg,Tickets_Bookings,C:\Users\Priyanka\OneDrive\Desktop\Smart_Screenshot_Search_Engine\Tickets_Bookings\IMG-20260813-WA0491.jpg
IMG-20260813-WA0492.jpg,Tickets_Bookings,C:\Users\Priyanka\OneDrive\Desktop\Smart_Screenshot_Search_Engine\Tickets_Bookings\IMG-20260813-WA0492.jpg
IMG-20260813-WA0493.jpg,Tickets_Bookings,C:\Users\Priyanka\OneDrive\Desktop\Smart_Screenshot_Search_Engine\Tickets_Bookings\IMG-20260813-WA0493.jpg
IMG-20260813-WA0495.jpg,Tickets_Bookings,C:\Users\Priyanka\OneDrive\Desktop\Smart_Screenshot_Search_Engine\Tickets_Bookings\IMG-20260813-WA0495.jpg
IMG-20260813-WA0496.jpg,Tickets_Bookings,C:\Users\Priyanka\OneDrive\Desktop\Smart_Screenshot_Search_Engine\Tickets_Bookings\IMG-20260813-WA0496.jpg
IMG-20260813-WA0498.jpg,Tickets_Bookings,C:\Users\Priyanka\OneDrive\Desktop\Smart_Screenshot_Search_Engine\Tickets_Bookings\IMG-20260813-WA0498.jpg
IMG-20260813-WA0499.jpg,Tickets_Bookings,C:\Users\Priyanka\OneDrive\Desktop\Smart_Screenshot_Search_Engine\Tickets_Bookings\IMG-20260813-WA0499.jpg
IMG-20260813-WA0510.jpg,Tickets_Bookings,C:\Users\Priyanka\OneDrive\Desktop\Smart_Screenshot_Search_Engine\Tickets_Bookings\IMG-20260813-WA0510.jpg
IMG-20260813-WA0513.jpg,Tickets_Bookings,C:\Users\Priyanka\OneDrive\Desktop\Smart_Screenshot_Search_Engine\Tickets_Bookings\IMG-20260813-WA0513.jpg
IMG-20260813-WA0514.jpg,Tickets_Bookings,C:\Users\Priyanka\OneDrive\Desktop\Smart_Screenshot_Search_Engine\Tickets_Bookings\IMG-20260813-WA0514.jpg
IMG-20260813-WA0516.jpg,Tickets_Bookings,C:\Users\Priyanka\OneDrive\Desktop\Smart_Screenshot_Search_Engine\Tickets_Bookings\IMG-20260813-WA0516.jpg
IMG-20260813-WA0613.jpg,Tickets_Bookings,C:\Users\Priyanka\OneDrive\Desktop\Smart_Screenshot_Search_Engine\Tickets_Bookings\IMG-20260813-WA0613.jpg
IMG-20260813-WA0617.jpg,Tickets_Bookings,C:\Users\Priyanka\OneDrive\Desktop\Smart_Screenshot_Search_Engine\Tickets_Bookings\IMG-20260813-WA0617.jpg
IMG-20260813-WA0620.jpg,Tickets_Bookings,C:\Users\Priyanka\OneDrive\Desktop\Smart_Screenshot_Search_Engine\Tickets_Bookings\IMG-20260813-WA0620.jpg
IMG-20260813-WA0621.jpg,Tickets_Bookings,C:\Users\Priyanka\OneDrive\Desktop\Smart_Screenshot_Search_Engine\Tickets_Bookings\IMG-20260813-WA0621.jpg
IMG-20260813-WA0622.jpg,Tickets_Bookings,C:\Users\Priyanka\OneDrive\Desktop\Smart_Screenshot_Search_Engine\Tickets_Bookings\IMG-20260813-WA0622.jpg
IMG-20260813-WA0623.jpg,Tickets_Bookings,C:\Users\Priyanka\OneDrive\Desktop\Smart_Screenshot_Search_Engine\Tickets_Bookings\IMG-20260813-WA0623.jpg
IMG-20260813-WA0624.jpg,Tickets_Bookings,C:\Users\Priyanka\OneDrive\Desktop\Smart_Screenshot_Search_Engine\Tickets_Bookings\IMG-20260813-WA0624.jpg
IMG-20260813-WA0625.jpg,Tickets_Bookings,C:\Users\Priyanka\OneDrive\Desktop\Smart_Screenshot_Search_Engine\Tickets_Bookings\IMG-20260813-WA0625.jpg
IMG-20260813-WA0626.jpg,Tickets_Bookings,C:\Users\Priyanka\OneDrive\Desktop\Smart_Screenshot_Search_Engine\Tickets_Bookings\IMG-20260813-WA0626.jpg
IMG-20260813-WA0627.jpg,Tickets_Bookings,C:\Users\Priyanka\OneDrive\Desktop\Smart_Screenshot_Search_Engine\Tickets_Bookings\IMG-20260813-WA0627.jpg
IMG-20260813-WA0628.jpg,Tickets_Bookings,C:\Users\Priyanka\OneDrive\Desktop\Smart_Screenshot_Search_Engine\Tickets_Bookings\IMG-20260813-WA0628.jpg
IMG-20260813-WA0629.jpg,Tickets_Bookings,C:\Users\Priyanka\OneDrive\Desktop\Smart_Screenshot_Search_Engine\Tickets_Bookings\IMG-20260813-WA0629.jpg
IMG-20260813-WA0630.jpg,Tickets_Bookings,C:\Users\Priyanka\OneDrive\Desktop\Smart_Screenshot_Search_Engine\Tickets_Bookings\IMG-20260813-WA0630.jpg
IMG-20260813-WA0631.jpg,Tickets_Bookings,C:\Users\Priyanka\OneDrive\Desktop\Smart_Screenshot_Search_Engine\Tickets_Bookings\IMG-20260813-WA0631.jpg
IMG-20260813-WA0632.jpg,Tickets_Bookings,C:\Users\Priyanka\OneDrive\Desktop\Smart_Screenshot_Search_Engine\Tickets_Bookings\IMG-20260813-WA0632.jpg
IMG-20260813-WA0633.jpg,Tickets_Bookings,C:\Users\Priyanka\OneDrive\Desktop\Smart_Screenshot_Search_Engine\Tickets_Bookings\IMG-20260813-WA0633.jpg
IMG-20260813-WA0650.jpg,Tickets_Bookings,C:\Users\Priyanka\OneDrive\Desktop\Smart_Screenshot_Search_Engine\Tickets_Bookings\IMG-20260813-WA0650.jpg
IMG-20260813-WA0861.jpg,Tickets_Bookings,C:\Users\Priyanka\OneDrive\Desktop\Smart_Screenshot_Search_Engine\Tickets_Bookings\IMG-20260813-WA0861.jpg
IMG-20260813-WA0862.jpg,Tickets_Bookings,C:\Users\Priyanka\OneDrive\Desktop\Smart_Screenshot_Search_Engine\Tickets_Bookings\IMG-20260813-WA0862.jpg
IMG-20260813-WA0863.jpg,Tickets_Bookings,C:\Users\Priyanka\OneDrive\Desktop\Smart_Screenshot_Search_Engine\Tickets_Bookings\IMG-20260813-WA0863.jpg
IMG-20260813-WA0864.jpg,Tickets_Bookings,C:\Users\Priyanka\OneDrive\Desktop\Smart_Screenshot_Search_Engine\Tickets_Bookings\IMG-20260813-WA0864.jpg
IMG-20260813-WA0865.jpg,Tickets_Bookings,C:\Users\Priyanka\OneDrive\Desktop\Smart_Screenshot_Search_Engine\Tickets_Bookings\IMG-20260813-WA0865.jpg
IMG-20260813-WA0866.jpg,Tickets_Bookings,C:\Users\Priyanka\OneDrive\Desktop\Smart_Screenshot_Search_Engine\Tickets_Bookings\IMG-20260813-WA0866.jpg
IMG-20260813-WA0867.jpg,Tickets_Bookings,C:\Users\Priyanka\OneDrive\Desktop\Smart_Screenshot_Search_Engine\Tickets_Bookings\IMG-20260813-WA0867.jpg
IMG-20260813-WA0868.jpg,Tickets_Bookings,C:\Users\Priyanka\OneDrive\Desktop\Smart_Screenshot_Search_Engine\Tickets_Bookings\IMG-20260813-WA0868.jpg
IMG-20260813-WA0869.jpg,Tickets_Bookings,C:\Users\Priyanka\OneDrive\Desktop\Smart_Screenshot_Search_Engine\Tickets_Bookings\IMG-20260813-WA0869.jpg
IMG-20260813-WA0870.jpg,Tickets_Bookings,C:\Users\Priyanka\OneDrive\Desktop\Smart_Screenshot_Search_Engine\Tickets_Bookings\IMG-20260813-WA0870.jpg
IMG-20260813-WA0871.jpg,Tickets_Bookings,C:\Users\Priyanka\OneDrive\Desktop\Smart_Screenshot_Search_Engine\Tickets_Bookings\IMG-20260813-WA0871.jpg
IMG-20260813-WA0872.jpg,Tickets_Bookings,C:\Users\Priyanka\OneDrive\Desktop\Smart_Screenshot_Search_Engine\Tickets_Bookings\IMG-20260813-WA0872.jpg
IMG-20260813-WA0873.jpg,Tickets_Bookings,C:\Users\Priyanka\OneDrive\Desktop\Smart_Screenshot_Search_Engine\Tickets_Bookings\IMG-20260813-WA0873.jpg
IMG-20260813-WA0874.jpg,Tickets_Bookings,C:\Users\Priyanka\OneDrive\Desktop\Smart_Screenshot_Search_Engine\Tickets_Bookings\IMG-20260813-WA0874.jpg
IMG-20260813-WA0875.jpg,Tickets_Bookings,C:\Users\Priyanka\OneDrive\Desktop\Smart_Screenshot_Search_Engine\Tickets_Bookings\IMG-20260813-WA0875.jpg
IMG-20260813-WA0876.jpg,Tickets_Bookings,C:\Users\Priyanka\OneDrive\Desktop\Smart_Screenshot_Search_Engine\Tickets_Bookings\IMG-20260813-WA0876.jpg
IMG-20260813-WA0877.jpg,Tickets_Bookings,C:\Users\Priyanka\OneDrive\Desktop\Smart_Screenshot_Search_Engine\Tickets_Bookings\IMG-20260813-WA0877.jpg
IMG-20260813-WA0878.jpg,Tickets_Bookings,C:\Users\Priyanka\OneDrive\Desktop\Smart_Screenshot_Search_Engine\Tickets_Bookings\IMG-20260813-WA0878.jpg
IMG-20260813-WA0879.jpg,Tickets_Bookings,C:\Users\Priyanka\OneDrive\Desktop\Smart_Screenshot_Search_Engine\Tickets_Bookings\IMG-20260813-WA0879.jpg
IMG-20260813-WA0880.jpg,Tickets_Bookings,C:\Users\Priyanka\OneDrive\Desktop\Smart_Screenshot_Search_Engine\Tickets_Bookings\IMG-20260813-WA0880.jpg
IMG-20260813-WA0881.jpg,Tickets_Bookings,C:\Users\Priyanka\OneDrive\Desktop\Smart_Screenshot_Search_Engine\Tickets_Bookings\IMG-20260813-WA0881.jpg
IMG-20260813-WA0882.jpg,Tickets_Bookings,C:\Users\Priyanka\OneDrive\Desktop\Smart_Screenshot_Search_Engine\Tickets_Bookings\IMG-20260813-WA0882.jpg
IMG-20260813-WA0883.jpg,Tickets_Bookings,C:\Users\Priyanka\OneDrive\Desktop\Smart_Screenshot_Search_Engine\Tickets_Bookings\IMG-20260813-WA0883.jpg
IMG-20260813-WA0886.jpg,Tickets_Bookings,C:\Users\Priyanka\OneDrive\Desktop\Smart_Screenshot_Search_Engine\Tickets_Bookings\IMG-20260813-WA0886.jpg
